datetime,open,high,low,close,volume
2026-03-10T19:00:00+00:00,1.17068,1.17109,1.16982,1.1698600000000001,7250
2026-03-10T19:30:00+00:00,1.1698600000000001,1.17024,1.1689800000000001,1.16965,9637
2026-03-10T20:00:00+00:00,1.16965,1.16977,1.16902,1.1697,2973
2026-03-10T20:30:00+00:00,1.1697,1.16972,1.16902,1.16931,1839
2026-03-10T21:00:00+00:00,1.16931,1.16931,1.16879,1.16892,335.215975149767
2026-03-10T21:30:00+00:00,1.16892,1.1693500000000001,1.16892,1.1692500000000001,2252.1995685789766
2026-03-10T22:00:00+00:00,1.1692500000000001,1.16954,1.16884,1.16887,786
2026-03-10T22:30:00+00:00,1.16887,1.16897,1.16851,1.16871,963
2026-03-10T23:00:00+00:00,1.16871,1.16933,1.16871,1.16907,1555
2026-03-10T23:30:00+00:00,1.16907,1.16943,1.16905,1.16938,1166
2026-03-11T00:00:00+00:00,1.16938,1.17068,1.1688100000000001,1.1703700000000001,5887
2026-03-11T00:30:00+00:00,1.1703700000000001,1.17071,1.17,1.17002,3649
2026-03-11T01:00:00+00:00,1.17002,1.17079,1.16948,1.1707400000000001,4096
2026-03-11T01:30:00+00:00,1.1707400000000001,1.17104,1.17034,1.17092,3696
2026-03-11T02:00:00+00:00,1.17092,1.1711,1.17028,1.17028,2794
2026-03-11T02:30:00+00:00,1.17028,1.17116,1.1701,1.17082,2901
2026-03-11T03:00:00+00:00,1.17082,1.17118,1.17073,1.17078,2310
2026-03-11T03:30:00+00:00,1.17078,1.17141,1.17078,1.17127,2146
2026-03-11T04:00:00+00:00,1.17127,1.17144,1.17102,1.17143,2048
2026-03-11T04:30:00+00:00,1.17143,1.17175,1.17136,1.1716,1959
2026-03-11T05:00:00+00:00,1.1716,1.17184,1.17124,1.1713500000000001,2224
2026-03-11T05:30:00+00:00,1.1713500000000001,1.17179,1.17131,1.17153,2698
2026-03-11T06:00:00+00:00,1.17153,1.17233,1.17147,1.17181,3769
2026-03-11T06:30:00+00:00,1.17181,1.1722000000000001,1.17121,1.17156,3008
2026-03-11T07:00:00+00:00,1.17156,1.17277,1.1706,1.17124,8287
2026-03-11T07:30:00+00:00,1.17124,1.1713500000000001,1.1695900000000001,1.16993,6378
2026-03-11T08:00:00+00:00,1.16993,1.1703700000000001,1.169,1.1694,6358
2026-03-11T08:30:00+00:00,1.1694,1.1696,1.16829,1.16919,7792
2026-03-11T09:00:00+00:00,1.16919,1.1693200000000001,1.16696,1.16719,11494
2026-03-11T09:30:00+00:00,1.16719,1.1681000000000001,1.16696,1.1671500000000001,7192
2026-03-11T10:00:00+00:00,1.1671500000000001,1.16846,1.16704,1.16831,6606
2026-03-11T10:30:00+00:00,1.16831,1.16911,1.16815,1.16865,5246
2026-03-11T11:00:00+00:00,1.16865,1.169,1.16798,1.16816,4866
2026-03-11T11:30:00+00:00,1.16816,1.16889,1.1673900000000001,1.1674,6860
2026-03-11T12:00:00+00:00,1.1674,1.1681700000000002,1.1672200000000001,1.16801,7483
2026-03-11T12:30:00+00:00,1.16801,1.16846,1.1656900000000001,1.16619,12764
2026-03-11T13:00:00+00:00,1.16619,1.1671,1.16579,1.16674,9277
2026-03-11T13:30:00+00:00,1.16674,1.16727,1.16571,1.1671,9850
2026-03-11T14:00:00+00:00,1.1671,1.16919,1.1665100000000002,1.1672200000000001,24600
2026-03-11T14:30:00+00:00,1.1672200000000001,1.16764,1.16604,1.16613,10143
2026-03-11T15:00:00+00:00,1.16613,1.16635,1.16535,1.1653900000000001,7229
2026-03-11T15:30:00+00:00,1.1653900000000001,1.16557,1.16448,1.16456,6731
2026-03-11T16:00:00+00:00,1.16456,1.16544,1.16425,1.1649500000000002,7526
2026-03-11T16:30:00+00:00,1.1649500000000002,1.16558,1.16475,1.16503,4279
2026-03-11T17:00:00+00:00,1.16503,1.1655600000000002,1.16483,1.1654900000000001,4226
2026-03-11T17:30:00+00:00,1.1654900000000001,1.16557,1.1640300000000001,1.16506,8799
2026-03-11T18:00:00+00:00,1.16506,1.16533,1.1643400000000002,1.1651500000000001,4880
2026-03-11T18:30:00+00:00,1.1651500000000001,1.16537,1.16487,1.1651,3755
2026-03-11T19:00:00+00:00,1.1651,1.16523,1.16474,1.16493,2837
2026-03-11T19:30:00+00:00,1.16493,1.1655600000000002,1.1648800000000001,1.1652500000000001,2091
2026-03-11T20:00:00+00:00,1.1652500000000001,1.16528,1.1648800000000001,1.1649500000000002,1435
2026-03-11T20:30:00+00:00,1.1649500000000002,1.16506,1.16442,1.16462,1320
2026-03-11T21:00:00+00:00,1.16462,1.1647800000000001,1.16436,1.16439,482.69170261354986
2026-03-11T21:30:00+00:00,1.16439,1.1653200000000001,1.16439,1.1652400000000003,756.1774205952472
2026-03-11T22:00:00+00:00,1.1652400000000003,1.16535,1.1639200000000003,1.1640300000000001,1463
2026-03-11T22:30:00+00:00,1.1640300000000001,1.1640600000000003,1.1628800000000001,1.1629300000000002,2408
2026-03-11T23:00:00+00:00,1.1629300000000002,1.1633000000000002,1.1624300000000003,1.1624300000000003,2496
2026-03-11T23:30:00+00:00,1.1624300000000003,1.1624400000000001,1.1619000000000002,1.1622000000000001,2486
2026-03-12T00:00:00+00:00,1.1622000000000001,1.1622300000000003,1.1613300000000002,1.1618800000000002,4552
2026-03-12T00:30:00+00:00,1.1618800000000002,1.1629200000000002,1.1616700000000002,1.1625000000000003,3483
2026-03-12T01:00:00+00:00,1.1625000000000003,1.1632900000000002,1.1624700000000001,1.1632200000000001,3681
2026-03-12T01:30:00+00:00,1.1632200000000001,1.1634800000000003,1.1627800000000001,1.1630000000000003,2476
2026-03-12T02:00:00+00:00,1.1630000000000003,1.1633400000000003,1.1620300000000001,1.1620300000000001,2346
2026-03-12T02:30:00+00:00,1.1620300000000001,1.1621800000000002,1.1611600000000002,1.1618100000000002,3718
2026-03-12T03:00:00+00:00,1.1618100000000002,1.1619500000000003,1.1612400000000003,1.1614800000000003,2242
2026-03-12T03:30:00+00:00,1.1614800000000003,1.1619400000000002,1.1614400000000002,1.1617500000000003,1727
2026-03-12T04:00:00+00:00,1.1617500000000003,1.1619100000000002,1.1616100000000003,1.1618600000000001,1377
2026-03-12T04:30:00+00:00,1.1618600000000001,1.1618900000000003,1.1611200000000002,1.1612400000000003,1777
2026-03-12T05:00:00+00:00,1.1612400000000003,1.1623,1.1611900000000002,1.1620100000000002,4272
2026-03-12T05:30:00+00:00,1.1620100000000002,1.1624300000000003,1.1616000000000002,1.1618700000000002,2549
2026-03-12T06:00:00+00:00,1.1618700000000002,1.1628500000000002,1.1618600000000001,1.1626800000000002,3595
2026-03-12T06:30:00+00:00,1.1626800000000002,1.1630800000000001,1.1623900000000003,1.1627100000000001,2635
2026-03-12T07:00:00+00:00,1.1627100000000001,1.1632000000000002,1.1625500000000002,1.1629000000000003,3082
2026-03-12T07:30:00+00:00,1.1629000000000003,1.1630400000000003,1.1620700000000002,1.1630300000000002,4251
2026-03-12T08:00:00+00:00,1.1630300000000002,1.1635100000000003,1.1628000000000003,1.1628000000000003,5262
2026-03-12T08:30:00+00:00,1.1628000000000003,1.1629500000000002,1.1622600000000003,1.1626600000000002,4309
2026-03-12T09:00:00+00:00,1.1626600000000002,1.1635100000000003,1.1623800000000002,1.1634500000000003,3496
2026-03-12T09:30:00+00:00,1.1634500000000003,1.1640500000000003,1.1634300000000002,1.1638800000000002,4192
2026-03-12T10:00:00+00:00,1.1638800000000002,1.1642100000000002,1.1628600000000002,1.1628700000000003,3373
2026-03-12T10:30:00+00:00,1.1628700000000003,1.1637500000000003,1.1628700000000003,1.1637000000000002,4338
2026-03-12T11:00:00+00:00,1.1637000000000002,1.1640100000000002,1.1634300000000002,1.1638600000000001,3891
2026-03-12T11:30:00+00:00,1.1638600000000001,1.1645500000000002,1.1631700000000003,1.1635500000000003,5080
2026-03-12T12:00:00+00:00,1.1635500000000003,1.1636700000000002,1.1616200000000003,1.1619000000000002,5701
2026-03-12T12:30:00+00:00,1.1619000000000002,1.1619900000000003,1.1611900000000002,1.1618500000000003,5864
2026-03-12T13:00:00+00:00,1.1618500000000003,1.1629600000000002,1.1599400000000002,1.1615400000000002,10317
2026-03-12T13:30:00+00:00,1.1615400000000002,1.1618500000000003,1.1600300000000001,1.1605400000000001,10836
2026-03-12T14:00:00+00:00,1.1605400000000001,1.1612300000000002,1.1599300000000001,1.1599300000000001,10173
2026-03-12T14:30:00+00:00,1.1599300000000001,1.1610900000000002,1.1594800000000003,1.1599800000000002,10917
2026-03-12T15:00:00+00:00,1.1599800000000002,1.1601400000000002,1.1590200000000002,1.1599300000000001,9460
2026-03-12T15:30:00+00:00,1.1599300000000001,1.1607600000000002,1.1594900000000001,1.1601200000000003,13290
2026-03-12T16:00:00+00:00,1.1601200000000003,1.1611600000000002,1.1592900000000002,1.1599700000000002,9329
2026-03-12T16:30:00+00:00,1.1599700000000002,1.1606200000000002,1.1596200000000003,1.1601200000000003,8480
2026-03-12T17:00:00+00:00,1.1601200000000003,1.1611100000000003,1.1599000000000002,1.1604800000000002,7966
2026-03-12T17:30:00+00:00,1.1604800000000002,1.1606400000000001,1.1598500000000003,1.1601200000000003,5480
2026-03-12T18:00:00+00:00,1.1601200000000003,1.1603600000000003,1.1593500000000003,1.1593800000000003,4793
2026-03-12T18:30:00+00:00,1.1593800000000003,1.1595800000000003,1.1590500000000001,1.1591500000000001,3833
2026-03-12T19:00:00+00:00,1.1591500000000001,1.1596800000000003,1.1590100000000003,1.1594800000000003,4129
2026-03-12T19:30:00+00:00,1.1594800000000003,1.1597700000000002,1.1593400000000003,1.1594400000000002,3466
2026-03-12T20:00:00+00:00,1.1594400000000002,1.1595600000000001,1.1589300000000002,1.1589300000000002,1730
2026-03-12T20:30:00+00:00,1.1589300000000002,1.1595100000000003,1.1588800000000001,1.1590500000000001,1637
2026-03-12T21:00:00+00:00,1.1590500000000001,1.1591100000000003,1.1589000000000003,1.1589700000000003,318.1878962536023
2026-03-12T21:30:00+00:00,1.1589700000000003,1.1590600000000002,1.1589300000000002,1.1590400000000003,416
2026-03-12T22:00:00+00:00,1.1590400000000003,1.1597500000000003,1.1589700000000003,1.1597300000000001,1195
2026-03-12T22:30:00+00:00,1.1597300000000001,1.1600600000000003,1.1595600000000001,1.1598100000000002,1469
2026-03-12T23:00:00+00:00,1.1598100000000002,1.1599700000000002,1.1594300000000002,1.1595800000000003,1474
2026-03-12T23:30:00+00:00,1.1595800000000003,1.1601900000000003,1.1595500000000003,1.1600200000000003,1880
2026-03-13T00:00:00+00:00,1.1600200000000003,1.1607600000000002,1.1599700000000002,1.1605600000000003,3607
2026-03-13T00:30:00+00:00,1.1605600000000003,1.1605600000000003,1.1600400000000002,1.1602600000000003,2756
2026-03-13T01:00:00+00:00,1.1602600000000003,1.1608900000000002,1.1602500000000002,1.1604100000000002,2907
2026-03-13T01:30:00+00:00,1.1604100000000002,1.1604800000000002,1.1593600000000002,1.1595600000000001,2193
2026-03-13T02:00:00+00:00,1.1595600000000001,1.1601400000000002,1.1595500000000003,1.1595900000000001,2545
2026-03-13T02:30:00+00:00,1.1595900000000001,1.1598000000000002,1.1590300000000002,1.1592900000000002,2150
2026-03-13T03:00:00+00:00,1.1592900000000002,1.1594900000000001,1.1586400000000001,1.1586900000000002,2414
2026-03-13T03:30:00+00:00,1.1586900000000002,1.1589000000000003,1.1584000000000003,1.1588500000000002,2064
2026-03-13T04:00:00+00:00,1.1588500000000002,1.1588500000000002,1.1583100000000002,1.1583700000000001,1490
2026-03-13T04:30:00+00:00,1.1583700000000001,1.1583800000000002,1.1579300000000001,1.1582500000000002,2489
2026-03-13T05:00:00+00:00,1.1582500000000002,1.1583700000000001,1.1580000000000001,1.1583200000000002,1919
2026-03-13T05:30:00+00:00,1.1583200000000002,1.1585600000000003,1.1579200000000003,1.1580000000000001,1997
2026-03-13T06:00:00+00:00,1.1580000000000001,1.1582500000000002,1.1575900000000001,1.1576400000000002,2984
2026-03-13T06:30:00+00:00,1.1576400000000002,1.1577000000000002,1.1561400000000002,1.1561900000000003,4029
2026-03-13T07:00:00+00:00,1.1561900000000003,1.1562900000000003,1.1545800000000002,1.1551100000000003,6382
2026-03-13T07:30:00+00:00,1.1551100000000003,1.1553800000000003,1.1533400000000003,1.1537100000000002,6076
2026-03-13T08:00:00+00:00,1.1537100000000002,1.1538400000000002,1.1512300000000002,1.1516700000000002,8508
2026-03-13T08:30:00+00:00,1.1516700000000002,1.1531200000000001,1.1516500000000003,1.1524400000000001,6521
2026-03-13T09:00:00+00:00,1.1524400000000001,1.1538800000000002,1.1524400000000001,1.1538200000000003,7681
2026-03-13T09:30:00+00:00,1.1538200000000003,1.1540900000000003,1.1530100000000003,1.1532200000000001,5033
2026-03-13T10:00:00+00:00,1.1532200000000001,1.1544100000000002,1.1531700000000003,1.1534600000000002,4400
2026-03-13T10:30:00+00:00,1.1534600000000002,1.1551200000000001,1.1531200000000001,1.1537600000000001,6325
2026-03-13T11:00:00+00:00,1.1537600000000001,1.1548400000000003,1.1534700000000002,1.1545200000000002,7915
2026-03-13T11:30:00+00:00,1.1545200000000002,1.1550000000000002,1.1537500000000003,1.1547700000000003,6570
2026-03-13T12:00:00+00:00,1.1547700000000003,1.1553900000000001,1.1540300000000001,1.1548000000000003,6518
2026-03-13T12:30:00+00:00,1.1548000000000003,1.1567700000000003,1.1544200000000002,1.1557200000000003,10691
2026-03-13T13:00:00+00:00,1.1557200000000003,1.1563100000000002,1.1553000000000002,1.1556700000000002,8487
2026-03-13T13:30:00+00:00,1.1556700000000002,1.1569400000000003,1.1556600000000001,1.1558000000000002,8045
2026-03-13T14:00:00+00:00,1.1558000000000002,1.1558300000000001,1.1549000000000003,1.1555700000000002,9326
2026-03-13T14:30:00+00:00,1.1555700000000002,1.1564000000000003,1.1534800000000003,1.1536400000000002,9675
2026-03-13T15:00:00+00:00,1.1536400000000002,1.1540400000000002,1.1526100000000001,1.1528900000000002,8451
2026-03-13T15:30:00+00:00,1.1528900000000002,1.1531700000000003,1.1513700000000002,1.1522400000000002,11603
2026-03-13T16:00:00+00:00,1.1522400000000002,1.1529700000000003,1.1517700000000002,1.1518900000000003,9218
2026-03-13T16:30:00+00:00,1.1518900000000003,1.1525800000000002,1.1515400000000002,1.1521300000000003,6649
2026-03-13T17:00:00+00:00,1.1521300000000003,1.1523900000000002,1.1513100000000003,1.1523400000000001,5218
2026-03-13T17:30:00+00:00,1.1523400000000001,1.1525400000000001,1.1518900000000003,1.1521600000000003,5213
2026-03-13T18:00:00+00:00,1.1521600000000003,1.1522100000000002,1.1511100000000003,1.1515200000000003,4796
2026-03-13T18:30:00+00:00,1.1515200000000003,1.1519800000000002,1.15142,1.1515200000000003,4081
2026-03-13T19:00:00+00:00,1.1515200000000003,1.1516200000000003,1.1504000000000003,1.1504400000000001,3491
2026-03-13T19:30:00+00:00,1.1504400000000001,1.1507200000000002,1.1499400000000002,1.1501600000000003,2968
2026-03-13T20:00:00+00:00,1.1501600000000003,1.1502000000000001,1.1492400000000003,1.1493800000000003,2228
2026-03-13T20:30:00+00:00,1.1493800000000003,1.1495500000000003,1.1490300000000002,1.1493400000000003,2451
2026-03-15T21:00:00+00:00,1.1493400000000003,1.1494100000000003,1.14847,1.1490700000000003,576.8096271272202
2026-03-15T21:30:00+00:00,1.1490700000000003,1.1494000000000002,1.1487600000000002,1.1488600000000002,713
2026-03-15T22:00:00+00:00,1.1488600000000002,1.1505600000000002,1.1485300000000003,1.1487100000000001,2822
2026-03-15T22:30:00+00:00,1.1487100000000001,1.14969,1.1486500000000002,1.1496200000000003,3777
2026-03-15T23:00:00+00:00,1.1496200000000003,1.1500700000000001,1.1492300000000002,1.1495100000000003,3848
2026-03-15T23:30:00+00:00,1.1495100000000003,1.1502000000000001,1.1492400000000003,1.1501900000000003,2408
2026-03-16T00:00:00+00:00,1.1501900000000003,1.1516100000000002,1.1501500000000002,1.1515000000000002,4563
2026-03-16T00:30:00+00:00,1.1515000000000002,1.1521800000000002,1.1514000000000002,1.1521100000000002,3847
2026-03-16T01:00:00+00:00,1.1521100000000002,1.1522800000000002,1.1508300000000002,1.1508800000000001,4693
2026-03-16T01:30:00+00:00,1.1508800000000001,1.1515900000000001,1.1506100000000001,1.1515700000000002,3616
2026-03-16T02:00:00+00:00,1.1515700000000002,1.1516700000000002,1.1511300000000002,1.1515000000000002,3068
2026-03-16T02:30:00+00:00,1.1515000000000002,1.1517800000000002,1.1512100000000003,1.15142,2841
2026-03-16T03:00:00+00:00,1.15142,1.1518300000000001,1.1512100000000003,1.1516700000000002,2324
2026-03-16T03:30:00+00:00,1.1516700000000002,1.1520200000000003,1.1515800000000003,1.1517000000000002,1519
2026-03-16T04:00:00+00:00,1.1517000000000002,1.1517800000000002,1.1511600000000002,1.1512000000000002,1515
2026-03-16T04:30:00+00:00,1.1512000000000002,1.1512800000000003,1.1507700000000003,1.1507800000000001,1523
2026-03-16T05:00:00+00:00,1.1507800000000001,1.1509600000000002,1.15057,1.1505900000000002,1954
2026-03-16T05:30:00+00:00,1.1505900000000002,1.1506100000000001,1.1499500000000002,1.1501000000000001,2411
2026-03-16T06:00:00+00:00,1.1501000000000001,1.1502900000000003,1.1492300000000002,1.1494500000000003,3412
2026-03-16T06:30:00+00:00,1.1494500000000003,1.1498000000000002,1.1490500000000001,1.1498000000000002,2658
2026-03-16T07:00:00+00:00,1.1498000000000002,1.1501100000000002,1.1491100000000003,1.1493800000000003,3663
2026-03-16T07:30:00+00:00,1.1493800000000003,1.14942,1.1480600000000003,1.1492300000000002,4938
2026-03-16T08:00:00+00:00,1.1492300000000002,1.1510700000000003,1.1492300000000002,1.1508500000000002,6539
2026-03-16T08:30:00+00:00,1.1508500000000002,1.1511700000000002,1.1502400000000002,1.1511200000000001,5849
2026-03-16T09:00:00+00:00,1.1511200000000001,1.1515500000000003,1.15074,1.15135,4652
2026-03-16T09:30:00+00:00,1.15135,1.1518900000000003,1.1509400000000003,1.1516300000000002,4900
2026-03-16T10:00:00+00:00,1.1516300000000002,1.1544200000000002,1.1514100000000003,1.1541700000000001,6302
2026-03-16T10:30:00+00:00,1.1541700000000001,1.1543600000000003,1.1534000000000002,1.1541600000000003,4445
2026-03-16T11:00:00+00:00,1.1541600000000003,1.1547700000000003,1.1537200000000003,1.1540600000000003,4365
2026-03-16T11:30:00+00:00,1.1540600000000003,1.1553400000000003,1.15386,1.1545600000000003,5006
2026-03-16T12:00:00+00:00,1.1545600000000003,1.1551500000000001,1.1542600000000003,1.1547500000000002,4730
2026-03-16T12:30:00+00:00,1.1547500000000002,1.1554200000000001,1.15386,1.1540100000000002,5815
2026-03-16T13:00:00+00:00,1.1540100000000002,1.1549600000000002,1.1540100000000002,1.1548200000000002,4818
2026-03-16T13:30:00+00:00,1.1548200000000002,1.1567200000000002,1.1547500000000002,1.1566500000000002,7115
2026-03-16T14:00:00+00:00,1.1566500000000002,1.1568500000000002,1.15586,1.1561700000000001,7686
2026-03-16T14:30:00+00:00,1.1561700000000001,1.1561700000000001,1.1546700000000003,1.1555100000000003,6908
2026-03-16T15:00:00+00:00,1.1555100000000003,1.1565000000000003,1.1554600000000002,1.1558700000000002,4265
2026-03-16T15:30:00+00:00,1.1558700000000002,1.1566600000000002,1.1546900000000002,1.1553200000000001,5548
2026-03-16T16:00:00+00:00,1.1553200000000001,1.1559900000000003,1.1544600000000003,1.1545600000000003,5847
2026-03-16T16:30:00+00:00,1.1545600000000003,1.1565600000000003,1.1544100000000002,1.1559900000000003,5457
2026-03-16T17:00:00+00:00,1.1559900000000003,1.15701,1.1559400000000002,1.1563700000000001,7066
2026-03-16T17:30:00+00:00,1.1563700000000001,1.1565300000000003,1.1557000000000002,1.1558500000000003,4050
2026-03-16T18:00:00+00:00,1.1558500000000003,1.1588800000000001,1.1558400000000002,1.15874,5419
2026-03-16T18:30:00+00:00,1.15874,1.15901,1.1583200000000002,1.1585000000000003,3521
2026-03-16T19:00:00+00:00,1.1585000000000003,1.1591300000000002,1.1581600000000003,1.1584400000000001,4450
2026-03-16T19:30:00+00:00,1.1584400000000001,1.15874,1.1572500000000001,1.1574200000000001,4718
2026-03-16T20:00:00+00:00,1.1574200000000001,1.1576800000000003,1.1569500000000001,1.1572800000000003,1761
2026-03-16T20:30:00+00:00,1.1572800000000003,1.1573800000000003,1.15701,1.1571000000000002,1934
2026-03-16T21:00:00+00:00,1.1571000000000002,1.1573100000000003,1.1568400000000003,1.1572000000000005,646.5231553665247
2026-03-16T21:30:00+00:00,1.1572000000000005,1.1573700000000002,1.1571100000000003,1.1571400000000003,479.25896202034653
2026-03-16T22:00:00+00:00,1.1571400000000003,1.1572500000000003,1.1568700000000003,1.1569300000000002,736
2026-03-16T22:30:00+00:00,1.1569300000000002,1.1569300000000002,1.1564400000000004,1.1565300000000003,1002
2026-03-16T23:00:00+00:00,1.1565300000000003,1.1565900000000002,1.1561300000000003,1.1563000000000003,1190
2026-03-16T23:30:00+00:00,1.1563000000000003,1.1566200000000002,1.1562600000000003,1.1564600000000003,1383
2026-03-17T00:00:00+00:00,1.1564600000000003,1.1564800000000002,1.1555900000000003,1.1556500000000003,2197
2026-03-17T00:30:00+00:00,1.1556500000000003,1.1560700000000004,1.1555600000000004,1.1559000000000004,3397
2026-03-17T01:00:00+00:00,1.1559000000000004,1.1562000000000003,1.1553700000000002,1.1555300000000002,3571
2026-03-17T01:30:00+00:00,1.1555300000000002,1.1560200000000003,1.1553000000000002,1.1559400000000002,2777
2026-03-17T02:00:00+00:00,1.1559400000000002,1.1563100000000002,1.1557500000000003,1.1561600000000003,1819
2026-03-17T02:30:00+00:00,1.1561600000000003,1.1565100000000004,1.1561100000000002,1.1561500000000002,1309
2026-03-17T03:00:00+00:00,1.1561500000000002,1.1567600000000002,1.1560000000000004,1.1567600000000002,1422
2026-03-17T03:30:00+00:00,1.1567600000000002,1.1569400000000003,1.1558200000000003,1.1558200000000003,3463
2026-03-17T04:00:00+00:00,1.1558200000000003,1.1559700000000002,1.1555800000000003,1.1557900000000003,946
2026-03-17T04:30:00+00:00,1.1557900000000003,1.1566400000000003,1.1557900000000003,1.1563600000000003,1119
2026-03-17T05:00:00+00:00,1.1563600000000003,1.1565600000000003,1.1560400000000002,1.1561900000000003,2203
2026-03-17T05:30:00+00:00,1.1561900000000003,1.1562200000000002,1.1544600000000003,1.1545800000000002,2808
2026-03-17T06:00:00+00:00,1.1545800000000002,1.1547000000000003,1.1532400000000003,1.1541700000000004,4797
2026-03-17T06:30:00+00:00,1.1541700000000004,1.1548100000000003,1.1541100000000002,1.1548100000000003,2533
2026-03-17T07:00:00+00:00,1.1548100000000003,1.1562400000000002,1.1546200000000002,1.1560000000000004,3518
2026-03-17T07:30:00+00:00,1.1560000000000004,1.1566700000000003,1.1557800000000003,1.1561400000000002,3642
2026-03-17T08:00:00+00:00,1.1561400000000002,1.1566300000000003,1.1554100000000003,1.1565900000000002,5419
2026-03-17T08:30:00+00:00,1.1565900000000002,1.1584400000000004,1.1557200000000003,1.1576900000000003,5955
2026-03-17T09:00:00+00:00,1.1576900000000003,1.1591200000000004,1.1574500000000003,1.1588500000000002,5084
2026-03-17T09:30:00+00:00,1.1588500000000002,1.1590400000000003,1.1574800000000003,1.1582800000000002,3868
2026-03-17T10:00:00+00:00,1.1582800000000002,1.1582800000000002,1.1570400000000003,1.1577300000000004,4690
2026-03-17T10:30:00+00:00,1.1577300000000004,1.1579000000000004,1.1571700000000003,1.1572700000000002,3433
2026-03-17T11:00:00+00:00,1.1572700000000002,1.1585000000000003,1.1571200000000004,1.1580400000000002,3448
2026-03-17T11:30:00+00:00,1.1580400000000002,1.1583100000000002,1.1573000000000002,1.1574000000000002,4244
2026-03-17T12:00:00+00:00,1.1574000000000002,1.1589700000000003,1.1570900000000002,1.1578800000000002,5762
2026-03-17T12:30:00+00:00,1.1578800000000002,1.1591100000000003,1.1578700000000002,1.1590600000000002,4889
2026-03-17T13:00:00+00:00,1.1590600000000002,1.1610000000000003,1.1590600000000002,1.1601100000000002,8963
2026-03-17T13:30:00+00:00,1.1601100000000002,1.1607500000000004,1.1594200000000003,1.1596200000000003,7277
2026-03-17T14:00:00+00:00,1.1596200000000003,1.1603100000000004,1.1586500000000004,1.1590300000000002,6038
2026-03-17T14:30:00+00:00,1.1590300000000002,1.1604500000000004,1.1587700000000003,1.1599100000000002,5405
2026-03-17T15:00:00+00:00,1.1599100000000002,1.1604600000000003,1.1590000000000003,1.1592700000000002,6704
2026-03-17T15:30:00+00:00,1.1592700000000002,1.1596200000000003,1.1586500000000004,1.1590800000000003,7527
2026-03-17T16:00:00+00:00,1.1590800000000003,1.1597000000000004,1.1584100000000004,1.1595100000000003,6712
2026-03-17T16:30:00+00:00,1.1595100000000003,1.1598800000000002,1.1592500000000003,1.1593900000000004,4641
2026-03-17T17:00:00+00:00,1.1593900000000004,1.1598800000000002,1.1592400000000003,1.1598700000000004,3759
2026-03-17T17:30:00+00:00,1.1598700000000004,1.1606000000000003,1.1597500000000003,1.1605600000000003,3260
2026-03-17T18:00:00+00:00,1.1605600000000003,1.1613100000000003,1.1605500000000004,1.1608900000000004,3093
2026-03-17T18:30:00+00:00,1.1608900000000004,1.1609100000000003,1.1604300000000003,1.1605000000000003,2576
2026-03-17T19:00:00+00:00,1.1605000000000003,1.1607000000000003,1.1603300000000003,1.1604000000000003,1819
2026-03-17T19:30:00+00:00,1.1604000000000003,1.1604500000000004,1.1599800000000002,1.1601400000000004,1570
2026-03-17T20:00:00+00:00,1.1601400000000004,1.1606000000000003,1.1600900000000003,1.1602400000000004,976
2026-03-17T20:30:00+00:00,1.1602400000000004,1.1607700000000003,1.1602400000000004,1.1605500000000004,1355
2026-03-17T21:00:00+00:00,1.1605500000000004,1.1605500000000004,1.1599600000000003,1.1602900000000003,378
2026-03-17T21:30:00+00:00,1.1602900000000003,1.1603200000000002,1.1600500000000002,1.1600600000000003,1028
2026-03-17T22:00:00+00:00,1.1600600000000003,1.1610500000000004,1.1600600000000003,1.1608000000000003,1031
2026-03-17T22:30:00+00:00,1.1608000000000003,1.1608100000000003,1.1604900000000002,1.1605100000000004,1124
2026-03-17T23:00:00+00:00,1.1605100000000004,1.1605700000000003,1.1602700000000004,1.1604900000000002,2541
2026-03-17T23:30:00+00:00,1.1604900000000002,1.1606900000000002,1.1604200000000002,1.1604700000000003,4299
2026-03-18T00:00:00+00:00,1.1604700000000003,1.1609600000000002,1.1602100000000004,1.1602800000000002,4545
2026-03-18T00:30:00+00:00,1.1602800000000002,1.1604500000000002,1.1597100000000002,1.1597700000000004,3233
2026-03-18T01:00:00+00:00,1.1597700000000004,1.1605200000000002,1.1597600000000003,1.1599600000000003,2196
2026-03-18T01:30:00+00:00,1.1599600000000003,1.1602300000000003,1.1597200000000003,1.1599100000000002,1997
2026-03-18T02:00:00+00:00,1.1599100000000002,1.1601000000000004,1.1597700000000004,1.1600800000000002,1332
2026-03-18T02:30:00+00:00,1.1600800000000002,1.1603300000000003,1.1597200000000003,1.1597700000000004,1554
2026-03-18T03:00:00+00:00,1.1597700000000004,1.1599000000000004,1.1597300000000004,1.1597800000000003,1104
2026-03-18T03:30:00+00:00,1.1597800000000003,1.1601900000000003,1.1597600000000003,1.1601200000000003,1058
2026-03-18T04:00:00+00:00,1.1601200000000003,1.1604900000000002,1.1601200000000003,1.1603700000000003,1231
2026-03-18T04:30:00+00:00,1.1603700000000003,1.1607700000000003,1.1603700000000003,1.1606900000000002,1173
2026-03-18T05:00:00+00:00,1.1606900000000002,1.1609100000000003,1.1605300000000003,1.1607300000000003,1413
2026-03-18T05:30:00+00:00,1.1607300000000003,1.1612000000000002,1.1607100000000004,1.1610700000000003,1622
2026-03-18T06:00:00+00:00,1.1610700000000003,1.1614400000000002,1.1609700000000003,1.1613900000000004,1964
2026-03-18T06:30:00+00:00,1.1613900000000004,1.1613900000000004,1.1604500000000002,1.1607400000000003,1703
2026-03-18T07:00:00+00:00,1.1607400000000003,1.1610800000000003,1.1601100000000002,1.1602600000000003,2543
2026-03-18T07:30:00+00:00,1.1602600000000003,1.1602800000000002,1.1588500000000004,1.1591600000000004,2848
2026-03-18T08:00:00+00:00,1.1591600000000004,1.1595500000000003,1.1583100000000004,1.1585900000000002,4080
2026-03-18T08:30:00+00:00,1.1585900000000002,1.1599400000000002,1.1585500000000004,1.1597500000000003,3671
2026-03-18T09:00:00+00:00,1.1597500000000003,1.1600600000000003,1.1590500000000004,1.1600100000000002,3401
2026-03-18T09:30:00+00:00,1.1600100000000002,1.1604500000000002,1.1598000000000004,1.1603600000000003,2335
2026-03-18T10:00:00+00:00,1.1603600000000003,1.1608900000000002,1.1601800000000002,1.1601900000000003,2280
2026-03-18T10:30:00+00:00,1.1601900000000003,1.1607400000000003,1.1598900000000003,1.1604900000000002,2845
2026-03-18T11:00:00+00:00,1.1604900000000002,1.1620400000000004,1.1597200000000003,1.1597200000000003,4924
2026-03-18T11:30:00+00:00,1.1597200000000003,1.1614700000000002,1.1595300000000004,1.1611800000000003,6249
2026-03-18T12:00:00+00:00,1.1611800000000003,1.1613100000000003,1.1589400000000003,1.1589900000000004,8870
2026-03-18T12:30:00+00:00,1.1589900000000004,1.1594200000000003,1.1570700000000003,1.1572500000000003,11869
2026-03-18T13:00:00+00:00,1.1572500000000003,1.1573900000000004,1.1555900000000003,1.1572100000000003,11215
2026-03-18T13:30:00+00:00,1.1572100000000003,1.1580800000000002,1.1566800000000004,1.1580100000000002,9120
2026-03-18T14:00:00+00:00,1.1580100000000002,1.1592500000000003,1.1569400000000003,1.1573000000000002,10076
2026-03-18T14:30:00+00:00,1.1573000000000002,1.1582400000000004,1.1572300000000002,1.1581700000000004,8075
2026-03-18T15:00:00+00:00,1.1581700000000004,1.1594800000000003,1.1581300000000003,1.1585000000000003,8270
2026-03-18T15:30:00+00:00,1.1585000000000003,1.1592000000000002,1.1576700000000002,1.1578000000000004,6749
2026-03-18T16:00:00+00:00,1.1578000000000004,1.1587400000000003,1.1576400000000002,1.1584100000000004,5719
2026-03-18T16:30:00+00:00,1.1584100000000004,1.1584100000000004,1.1572100000000003,1.1575900000000003,4769
2026-03-18T17:00:00+00:00,1.1575900000000003,1.1577200000000003,1.1567800000000004,1.1571900000000004,4208
2026-03-18T17:30:00+00:00,1.1571900000000004,1.1581800000000002,1.1569700000000003,1.1581100000000002,4696
2026-03-18T18:00:00+00:00,1.1581100000000002,1.1590100000000003,1.1568000000000003,1.1575000000000002,9230
2026-03-18T18:30:00+00:00,1.1575000000000002,1.1577100000000002,1.1542300000000003,1.1542500000000002,12779
2026-03-18T19:00:00+00:00,1.1542500000000002,1.1547600000000002,1.1535600000000004,1.1539100000000002,7744
2026-03-18T19:30:00+00:00,1.1539100000000002,1.1546300000000003,1.1533700000000002,1.1534600000000004,5377
2026-03-18T20:00:00+00:00,1.1534600000000004,1.1535600000000004,1.1517200000000003,1.1518300000000004,3246
2026-03-18T20:30:00+00:00,1.1518300000000004,1.1521600000000003,1.1515100000000003,1.1516900000000003,2900
2026-03-18T21:00:00+00:00,1.1516900000000003,1.1530800000000003,1.1514900000000003,1.1529100000000003,562
2026-03-18T21:30:00+00:00,1.1529100000000003,1.1535400000000002,1.1527800000000004,1.1529000000000003,639
2026-03-18T22:00:00+00:00,1.1529000000000003,1.1529900000000004,1.1516100000000002,1.1518000000000004,2529
2026-03-18T22:30:00+00:00,1.1518000000000004,1.1523900000000002,1.1516500000000003,1.1522000000000003,1651
2026-03-18T23:00:00+00:00,1.1522000000000003,1.1527800000000004,1.1520500000000002,1.1527500000000004,2206
2026-03-18T23:30:00+00:00,1.1527500000000004,1.1531000000000002,1.1522600000000003,1.1528600000000002,3517
2026-03-19T00:00:00+00:00,1.1528600000000002,1.1534700000000002,1.1527400000000003,1.1534100000000003,3569
2026-03-19T00:30:00+00:00,1.1534100000000003,1.1539400000000004,1.1531400000000003,1.1539100000000002,3832
2026-03-19T01:00:00+00:00,1.1539100000000002,1.1545000000000003,1.1538400000000002,1.1544500000000002,3358
2026-03-19T01:30:00+00:00,1.1544500000000002,1.1548700000000003,1.1541300000000003,1.1541400000000004,2981
2026-03-19T02:00:00+00:00,1.1541400000000004,1.1556500000000003,1.1537000000000004,1.1555200000000003,5318
2026-03-19T02:30:00+00:00,1.1555200000000003,1.1555600000000004,1.1546600000000002,1.1547200000000004,3157
2026-03-19T03:00:00+00:00,1.1547200000000004,1.1548600000000002,1.1543800000000004,1.1544500000000002,2478
2026-03-19T03:30:00+00:00,1.1544500000000002,1.1544500000000002,1.1539800000000002,1.1539900000000003,1833
2026-03-19T04:00:00+00:00,1.1539900000000003,1.1540100000000002,1.1535500000000003,1.1536300000000004,1591
2026-03-19T04:30:00+00:00,1.1536300000000004,1.1537900000000003,1.1532100000000003,1.1534100000000003,1619
2026-03-19T05:00:00+00:00,1.1534100000000003,1.1536100000000002,1.1532700000000002,1.1534600000000004,1520
2026-03-19T05:30:00+00:00,1.1534600000000004,1.1536100000000002,1.1528600000000002,1.1530900000000004,2901
2026-03-19T06:00:00+00:00,1.1530900000000004,1.1541900000000003,1.1528600000000002,1.1534100000000003,2774
2026-03-19T06:30:00+00:00,1.1534100000000003,1.1534100000000003,1.1526200000000002,1.1530500000000004,4488
2026-03-19T07:00:00+00:00,1.1530500000000004,1.1540400000000004,1.1517900000000003,1.1530200000000004,9570
2026-03-19T07:30:00+00:00,1.1530200000000004,1.1533100000000003,1.1516000000000004,1.1517700000000004,6493
2026-03-19T08:00:00+00:00,1.1517700000000004,1.1524100000000004,1.1509000000000003,1.1516800000000003,8797
2026-03-19T08:30:00+00:00,1.1516800000000003,1.1523900000000002,1.1508100000000003,1.1516100000000002,9122
2026-03-19T09:00:00+00:00,1.1516100000000002,1.1544700000000003,1.1516100000000002,1.1526200000000002,11938
2026-03-19T09:30:00+00:00,1.1526200000000002,1.1553000000000002,1.1525300000000003,1.1545400000000003,14960
2026-03-19T10:00:00+00:00,1.1545400000000003,1.1545400000000003,1.1531700000000003,1.1534800000000003,7385
2026-03-19T10:30:00+00:00,1.1534800000000003,1.1543000000000003,1.1531900000000004,1.1539000000000004,5223
2026-03-19T11:00:00+00:00,1.1539000000000004,1.1546500000000004,1.1530900000000004,1.1536900000000003,5630
2026-03-19T11:30:00+00:00,1.1536900000000003,1.1544800000000004,1.1532600000000004,1.1544800000000004,4989
2026-03-19T12:00:00+00:00,1.1544800000000004,1.1548600000000002,1.1528600000000002,1.1530800000000003,10801
2026-03-19T12:30:00+00:00,1.1530800000000003,1.1555000000000002,1.1527900000000002,1.1552300000000002,12845
2026-03-19T13:00:00+00:00,1.1552300000000002,1.1569600000000002,1.1542600000000003,1.1546700000000003,16578
2026-03-19T13:30:00+00:00,1.1546700000000003,1.1592000000000002,1.1534600000000004,1.1582900000000003,24735
2026-03-19T14:00:00+00:00,1.1582900000000003,1.1593000000000002,1.1565800000000004,1.1569500000000004,20795
2026-03-19T14:30:00+00:00,1.1569500000000004,1.1587000000000003,1.1567400000000003,1.1581500000000002,12402
2026-03-19T15:00:00+00:00,1.1581500000000002,1.1603900000000003,1.1571300000000002,1.1576000000000004,10526
2026-03-19T15:30:00+00:00,1.1576000000000004,1.1583000000000003,1.1563700000000003,1.1579400000000004,12347
2026-03-19T16:00:00+00:00,1.1579400000000004,1.1602700000000004,1.1577100000000002,1.1598600000000003,14585
2026-03-19T16:30:00+00:00,1.1598600000000003,1.1601900000000003,1.1589000000000003,1.1600900000000003,8628
2026-03-19T17:00:00+00:00,1.1600900000000003,1.1625200000000002,1.1600900000000003,1.1622500000000002,8216
2026-03-19T17:30:00+00:00,1.1622500000000002,1.1632600000000004,1.1619000000000004,1.1625300000000003,5916
2026-03-19T18:00:00+00:00,1.1625300000000003,1.1625700000000003,1.1616500000000003,1.1625400000000004,7530
2026-03-19T18:30:00+00:00,1.1625400000000004,1.1649300000000002,1.1618500000000003,1.1648900000000002,4754
2026-03-19T19:00:00+00:00,1.1648900000000002,1.1681400000000004,1.1647800000000004,1.1653900000000004,21452
2026-03-19T19:30:00+00:00,1.1653900000000004,1.1656000000000004,1.1642400000000004,1.1649900000000004,9350
2026-03-19T20:00:00+00:00,1.1649900000000004,1.1654300000000004,1.1645600000000003,1.1653700000000002,2821
2026-03-19T20:30:00+00:00,1.1653700000000002,1.1655300000000004,1.1649700000000003,1.1653500000000003,1693
2026-03-19T21:00:00+00:00,1.1653500000000003,1.1653600000000004,1.1649500000000004,1.1650100000000003,277.1983519856448
2026-03-19T21:30:00+00:00,1.1650100000000003,1.1651500000000004,1.1645200000000002,1.1646300000000003,736
2026-03-19T22:00:00+00:00,1.1646300000000003,1.1660100000000002,1.1646300000000003,1.1649100000000003,1850
2026-03-19T22:30:00+00:00,1.1649100000000003,1.1649300000000002,1.1642700000000004,1.1643400000000004,1925
2026-03-19T23:00:00+00:00,1.1643400000000004,1.1646800000000004,1.1640500000000003,1.1641800000000002,2495
2026-03-19T23:30:00+00:00,1.1641800000000002,1.1643800000000002,1.1639600000000003,1.1641700000000004,2176
2026-03-20T00:00:00+00:00,1.1641700000000004,1.1645100000000004,1.1637700000000002,1.1639000000000004,3251
2026-03-20T00:30:00+00:00,1.1639000000000004,1.1639500000000003,1.1636200000000003,1.1639000000000004,2861
2026-03-20T01:00:00+00:00,1.1639000000000004,1.1642200000000003,1.1633800000000003,1.1634700000000002,3888
2026-03-20T01:30:00+00:00,1.1634700000000002,1.1636100000000003,1.1628700000000003,1.1630300000000002,2569
2026-03-20T02:00:00+00:00,1.1630300000000002,1.1633000000000002,1.1627700000000003,1.1629500000000004,1871
2026-03-20T02:30:00+00:00,1.1629500000000004,1.1632200000000004,1.1626900000000002,1.1628700000000003,2021
2026-03-20T03:00:00+00:00,1.1628700000000003,1.1628800000000004,1.1624300000000003,1.1625400000000004,1537
2026-03-20T03:30:00+00:00,1.1625400000000004,1.1625400000000004,1.1621400000000004,1.1621900000000003,1290
2026-03-20T04:00:00+00:00,1.1621900000000003,1.1624200000000002,1.1621800000000002,1.1623600000000003,928
2026-03-20T04:30:00+00:00,1.1623600000000003,1.1625000000000003,1.1620200000000003,1.1620700000000004,1209
2026-03-20T05:00:00+00:00,1.1620700000000004,1.1626200000000002,1.1620400000000004,1.1624200000000002,1622
2026-03-20T05:30:00+00:00,1.1624200000000002,1.1624300000000003,1.1617700000000004,1.1617700000000004,1919
2026-03-20T06:00:00+00:00,1.1617700000000004,1.1627400000000003,1.1617700000000004,1.1627000000000003,1795
2026-03-20T06:30:00+00:00,1.1627000000000003,1.1631300000000002,1.1623700000000003,1.1624400000000004,2543
2026-03-20T07:00:00+00:00,1.1624400000000004,1.1639400000000002,1.1620900000000003,1.1635700000000002,5294
2026-03-20T07:30:00+00:00,1.1635700000000002,1.1640300000000003,1.1630400000000003,1.1638100000000002,4685
2026-03-20T08:00:00+00:00,1.1638100000000002,1.1645900000000002,1.1635000000000002,1.1642300000000003,4914
2026-03-20T08:30:00+00:00,1.1642300000000003,1.1643400000000004,1.1632900000000004,1.1633000000000002,5327
2026-03-20T09:00:00+00:00,1.1633000000000002,1.1637900000000003,1.1628300000000003,1.1630700000000003,5485
2026-03-20T09:30:00+00:00,1.1630700000000003,1.1632100000000003,1.1613100000000003,1.1613900000000004,7486
2026-03-20T10:00:00+00:00,1.1613900000000004,1.1614100000000003,1.1600100000000002,1.1609700000000003,7179
2026-03-20T10:30:00+00:00,1.1609700000000003,1.1627700000000003,1.1608500000000004,1.1625000000000003,5503
2026-03-20T11:00:00+00:00,1.1625000000000003,1.1637100000000002,1.1622500000000002,1.1633600000000004,5600
2026-03-20T11:30:00+00:00,1.1633600000000004,1.1645100000000004,1.1632300000000002,1.1636700000000002,4822
2026-03-20T12:00:00+00:00,1.1636700000000002,1.1644200000000002,1.1631600000000002,1.1641700000000004,8178
2026-03-20T12:30:00+00:00,1.1641700000000004,1.1645000000000003,1.1627200000000002,1.1629600000000002,9127
2026-03-20T13:00:00+00:00,1.1629600000000002,1.1631000000000002,1.1618400000000002,1.1619200000000003,6208
2026-03-20T13:30:00+00:00,1.1619200000000003,1.1624700000000003,1.1605200000000002,1.1606300000000003,11880
2026-03-20T14:00:00+00:00,1.1606300000000003,1.1609000000000003,1.1589700000000003,1.1591300000000002,11909
2026-03-20T14:30:00+00:00,1.1591300000000002,1.1604100000000004,1.1590900000000004,1.1600000000000004,10214
2026-03-20T15:00:00+00:00,1.1600000000000004,1.1622800000000002,1.1599800000000002,1.1610900000000004,11888
2026-03-20T15:30:00+00:00,1.1610900000000004,1.1618500000000003,1.1603200000000002,1.1607300000000003,9203
2026-03-20T16:00:00+00:00,1.1607300000000003,1.1631700000000003,1.1606400000000003,1.1623800000000004,7500
2026-03-20T16:30:00+00:00,1.1623800000000004,1.1630200000000004,1.1616200000000003,1.1624400000000004,5718
2026-03-20T17:00:00+00:00,1.1624400000000004,1.1634700000000002,1.1614800000000003,1.1633000000000002,9599
2026-03-20T17:30:00+00:00,1.1633000000000002,1.1635700000000002,1.1621800000000002,1.1623100000000004,6427
2026-03-20T18:00:00+00:00,1.1623100000000004,1.1636700000000002,1.1612900000000004,1.1632100000000003,9297
2026-03-20T18:30:00+00:00,1.1632100000000003,1.1634600000000004,1.1612700000000002,1.1615600000000004,7124
2026-03-20T19:00:00+00:00,1.1615600000000004,1.1623000000000003,1.1612100000000003,1.1618000000000004,4878
2026-03-20T19:30:00+00:00,1.1618000000000004,1.1627000000000003,1.1612300000000002,1.1623500000000002,5448
2026-03-20T20:00:00+00:00,1.1623500000000002,1.1631100000000003,1.1622400000000004,1.1629400000000003,1826
2026-03-20T20:30:00+00:00,1.1629400000000003,1.1636500000000003,1.1626400000000003,1.1636100000000005,3609.738292394405
2026-03-22T21:00:00+00:00,1.1636100000000005,1.1638700000000002,1.1633500000000003,1.1635600000000001,120.83822295564926
2026-03-22T21:30:00+00:00,1.1635600000000001,1.16398,1.16354,1.1638400000000002,120
2026-03-22T22:00:00+00:00,1.1638400000000002,1.16625,1.1638400000000002,1.1659300000000001,2729
2026-03-22T22:30:00+00:00,1.1659300000000001,1.1663000000000001,1.16544,1.16588,2223
2026-03-22T23:00:00+00:00,1.16588,1.1664400000000001,1.1657700000000002,1.1664100000000002,3308
2026-03-22T23:30:00+00:00,1.1664100000000002,1.1665100000000002,1.1659100000000002,1.1662400000000002,3018
2026-03-23T00:00:00+00:00,1.1662400000000002,1.1664700000000001,1.16548,1.16582,4923
2026-03-23T00:30:00+00:00,1.16582,1.1658700000000002,1.1639100000000002,1.1644700000000001,7494
2026-03-23T01:00:00+00:00,1.1644700000000001,1.16613,1.1644700000000001,1.16571,6460
2026-03-23T01:30:00+00:00,1.16571,1.1662100000000002,1.1653200000000001,1.16548,6043
2026-03-23T02:00:00+00:00,1.16548,1.16578,1.1649500000000002,1.16514,4323
2026-03-23T02:30:00+00:00,1.16514,1.16514,1.1643500000000002,1.1647100000000001,3198
2026-03-23T03:00:00+00:00,1.1647100000000001,1.1649500000000002,1.1643000000000001,1.1648200000000002,2862
2026-03-23T03:30:00+00:00,1.1648200000000002,1.1650800000000001,1.1647100000000001,1.1647500000000002,2272
2026-03-23T04:00:00+00:00,1.1647500000000002,1.1652,1.1646900000000002,1.16487,1913
2026-03-23T04:30:00+00:00,1.16487,1.1651,1.1646200000000002,1.1650900000000002,1786
2026-03-23T05:00:00+00:00,1.1650900000000002,1.16528,1.16399,1.16423,2467
2026-03-23T05:30:00+00:00,1.16423,1.1642700000000001,1.16345,1.1634600000000002,3406
2026-03-23T06:00:00+00:00,1.1634600000000002,1.16347,1.16229,1.1626500000000002,5038
2026-03-23T06:30:00+00:00,1.1626500000000002,1.1632,1.16209,1.1630900000000002,5131
2026-03-23T07:00:00+00:00,1.1630900000000002,1.1637600000000001,1.16242,1.16249,6585
2026-03-23T07:30:00+00:00,1.16249,1.16405,1.16242,1.16277,6636
2026-03-23T08:00:00+00:00,1.16277,1.1645800000000002,1.1626500000000002,1.16439,9971
2026-03-23T08:30:00+00:00,1.16439,1.16466,1.1629900000000002,1.1630200000000002,8734
2026-03-23T09:00:00+00:00,1.1630200000000002,1.1634200000000001,1.1612,1.1615700000000002,7197
2026-03-23T09:30:00+00:00,1.1615700000000002,1.1617600000000001,1.1591500000000001,1.1595300000000002,7678
2026-03-23T10:00:00+00:00,1.1595300000000002,1.15964,1.15856,1.1588500000000002,5759
2026-03-23T10:30:00+00:00,1.1588500000000002,1.1601800000000002,1.15849,1.1586200000000002,7186
2026-03-23T11:00:00+00:00,1.1586200000000002,1.1719300000000001,1.1586200000000002,1.1661400000000002,38639
2026-03-23T11:30:00+00:00,1.1661400000000002,1.16965,1.1651500000000001,1.16568,27794
2026-03-23T12:00:00+00:00,1.16568,1.16799,1.16466,1.1672500000000001,21517
2026-03-23T12:30:00+00:00,1.1672500000000001,1.17147,1.1659300000000001,1.17127,20341
2026-03-23T13:00:00+00:00,1.17127,1.1715600000000002,1.1680400000000002,1.1687500000000002,16017
2026-03-23T13:30:00+00:00,1.1687500000000002,1.1708,1.16805,1.1700100000000002,20953
2026-03-23T14:00:00+00:00,1.1700100000000002,1.1731500000000001,1.1693200000000001,1.1726800000000002,18436
2026-03-23T14:30:00+00:00,1.1726800000000002,1.1740000000000002,1.1715600000000002,1.1715600000000002,17212
2026-03-23T15:00:00+00:00,1.1715600000000002,1.1731500000000001,1.1707900000000002,1.1709800000000001,15082
2026-03-23T15:30:00+00:00,1.1709800000000001,1.17121,1.16825,1.16866,14649
2026-03-23T16:00:00+00:00,1.16866,1.16924,1.1676900000000001,1.1679400000000002,13516
2026-03-23T16:30:00+00:00,1.1679400000000002,1.1701000000000001,1.1678400000000002,1.16914,11036
2026-03-23T17:00:00+00:00,1.16914,1.17019,1.1687,1.17009,10245
2026-03-23T17:30:00+00:00,1.17009,1.1709900000000002,1.1693600000000002,1.17023,7209
2026-03-23T18:00:00+00:00,1.17023,1.17134,1.16924,1.1712900000000002,8500
2026-03-23T18:30:00+00:00,1.1712900000000002,1.1737700000000002,1.1712900000000002,1.17354,8231
2026-03-23T19:00:00+00:00,1.17354,1.17358,1.17175,1.17179,4964
2026-03-23T19:30:00+00:00,1.17179,1.1719700000000002,1.17131,1.17138,3849
2026-03-23T20:00:00+00:00,1.17138,1.1715600000000002,1.17103,1.1710800000000001,1835
2026-03-23T20:30:00+00:00,1.1710800000000001,1.1714300000000002,1.1709800000000001,1.17121,1799
2026-03-23T21:00:00+00:00,1.17121,1.1713399999999998,1.17103,1.1712999999999998,292.82453083493374
2026-03-23T21:30:00+00:00,1.1712999999999998,1.1714799999999999,1.17126,1.17143,532.8768945252089
2026-03-23T22:00:00+00:00,1.17143,1.1715799999999998,1.1708299999999998,1.17157,1446
2026-03-23T22:30:00+00:00,1.17157,1.1718199999999999,1.1710399999999999,1.1715099999999998,1741
2026-03-23T23:00:00+00:00,1.1715099999999998,1.1716199999999999,1.1711399999999998,1.1712399999999998,1950
2026-03-23T23:30:00+00:00,1.1712399999999998,1.17126,1.1706299999999998,1.1708599999999998,2463
2026-03-24T00:00:00+00:00,1.1708599999999998,1.17089,1.1689699999999998,1.1694699999999998,5805
2026-03-24T00:30:00+00:00,1.1694699999999998,1.16967,1.16817,1.16888,9014
2026-03-24T01:00:00+00:00,1.16888,1.16963,1.16868,1.16892,6916
2026-03-24T01:30:00+00:00,1.16892,1.1690099999999999,1.16793,1.1684999999999999,5241
2026-03-24T02:00:00+00:00,1.1684999999999999,1.16913,1.1683299999999999,1.1691099999999999,5235
2026-03-24T02:30:00+00:00,1.1691099999999999,1.16925,1.1683299999999999,1.1686299999999998,3941
2026-03-24T03:00:00+00:00,1.1686299999999998,1.1689699999999998,1.1681599999999999,1.16889,3232
2026-03-24T03:30:00+00:00,1.16889,1.1688999999999998,1.1682,1.16835,2950
2026-03-24T04:00:00+00:00,1.16835,1.1683899999999998,1.1676199999999999,1.16776,2215
2026-03-24T04:30:00+00:00,1.16776,1.16831,1.1676399999999998,1.1680799999999998,1958
2026-03-24T05:00:00+00:00,1.1680799999999998,1.16851,1.1676199999999999,1.16818,4404
2026-03-24T05:30:00+00:00,1.16818,1.16896,1.16807,1.1684199999999998,4092
2026-03-24T06:00:00+00:00,1.1684199999999998,1.16892,1.16794,1.16834,4585
2026-03-24T06:30:00+00:00,1.16834,1.1692799999999999,1.1680599999999999,1.16922,5088
2026-03-24T07:00:00+00:00,1.16922,1.1718099999999998,1.16898,1.17038,8369
2026-03-24T07:30:00+00:00,1.17038,1.17102,1.16969,1.17091,7006
2026-03-24T08:00:00+00:00,1.17091,1.1709699999999998,1.16915,1.1692099999999999,9049
2026-03-24T08:30:00+00:00,1.1692099999999999,1.1698899999999999,1.1682199999999998,1.16885,8392
2026-03-24T09:00:00+00:00,1.16885,1.1694399999999998,1.1679099999999998,1.16852,6826
2026-03-24T09:30:00+00:00,1.16852,1.16973,1.16841,1.16952,5315
2026-03-24T10:00:00+00:00,1.16952,1.1696799999999998,1.1687599999999998,1.16892,4889
2026-03-24T10:30:00+00:00,1.16892,1.16926,1.16837,1.16926,5356
2026-03-24T11:00:00+00:00,1.16926,1.1700899999999999,1.16879,1.16946,5803
2026-03-24T11:30:00+00:00,1.16946,1.1697799999999998,1.16793,1.1689699999999998,6759
2026-03-24T12:00:00+00:00,1.1689699999999998,1.1694699999999998,1.16845,1.16929,5980
2026-03-24T12:30:00+00:00,1.16929,1.16997,1.1681499999999998,1.1684899999999998,8304
2026-03-24T13:00:00+00:00,1.1684899999999998,1.16912,1.1668299999999998,1.1670999999999998,12087
2026-03-24T13:30:00+00:00,1.1670999999999998,1.16787,1.16675,1.1678099999999998,10896
2026-03-24T14:00:00+00:00,1.1678099999999998,1.1696499999999999,1.1677799999999998,1.16942,10566
2026-03-24T14:30:00+00:00,1.16942,1.17074,1.1680799999999998,1.1689699999999998,15169
2026-03-24T15:00:00+00:00,1.1689699999999998,1.1696499999999999,1.1684199999999998,1.1694,13985
2026-03-24T15:30:00+00:00,1.1694,1.16976,1.16763,1.1678199999999999,10009
2026-03-24T16:00:00+00:00,1.1678199999999999,1.16926,1.1674499999999999,1.1691099999999999,7674
2026-03-24T16:30:00+00:00,1.1691099999999999,1.1692699999999998,1.1682,1.1683299999999999,5192
2026-03-24T17:00:00+00:00,1.1683299999999999,1.16837,1.16576,1.1671099999999999,14493
2026-03-24T17:30:00+00:00,1.1671099999999999,1.16837,1.16654,1.1676399999999998,11403
2026-03-24T18:00:00+00:00,1.1676399999999998,1.1680899999999999,1.16681,1.16794,9040
2026-03-24T18:30:00+00:00,1.16794,1.16929,1.16776,1.16827,7483
2026-03-24T19:00:00+00:00,1.16827,1.1693099999999998,1.16827,1.1688399999999999,4896
2026-03-24T19:30:00+00:00,1.1688399999999999,1.16885,1.16845,1.1685999999999999,3937
2026-03-24T20:00:00+00:00,1.1685999999999999,1.1728599999999998,1.1683199999999998,1.1706899999999998,8698
2026-03-24T20:30:00+00:00,1.1706899999999998,1.1715099999999998,1.1699499999999998,1.17075,11050
2026-03-24T21:00:00+00:00,1.17075,1.17092,1.17003,1.17051,394.68874758086815
2026-03-24T21:30:00+00:00,1.17051,1.1713099999999999,1.17034,1.17098,1824
2026-03-24T22:00:00+00:00,1.17098,1.17197,1.1705299999999998,1.17119,3003
2026-03-24T22:30:00+00:00,1.17119,1.1716399999999998,1.1710599999999998,1.1714799999999999,2664
2026-03-24T23:00:00+00:00,1.1714799999999999,1.1719,1.1709399999999999,1.1718499999999998,2881
2026-03-24T23:30:00+00:00,1.1718499999999998,1.1718499999999998,1.17115,1.17143,2061
2026-03-25T00:00:00+00:00,1.17143,1.1727999999999998,1.17132,1.1721199999999998,6080
2026-03-25T00:30:00+00:00,1.1721199999999998,1.17312,1.1714099999999998,1.1723999999999999,5888
2026-03-25T01:00:00+00:00,1.1723999999999999,1.17251,1.1718499999999998,1.1720599999999999,5363
2026-03-25T01:30:00+00:00,1.1720599999999999,1.17244,1.17126,1.1712799999999999,4336
2026-03-25T02:00:00+00:00,1.1712799999999999,1.1713699999999998,1.1704999999999999,1.17081,3715
2026-03-25T02:30:00+00:00,1.17081,1.1708999999999998,1.1701799999999998,1.1704899999999998,2689
2026-03-25T03:00:00+00:00,1.1704899999999998,1.17061,1.1702299999999999,1.1703,2252
2026-03-25T03:30:00+00:00,1.1703,1.1705499999999998,1.17013,1.17044,2156
2026-03-25T04:00:00+00:00,1.17044,1.1704899999999998,1.16987,1.17034,1801
2026-03-25T04:30:00+00:00,1.17034,1.1704499999999998,1.1698199999999999,1.16986,2062
2026-03-25T05:00:00+00:00,1.16986,1.16986,1.16929,1.1695399999999998,2561
2026-03-25T05:30:00+00:00,1.1695399999999998,1.1698899999999999,1.16898,1.1692999999999998,2922
2026-03-25T06:00:00+00:00,1.1692999999999998,1.1695099999999998,1.16878,1.16919,3249
2026-03-25T06:30:00+00:00,1.16919,1.1700499999999998,1.1691799999999999,1.1697,2544
2026-03-25T07:00:00+00:00,1.1697,1.1705999999999999,1.16959,1.1701599999999999,4622
2026-03-25T07:30:00+00:00,1.1701599999999999,1.17041,1.16891,1.16983,4609
2026-03-25T08:00:00+00:00,1.16983,1.1716799999999998,1.1691399999999998,1.17146,8581
2026-03-25T08:30:00+00:00,1.17146,1.1717199999999999,1.1702599999999999,1.17034,7115
2026-03-25T09:00:00+00:00,1.17034,1.1710099999999999,1.1696699999999998,1.1697799999999998,5226
2026-03-25T09:30:00+00:00,1.1697799999999998,1.1702199999999998,1.1692099999999999,1.16997,4900
2026-03-25T10:00:00+00:00,1.16997,1.1706299999999998,1.16976,1.1697799999999998,5044
2026-03-25T10:30:00+00:00,1.1697799999999998,1.17061,1.16966,1.1705199999999998,3745
2026-03-25T11:00:00+00:00,1.1705199999999998,1.17122,1.1703199999999998,1.1706699999999999,3535
2026-03-25T11:30:00+00:00,1.1706699999999999,1.1707899999999998,1.1694799999999999,1.1706199999999998,5884
2026-03-25T12:00:00+00:00,1.1706199999999998,1.1714399999999998,1.16882,1.1696099999999998,9974
2026-03-25T12:30:00+00:00,1.1696099999999998,1.1698799999999998,1.1687199999999998,1.1692099999999999,7414
2026-03-25T13:00:00+00:00,1.1692099999999999,1.1699599999999999,1.16848,1.1684899999999998,7776
2026-03-25T13:30:00+00:00,1.1684899999999998,1.16892,1.1672399999999998,1.1673699999999998,9337
2026-03-25T14:00:00+00:00,1.1673699999999998,1.16837,1.1667199999999998,1.16821,10387
2026-03-25T14:30:00+00:00,1.16821,1.16885,1.1678099999999998,1.1686699999999999,6746
2026-03-25T15:00:00+00:00,1.1686699999999999,1.1690099999999999,1.16665,1.16753,9842
2026-03-25T15:30:00+00:00,1.16753,1.16787,1.16638,1.1670599999999998,8203
2026-03-25T16:00:00+00:00,1.1670599999999998,1.1677199999999999,1.1656099999999998,1.16722,9569
2026-03-25T16:30:00+00:00,1.16722,1.1673399999999998,1.16681,1.1668299999999998,5889
2026-03-25T17:00:00+00:00,1.1668299999999998,1.1677399999999998,1.16655,1.1676699999999998,5635
2026-03-25T17:30:00+00:00,1.1676699999999998,1.1684299999999999,1.16749,1.1679099999999998,5729
2026-03-25T18:00:00+00:00,1.1679099999999998,1.1681799999999998,1.1676199999999999,1.1679199999999998,4855
2026-03-25T18:30:00+00:00,1.1679199999999998,1.16807,1.1661599999999999,1.1667199999999998,5158
2026-03-25T19:00:00+00:00,1.1667199999999998,1.1667199999999998,1.1659799999999998,1.1663899999999998,4595
2026-03-25T19:30:00+00:00,1.1663899999999998,1.1667299999999998,1.1662299999999999,1.1663999999999999,3865
2026-03-25T20:00:00+00:00,1.1663999999999999,1.1664299999999999,1.1657899999999999,1.1657899999999999,1499
2026-03-25T20:30:00+00:00,1.1657899999999999,1.16607,1.1656799999999998,1.16594,1552
2026-03-25T21:00:00+00:00,1.16594,1.1661599999999999,1.16576,1.1660899999999998,289
2026-03-25T21:30:00+00:00,1.1660899999999998,1.1661799999999998,1.1659499999999998,1.1660099999999998,565
2026-03-25T22:00:00+00:00,1.1660099999999998,1.1661599999999999,1.1656799999999998,1.1658799999999998,762
2026-03-25T22:30:00+00:00,1.1658799999999998,1.1663199999999998,1.1658799999999998,1.1661,788
2026-03-25T23:00:00+00:00,1.1661,1.16624,1.16603,1.1662299999999999,1137
2026-03-25T23:30:00+00:00,1.1662299999999999,1.1662799999999998,1.1659599999999999,1.16621,1069
2026-03-26T00:00:00+00:00,1.16621,1.16654,1.1661,1.1661099999999998,3018
2026-03-26T00:30:00+00:00,1.1661099999999998,1.1661899999999998,1.1654799999999998,1.1658899999999999,2730
2026-03-26T01:00:00+00:00,1.1658899999999999,1.16665,1.1658799999999998,1.1665199999999998,2695
2026-03-26T01:30:00+00:00,1.1665199999999998,1.1667599999999998,1.16637,1.16651,2275
2026-03-26T02:00:00+00:00,1.16651,1.16664,1.1663,1.16637,1874
2026-03-26T02:30:00+00:00,1.16637,1.16638,1.1655499999999999,1.1659499999999998,2388
2026-03-26T03:00:00+00:00,1.1659499999999998,1.1668699999999999,1.1658499999999998,1.16681,1848
2026-03-26T03:30:00+00:00,1.16681,1.1670299999999998,1.1667399999999999,1.1669299999999998,1557
2026-03-26T04:00:00+00:00,1.1669299999999998,1.16716,1.16681,1.16716,1343
2026-03-26T04:30:00+00:00,1.16716,1.1673099999999998,1.1669299999999998,1.1670099999999999,1169
2026-03-26T05:00:00+00:00,1.1670099999999999,1.1670599999999998,1.1662199999999998,1.1665999999999999,2088
2026-03-26T05:30:00+00:00,1.1665999999999999,1.1666999999999998,1.1658499999999998,1.16587,3026
2026-03-26T06:00:00+00:00,1.16587,1.1661099999999998,1.1653999999999998,1.1660199999999998,3482
2026-03-26T06:30:00+00:00,1.1660199999999998,1.16678,1.1652699999999998,1.1667299999999998,2838
2026-03-26T07:00:00+00:00,1.1667299999999998,1.1667299999999998,1.16553,1.1659,4306
2026-03-26T07:30:00+00:00,1.1659,1.1660599999999999,1.1651399999999998,1.1654399999999998,3835
2026-03-26T08:00:00+00:00,1.1654399999999998,1.1660099999999998,1.16481,1.16539,5226
2026-03-26T08:30:00+00:00,1.16539,1.1661799999999998,1.16529,1.1660499999999998,4330
2026-03-26T09:00:00+00:00,1.1660499999999998,1.1665699999999999,1.1653399999999998,1.16583,4830
2026-03-26T09:30:00+00:00,1.16583,1.1660899999999998,1.1653999999999998,1.16604,4595
2026-03-26T10:00:00+00:00,1.16604,1.16658,1.1657,1.1662299999999999,4306
2026-03-26T10:30:00+00:00,1.1662299999999999,1.16644,1.1655499999999999,1.1657899999999999,4050
2026-03-26T11:00:00+00:00,1.1657899999999999,1.16594,1.16438,1.1644499999999998,3184
2026-03-26T11:30:00+00:00,1.1644499999999998,1.1645299999999998,1.16241,1.1624999999999999,4482
2026-03-26T12:00:00+00:00,1.1624999999999999,1.1635699999999998,1.1623199999999998,1.1633999999999998,5636
2026-03-26T12:30:00+00:00,1.1633999999999998,1.1636199999999999,1.1627599999999998,1.1635799999999998,5357
2026-03-26T13:00:00+00:00,1.1635799999999998,1.1645199999999998,1.1635699999999998,1.1643299999999999,5499
2026-03-26T13:30:00+00:00,1.1643299999999999,1.16532,1.16369,1.1643,9948
2026-03-26T14:00:00+00:00,1.1643,1.1652099999999999,1.16376,1.1648899999999998,9009
2026-03-26T14:30:00+00:00,1.1648899999999998,1.16556,1.1641599999999999,1.1648299999999998,10683
2026-03-26T15:00:00+00:00,1.1648299999999998,1.1652099999999999,1.1643599999999998,1.1644599999999998,8078
2026-03-26T15:30:00+00:00,1.1644599999999998,1.1645299999999998,1.1631999999999998,1.1642,9087
2026-03-26T16:00:00+00:00,1.1642,1.16438,1.16316,1.16356,6233
2026-03-26T16:30:00+00:00,1.16356,1.164,1.16322,1.1636399999999998,4925
2026-03-26T17:00:00+00:00,1.1636399999999998,1.16377,1.16319,1.16349,4499
2026-03-26T17:30:00+00:00,1.16349,1.1638399999999998,1.1626299999999998,1.1626599999999998,4601
2026-03-26T18:00:00+00:00,1.1626599999999998,1.1632399999999998,1.1625899999999998,1.1628399999999999,3446
2026-03-26T18:30:00+00:00,1.1628399999999999,1.16346,1.1628299999999998,1.1634499999999999,2571
2026-03-26T19:00:00+00:00,1.1634499999999999,1.1635199999999999,1.1623499999999998,1.1624499999999998,3219
2026-03-26T19:30:00+00:00,1.1624499999999998,1.1629399999999999,1.16224,1.16227,3482
2026-03-26T20:00:00+00:00,1.16227,1.16593,1.1620199999999998,1.16342,13075
2026-03-26T20:30:00+00:00,1.16342,1.16393,1.1626299999999998,1.1626299999999998,3808
2026-03-26T21:00:00+00:00,1.1626299999999998,1.1632999999999998,1.1624599999999998,1.1630699999999998,1396
2026-03-26T21:30:00+00:00,1.1630699999999998,1.1636,1.1630399999999999,1.1633699999999998,620.1199283748963
2026-03-26T22:00:00+00:00,1.1633699999999998,1.1641299999999997,1.1631899999999997,1.1636699999999998,1176
2026-03-26T22:30:00+00:00,1.1636699999999998,1.1640499999999998,1.1636599999999997,1.1639099999999998,1123
2026-03-26T23:00:00+00:00,1.1639099999999998,1.1640399999999997,1.1638099999999998,1.1638799999999998,1347
2026-03-26T23:30:00+00:00,1.1638799999999998,1.1640699999999997,1.1634899999999997,1.1635399999999998,1094
2026-03-27T00:00:00+00:00,1.1635399999999998,1.1638899999999999,1.1625299999999998,1.1627899999999998,4211
2026-03-27T00:30:00+00:00,1.1627899999999998,1.1632299999999998,1.1625299999999998,1.1631399999999998,4215
2026-03-27T01:00:00+00:00,1.1631399999999998,1.1637699999999997,1.1630599999999998,1.1637299999999997,3297
2026-03-27T01:30:00+00:00,1.1637299999999997,1.1641799999999998,1.1637099999999998,1.1641199999999998,2777
2026-03-27T02:00:00+00:00,1.1641199999999998,1.1643499999999998,1.1636999999999997,1.1639999999999997,2150
2026-03-27T02:30:00+00:00,1.1639999999999997,1.1642899999999998,1.1638999999999997,1.1639399999999998,1711
2026-03-27T03:00:00+00:00,1.1639399999999998,1.1641199999999998,1.1634799999999998,1.1636099999999998,1937
2026-03-27T03:30:00+00:00,1.1636099999999998,1.1640599999999999,1.1636099999999998,1.1639899999999999,1842
2026-03-27T04:00:00+00:00,1.1639899999999999,1.1641699999999997,1.1637899999999999,1.1640499999999998,1553
2026-03-27T04:30:00+00:00,1.1640499999999998,1.1644699999999997,1.1639899999999999,1.1643699999999997,1306
2026-03-27T05:00:00+00:00,1.1643699999999997,1.1646599999999998,1.1641099999999998,1.1641499999999998,2370
2026-03-27T05:30:00+00:00,1.1641499999999998,1.1646999999999998,1.1638099999999998,1.1641999999999997,2453
2026-03-27T06:00:00+00:00,1.1641999999999997,1.1644599999999998,1.1638899999999999,1.1640299999999997,2554
2026-03-27T06:30:00+00:00,1.1640299999999997,1.1640799999999998,1.1634899999999997,1.1635299999999997,2052
2026-03-27T07:00:00+00:00,1.1635299999999997,1.1635799999999998,1.1623599999999998,1.1624199999999998,3376
2026-03-27T07:30:00+00:00,1.1624199999999998,1.1627199999999998,1.1617899999999999,1.1619799999999998,3868
2026-03-27T08:00:00+00:00,1.1619799999999998,1.1623599999999998,1.1616899999999997,1.1622999999999997,5328
2026-03-27T08:30:00+00:00,1.1622999999999997,1.1626199999999998,1.1619399999999998,1.1621499999999998,4363
2026-03-27T09:00:00+00:00,1.1621499999999998,1.1625099999999997,1.1615299999999997,1.1623499999999998,4828
2026-03-27T09:30:00+00:00,1.1623499999999998,1.1627099999999997,1.1618499999999998,1.1620099999999998,3995
2026-03-27T10:00:00+00:00,1.1620099999999998,1.1626899999999998,1.1619299999999997,1.1626199999999998,3883
2026-03-27T10:30:00+00:00,1.1626199999999998,1.1626499999999997,1.1611099999999999,1.1611999999999998,4041
2026-03-27T11:00:00+00:00,1.1611999999999998,1.1614899999999997,1.1610199999999997,1.1612799999999999,3763
2026-03-27T11:30:00+00:00,1.1612799999999999,1.1614299999999997,1.1605599999999998,1.1608599999999998,3712
2026-03-27T12:00:00+00:00,1.1608599999999998,1.1612799999999999,1.1602699999999997,1.1610799999999997,5155
2026-03-27T12:30:00+00:00,1.1610799999999997,1.1618999999999997,1.1606999999999998,1.1615999999999997,4933
2026-03-27T13:00:00+00:00,1.1615999999999997,1.1628599999999998,1.1615199999999999,1.1625899999999998,6231
2026-03-27T13:30:00+00:00,1.1625899999999998,1.1633799999999999,1.1619299999999997,1.1624999999999999,8159
2026-03-27T14:00:00+00:00,1.1624999999999999,1.1636599999999997,1.1624099999999997,1.1628599999999998,8091
2026-03-27T14:30:00+00:00,1.1628599999999998,1.1634399999999998,1.1626499999999997,1.1629699999999998,6292
2026-03-27T15:00:00+00:00,1.1629699999999998,1.1645599999999998,1.1626499999999997,1.1637999999999997,9224
2026-03-27T15:30:00+00:00,1.1637999999999997,1.1648699999999999,1.1618999999999997,1.1620299999999997,8912
2026-03-27T16:00:00+00:00,1.1620299999999997,1.1628199999999997,1.1619099999999998,1.1622999999999997,7696
2026-03-27T16:30:00+00:00,1.1622999999999997,1.1625399999999997,1.1615699999999998,1.1620099999999998,6176
2026-03-27T17:00:00+00:00,1.1620099999999998,1.1629799999999997,1.1610199999999997,1.1610399999999998,6675
2026-03-27T17:30:00+00:00,1.1610399999999998,1.1615399999999998,1.1607199999999998,1.1613499999999999,4250
2026-03-27T18:00:00+00:00,1.1613499999999999,1.1615499999999999,1.1607899999999998,1.1613399999999998,4123
2026-03-27T18:30:00+00:00,1.1613399999999998,1.1620499999999998,1.1612799999999999,1.1614499999999999,3789
2026-03-27T19:00:00+00:00,1.1614499999999999,1.1615699999999998,1.1610999999999998,1.1614299999999997,2686
2026-03-27T19:30:00+00:00,1.1614299999999997,1.1618799999999998,1.1611399999999998,1.1618099999999998,3219
2026-03-27T20:00:00+00:00,1.1618099999999998,1.1621499999999998,1.1614399999999998,1.1614999999999998,3560
2026-03-27T20:30:00+00:00,1.1614999999999998,1.1615899999999997,1.1607799999999997,1.1609199999999997,2676.484699982905
2026-03-29T21:00:00+00:00,1.1609199999999997,1.1611099999999999,1.1605999999999999,1.16083,178.12615067689228
2026-03-29T21:30:00+00:00,1.16083,1.16085,1.16062,1.16072,174.37420663812057
2026-03-29T22:00:00+00:00,1.16072,1.16098,1.15983,1.15987,3285
2026-03-29T22:30:00+00:00,1.15987,1.16019,1.15956,1.15963,2826
2026-03-29T23:00:00+00:00,1.15963,1.16024,1.15962,1.16002,2767
2026-03-29T23:30:00+00:00,1.16002,1.16013,1.15951,1.15996,3629
2026-03-30T00:00:00+00:00,1.15996,1.16185,1.15973,1.1615,8666
2026-03-30T00:30:00+00:00,1.1615,1.16203,1.16126,1.16145,4502
2026-03-30T01:00:00+00:00,1.16145,1.16187,1.16105,1.16139,3931
2026-03-30T01:30:00+00:00,1.16139,1.16168,1.16115,1.16127,3115
2026-03-30T02:00:00+00:00,1.16127,1.16164,1.1609,1.1614,2932
2026-03-30T02:30:00+00:00,1.1614,1.1623,1.1614,1.16191,2924
2026-03-30T03:00:00+00:00,1.16191,1.16265,1.1618,1.1625,2534
2026-03-30T03:30:00+00:00,1.1625,1.16251,1.16216,1.16234,1897
2026-03-30T04:00:00+00:00,1.16234,1.1629,1.16225,1.16266,1686
2026-03-30T04:30:00+00:00,1.16266,1.16275,1.16213,1.16213,1684
2026-03-30T05:00:00+00:00,1.16213,1.16234,1.16198,1.16201,2536
2026-03-30T05:30:00+00:00,1.16201,1.16259,1.16174,1.16235,2626
2026-03-30T06:00:00+00:00,1.16235,1.16273,1.16192,1.1622,3852
2026-03-30T06:30:00+00:00,1.1622,1.16277,1.16193,1.16204,3241
2026-03-30T07:00:00+00:00,1.16204,1.16205,1.16081,1.16088,4410
2026-03-30T07:30:00+00:00,1.16088,1.16098,1.16015,1.16054,4369
2026-03-30T08:00:00+00:00,1.16054,1.16057,1.15983,1.16024,4056
2026-03-30T08:30:00+00:00,1.16024,1.16065,1.16004,1.16037,3676
2026-03-30T09:00:00+00:00,1.16037,1.16059,1.15915,1.15967,4436
2026-03-30T09:30:00+00:00,1.15967,1.16044,1.15924,1.16021,3382
2026-03-30T10:00:00+00:00,1.16021,1.16051,1.15987,1.15996,3188
2026-03-30T10:30:00+00:00,1.15996,1.16029,1.15958,1.1597,3254
2026-03-30T11:00:00+00:00,1.1597,1.16081,1.15951,1.16,7453
2026-03-30T11:30:00+00:00,1.16,1.16024,1.15916,1.15925,5932
2026-03-30T12:00:00+00:00,1.15925,1.15937,1.15808,1.15866,5235
2026-03-30T12:30:00+00:00,1.15866,1.15966,1.15855,1.15905,6366
2026-03-30T13:00:00+00:00,1.15905,1.15956,1.15858,1.15865,5608
2026-03-30T13:30:00+00:00,1.15865,1.15884,1.15699,1.15718,8690
2026-03-30T14:00:00+00:00,1.15718,1.15747,1.15625,1.15649,7602
2026-03-30T14:30:00+00:00,1.15649,1.15781,1.15642,1.15726,9414
2026-03-30T15:00:00+00:00,1.15726,1.15736,1.15508,1.15577,7413
2026-03-30T15:30:00+00:00,1.15577,1.15663,1.15567,1.15614,5382
2026-03-30T16:00:00+00:00,1.15614,1.15628,1.1558,1.15582,4261
2026-03-30T16:30:00+00:00,1.15582,1.15689,1.15552,1.15677,3180
2026-03-30T17:00:00+00:00,1.15677,1.15717,1.15634,1.15684,3416
2026-03-30T17:30:00+00:00,1.15684,1.1573,1.1564,1.15654,4213
2026-03-30T18:00:00+00:00,1.15654,1.15725,1.15647,1.15713,3383
2026-03-30T18:30:00+00:00,1.15713,1.15739,1.15679,1.15689,2665.505360479984
2026-03-30T19:00:00+00:00,1.15689,1.1570200000000002,1.15616,1.1564100000000002,2881
2026-03-30T19:30:00+00:00,1.1564100000000002,1.15687,1.15638,1.15676,2700
2026-03-30T20:00:00+00:00,1.15676,1.15707,1.1565,1.1565800000000002,1633
2026-03-30T20:30:00+00:00,1.1565800000000002,1.15728,1.1565,1.15718,1630
2026-03-30T21:00:00+00:00,1.15718,1.15761,1.15638,1.15648,1120.509713228492
2026-03-30T21:30:00+00:00,1.15648,1.15741,1.15642,1.1568500000000002,554.7679648013983
2026-03-30T22:00:00+00:00,1.1568500000000002,1.15727,1.15684,1.1569800000000001,699
2026-03-30T22:30:00+00:00,1.1569800000000001,1.1569800000000001,1.1566400000000001,1.15666,680.9789341517858
2026-03-30T23:00:00+00:00,1.15666,1.15666,1.15595,1.1562100000000002,1865
2026-03-30T23:30:00+00:00,1.1562100000000002,1.1564200000000002,1.1560800000000002,1.1563800000000002,1119
2026-03-31T00:00:00+00:00,1.1563800000000002,1.15666,1.1554300000000002,1.1560300000000001,4219
2026-03-31T00:30:00+00:00,1.1560300000000001,1.1583400000000001,1.15575,1.15819,10532
2026-03-31T01:00:00+00:00,1.15819,1.1597000000000002,1.15806,1.15965,5093
2026-03-31T01:30:00+00:00,1.15965,1.15979,1.15826,1.15832,5517
2026-03-31T02:00:00+00:00,1.15832,1.1585200000000002,1.1580800000000002,1.1583800000000002,3236
2026-03-31T02:30:00+00:00,1.1583800000000002,1.1586900000000002,1.1580400000000002,1.1583100000000002,2621
2026-03-31T03:00:00+00:00,1.1583100000000002,1.15836,1.1578000000000002,1.1579700000000002,2317
2026-03-31T03:30:00+00:00,1.1579700000000002,1.1580800000000002,1.1573600000000002,1.15769,1929
2026-03-31T04:00:00+00:00,1.15769,1.1579400000000002,1.15768,1.15785,1429
2026-03-31T04:30:00+00:00,1.15785,1.1580000000000001,1.15761,1.15762,1414
2026-03-31T05:00:00+00:00,1.15762,1.1578600000000001,1.157,1.15754,2275
2026-03-31T05:30:00+00:00,1.15754,1.1577700000000002,1.1569500000000001,1.15717,2870
2026-03-31T06:00:00+00:00,1.15717,1.1578600000000001,1.1568100000000001,1.1577300000000001,3550
2026-03-31T06:30:00+00:00,1.1577300000000001,1.15816,1.1572600000000002,1.1579300000000001,3505
2026-03-31T07:00:00+00:00,1.1579300000000001,1.15815,1.1570200000000002,1.15741,5253
2026-03-31T07:30:00+00:00,1.15741,1.15796,1.15741,1.15796,4363
2026-03-31T08:00:00+00:00,1.15796,1.1581000000000001,1.1571300000000002,1.15752,4827
2026-03-31T08:30:00+00:00,1.15752,1.1583,1.15737,1.15744,4304
2026-03-31T09:00:00+00:00,1.15744,1.15805,1.15694,1.15795,4812
2026-03-31T09:30:00+00:00,1.15795,1.15795,1.1572900000000002,1.15754,3379
2026-03-31T10:00:00+00:00,1.15754,1.15771,1.15708,1.15744,2739
2026-03-31T10:30:00+00:00,1.15744,1.15755,1.15653,1.1566200000000002,3619
2026-03-31T11:00:00+00:00,1.1566200000000002,1.1592300000000002,1.1564800000000002,1.1581700000000001,9345
2026-03-31T11:30:00+00:00,1.1581700000000001,1.1598400000000002,1.1579300000000001,1.1598300000000001,6459
2026-03-31T12:00:00+00:00,1.1598300000000001,1.1611500000000001,1.15941,1.1611200000000002,11117
2026-03-31T12:30:00+00:00,1.1611200000000002,1.16172,1.16093,1.1610200000000002,6890
2026-03-31T13:00:00+00:00,1.1610200000000002,1.1626500000000002,1.1607900000000002,1.1621700000000001,5670
2026-03-31T13:30:00+00:00,1.1621700000000001,1.16398,1.1617300000000002,1.1639400000000002,8961
2026-03-31T14:00:00+00:00,1.1639400000000002,1.1641800000000002,1.16277,1.1641800000000002,9729
2026-03-31T14:30:00+00:00,1.1641800000000002,1.1648,1.1618300000000001,1.16273,17689
2026-03-31T15:00:00+00:00,1.16273,1.16402,1.16236,1.1632,13956
2026-03-31T15:30:00+00:00,1.1632,1.16328,1.16189,1.16246,9178
2026-03-31T16:00:00+00:00,1.16246,1.1633200000000001,1.1621100000000002,1.16297,7010
2026-03-31T16:30:00+00:00,1.16297,1.1667100000000001,1.16297,1.16476,25398
2026-03-31T17:00:00+00:00,1.16476,1.1662800000000002,1.1647100000000001,1.1655300000000002,13961
2026-03-31T17:30:00+00:00,1.1655300000000002,1.1663800000000002,1.1646100000000001,1.1647200000000002,11782
2026-03-31T18:00:00+00:00,1.1647200000000002,1.16581,1.1645800000000002,1.16548,6578
2026-03-31T18:30:00+00:00,1.16548,1.1655700000000002,1.16457,1.1651900000000002,6075
2026-03-31T19:00:00+00:00,1.1651900000000002,1.16538,1.16459,1.16503,4593
2026-03-31T19:30:00+00:00,1.16503,1.1667,1.16503,1.1666400000000001,4924
2026-03-31T20:00:00+00:00,1.1666400000000001,1.16707,1.1663800000000002,1.1664500000000002,3573
2026-03-31T20:30:00+00:00,1.1664500000000002,1.1665400000000001,1.16588,1.1660000000000001,2164
2026-03-31T21:00:00+00:00,1.1660000000000001,1.16616,1.1657000000000002,1.1659,277.47754563177364
2026-03-31T21:30:00+00:00,1.1659,1.16611,1.16579,1.16592,1587
2026-03-31T22:00:00+00:00,1.16592,1.16668,1.16591,1.1662,1122
2026-03-31T22:30:00+00:00,1.1662,1.16659,1.16611,1.16652,1080
2026-03-31T23:00:00+00:00,1.16652,1.16744,1.16637,1.16731,1325
2026-03-31T23:30:00+00:00,1.16731,1.16812,1.16715,1.16805,1911
2026-04-01T00:00:00+00:00,1.16805,1.16855,1.1676,1.16833,4152
2026-04-01T00:30:00+00:00,1.16833,1.16844,1.16779,1.1681300000000001,3297
2026-04-01T01:00:00+00:00,1.1681300000000001,1.16824,1.16635,1.16705,6440
2026-04-01T01:30:00+00:00,1.16705,1.16723,1.16616,1.16685,3649
2026-04-01T02:00:00+00:00,1.16685,1.16736,1.16673,1.16718,2319
2026-04-01T02:30:00+00:00,1.16718,1.16778,1.16695,1.16755,2687
2026-04-01T03:00:00+00:00,1.16755,1.16755,1.16716,1.16721,2029
2026-04-01T03:30:00+00:00,1.16721,1.16726,1.16658,1.16675,1876
2026-04-01T04:00:00+00:00,1.16675,1.16696,1.16662,1.1669100000000001,1413
2026-04-01T04:30:00+00:00,1.1669100000000001,1.16732,1.16679,1.16721,1395
2026-04-01T05:00:00+00:00,1.16721,1.16796,1.16715,1.16796,2510
2026-04-01T05:30:00+00:00,1.16796,1.16831,1.16744,1.16745,3181
2026-04-01T06:00:00+00:00,1.16745,1.1696,1.16687,1.16936,8091
2026-04-01T06:30:00+00:00,1.16936,1.16996,1.1686,1.1698,10322
2026-04-01T07:00:00+00:00,1.1698,1.17014,1.16892,1.16963,9009
2026-04-01T07:30:00+00:00,1.16963,1.17054,1.16837,1.16889,10830
2026-04-01T08:00:00+00:00,1.16889,1.17064,1.16843,1.17063,8191
2026-04-01T08:30:00+00:00,1.17063,1.17174,1.17008,1.17031,8517
2026-04-01T09:00:00+00:00,1.17031,1.17094,1.1688,1.16914,7692
2026-04-01T09:30:00+00:00,1.16914,1.17041,1.16875,1.17021,6100
2026-04-01T10:00:00+00:00,1.17021,1.17073,1.17001,1.17033,5737
2026-04-01T10:30:00+00:00,1.17033,1.17104,1.17021,1.17065,5578
2026-04-01T11:00:00+00:00,1.17065,1.17124,1.17048,1.17061,4639
2026-04-01T11:30:00+00:00,1.17061,1.17168,1.1704700000000001,1.17143,4238
2026-04-01T12:00:00+00:00,1.17143,1.17173,1.17015,1.17025,5776
2026-04-01T12:30:00+00:00,1.17025,1.17302,1.17005,1.17113,15895
2026-04-01T13:00:00+00:00,1.17113,1.1721300000000001,1.17053,1.17156,9568
2026-04-01T13:30:00+00:00,1.17156,1.17305,1.17126,1.17184,13199
2026-04-01T14:00:00+00:00,1.17184,1.17254,1.17113,1.17208,11439
2026-04-01T14:30:00+00:00,1.17208,1.17337,1.17139,1.17293,13477
2026-04-01T15:00:00+00:00,1.17293,1.17339,1.17127,1.17129,7356
2026-04-01T15:30:00+00:00,1.17129,1.1724,1.1712,1.17205,5946
2026-04-01T16:00:00+00:00,1.17205,1.17224,1.17113,1.17143,5091
2026-04-01T16:30:00+00:00,1.17143,1.17259,1.17116,1.17258,4670
2026-04-01T17:00:00+00:00,1.17258,1.17304,1.17141,1.17148,4522
2026-04-01T17:30:00+00:00,1.17148,1.17148,1.17006,1.17007,4828
2026-04-01T18:00:00+00:00,1.17007,1.17011,1.16899,1.16913,6198
2026-04-01T18:30:00+00:00,1.16913,1.16944,1.16835,1.16856,5363
2026-04-01T19:00:00+00:00,1.16856,1.16915,1.16831,1.16898,3582
2026-04-01T19:30:00+00:00,1.16898,1.1694,1.16879,1.16904,3431
2026-04-01T20:00:00+00:00,1.16904,1.16945,1.16903,1.16938,1809
2026-04-01T20:30:00+00:00,1.16938,1.16987,1.16937,1.16943,1495
2026-04-01T21:00:00+00:00,1.16943,1.16949,1.16909,1.16948,1054.3767279851963
2026-04-01T21:30:00+00:00,1.16948,1.16977,1.16921,1.16969,2741.5277390577085
2026-04-01T22:00:00+00:00,1.16969,1.1700399999999997,1.1696499999999999,1.1700399999999997,592
2026-04-01T22:30:00+00:00,1.1700399999999997,1.17014,1.1697099999999998,1.1697799999999998,1071
2026-04-01T23:00:00+00:00,1.1697799999999998,1.1701499999999998,1.1697799999999998,1.16986,1106
2026-04-01T23:30:00+00:00,1.16986,1.17,1.16959,1.16966,1245
2026-04-02T00:00:00+00:00,1.16966,1.1702599999999999,1.1693699999999998,1.1694399999999998,4039
2026-04-02T00:30:00+00:00,1.1694399999999998,1.17047,1.1694099999999998,1.17024,4167
2026-04-02T01:00:00+00:00,1.17024,1.17122,1.1666899999999998,1.1669899999999997,24989
2026-04-02T01:30:00+00:00,1.1669899999999997,1.1670399999999999,1.1652399999999998,1.1659399999999998,11904
2026-04-02T02:00:00+00:00,1.1659399999999998,1.1667199999999998,1.16549,1.16549,8068
2026-04-02T02:30:00+00:00,1.16549,1.1656199999999999,1.1650999999999998,1.16536,4329
2026-04-02T03:00:00+00:00,1.16536,1.16553,1.16508,1.1652799999999999,3484
2026-04-02T03:30:00+00:00,1.1652799999999999,1.1655799999999998,1.1644599999999998,1.1646899999999998,3170
2026-04-02T04:00:00+00:00,1.1646899999999998,1.16488,1.1641899999999998,1.1642099999999997,3344
2026-04-02T04:30:00+00:00,1.1642099999999997,1.1643799999999997,1.1639,1.16437,2402
2026-04-02T05:00:00+00:00,1.16437,1.16458,1.1638099999999998,1.1639399999999998,2926
2026-04-02T05:30:00+00:00,1.1639399999999998,1.16437,1.1631699999999998,1.16322,4543
2026-04-02T06:00:00+00:00,1.16322,1.16359,1.1622199999999998,1.1631399999999998,6176
2026-04-02T06:30:00+00:00,1.1631399999999998,1.16424,1.16302,1.1641099999999998,5133
2026-04-02T07:00:00+00:00,1.1641099999999998,1.16447,1.1633099999999998,1.1635999999999997,6771
2026-04-02T07:30:00+00:00,1.1635999999999997,1.1640099999999998,1.1625499999999998,1.16393,6080
2026-04-02T08:00:00+00:00,1.16393,1.1642599999999999,1.1631799999999999,1.1634499999999999,4774
2026-04-02T08:30:00+00:00,1.1634499999999999,1.16376,1.1631099999999999,1.1632099999999999,4067
2026-04-02T09:00:00+00:00,1.1632099999999999,1.16353,1.16285,1.1633499999999999,3563
2026-04-02T09:30:00+00:00,1.1633499999999999,1.1638799999999998,1.1630399999999999,1.1632999999999998,4105
2026-04-02T10:00:00+00:00,1.1632999999999998,1.1633699999999998,1.16204,1.1626199999999998,3734
2026-04-02T10:30:00+00:00,1.1626199999999998,1.1627299999999998,1.1618,1.1619,4344
2026-04-02T11:00:00+00:00,1.1619,1.1621,1.1616,1.16183,3895
2026-04-02T11:30:00+00:00,1.16183,1.1626299999999998,1.1617199999999999,1.16244,4049
2026-04-02T12:00:00+00:00,1.16244,1.1635999999999997,1.16237,1.1633699999999998,6111
2026-04-02T12:30:00+00:00,1.1633699999999998,1.1638099999999998,1.16295,1.1631399999999998,6334
2026-04-02T13:00:00+00:00,1.1631399999999998,1.1636699999999998,1.1627199999999998,1.1633999999999998,7567
2026-04-02T13:30:00+00:00,1.1633999999999998,1.1639399999999998,1.1627199999999998,1.1638,10289
2026-04-02T14:00:00+00:00,1.1638,1.16434,1.1634099999999998,1.1636799999999998,8673
2026-04-02T14:30:00+00:00,1.1636799999999998,1.16708,1.1633499999999999,1.1658099999999998,28836
2026-04-02T15:00:00+00:00,1.1658099999999998,1.1665499999999998,1.1648399999999999,1.1657199999999999,13168
2026-04-02T15:30:00+00:00,1.1657199999999999,1.1659599999999999,1.1649599999999998,1.16519,7787
2026-04-02T16:00:00+00:00,1.16519,1.1654499999999999,1.1645999999999999,1.1647899999999998,6479
2026-04-02T16:30:00+00:00,1.1647899999999998,1.1654799999999998,1.1645899999999998,1.1645999999999999,7373
2026-04-02T17:00:00+00:00,1.1645999999999999,1.1656099999999998,1.1644199999999998,1.1651799999999999,4825
2026-04-02T17:30:00+00:00,1.1651799999999999,1.16519,1.1643199999999998,1.1644499999999998,3485
2026-04-02T18:00:00+00:00,1.1644499999999998,1.1646899999999998,1.1639899999999999,1.1640599999999999,3447
2026-04-02T18:30:00+00:00,1.1640599999999999,1.1646699999999999,1.1639899999999999,1.16431,3452.179008877402
2026-04-02T19:00:00+00:00,1.16431,1.16506,1.1642299999999999,1.1646299999999998,3620
2026-04-02T19:30:00+00:00,1.1646299999999998,1.16475,1.16403,1.1641599999999999,3102
2026-04-02T20:00:00+00:00,1.1641599999999999,1.1645299999999998,1.1639,1.16448,1861
2026-04-02T20:30:00+00:00,1.16448,1.16468,1.1643299999999999,1.1645299999999998,1330
2026-04-02T21:00:00+00:00,1.1645299999999998,1.16461,1.16404,1.16452,259.37700431315557
2026-04-02T21:30:00+00:00,1.16452,1.16526,1.16451,1.16514,758.9934762775193
2026-04-02T22:00:00+00:00,1.16514,1.16527,1.16488,1.16505,484.0951543786397
2026-04-02T22:30:00+00:00,1.16505,1.16516,1.16502,1.1651,417
2026-04-02T23:00:00+00:00,1.1651,1.16526,1.16505,1.16526,488.65942763980763
2026-04-02T23:30:00+00:00,1.16526,1.16541,1.1652,1.16525,462.96441580274586
2026-04-03T00:00:00+00:00,1.16525,1.1656199999999999,1.16515,1.16532,1049
2026-04-03T00:30:00+00:00,1.16532,1.16551,1.1649,1.16492,1846
2026-04-03T01:00:00+00:00,1.16492,1.16508,1.1648399999999999,1.1649699999999998,1812
2026-04-03T01:30:00+00:00,1.1649699999999998,1.1650099999999999,1.16447,1.16461,913
2026-04-03T02:00:00+00:00,1.16461,1.1649399999999999,1.16431,1.16431,1490
2026-04-03T02:30:00+00:00,1.16431,1.16481,1.16431,1.16472,895
2026-04-03T03:00:00+00:00,1.16472,1.16486,1.16464,1.1646999999999998,501
2026-04-03T03:30:00+00:00,1.1646999999999998,1.16478,1.1645299999999998,1.16473,657
2026-04-03T04:00:00+00:00,1.16473,1.1647399999999999,1.1645299999999998,1.16461,659
2026-04-03T04:30:00+00:00,1.16461,1.16469,1.16449,1.16449,1225
2026-04-03T05:00:00+00:00,1.16449,1.16456,1.16404,1.16418,999
2026-04-03T05:30:00+00:00,1.16418,1.16493,1.16418,1.16491,1107
2026-04-03T06:00:00+00:00,1.16491,1.16502,1.16464,1.16465,657
2026-04-03T06:30:00+00:00,1.16465,1.16517,1.16461,1.16507,1089
2026-04-03T07:00:00+00:00,1.16507,1.16573,1.16506,1.1655,829
2026-04-03T07:30:00+00:00,1.1655,1.1657199999999999,1.16534,1.16539,1119
2026-04-03T08:00:00+00:00,1.16539,1.16552,1.16512,1.1653799999999999,932
2026-04-03T08:30:00+00:00,1.1653799999999999,1.16564,1.16526,1.1654099999999998,904
2026-04-03T09:00:00+00:00,1.1654099999999998,1.16568,1.1653099999999998,1.16561,1132
2026-04-03T09:30:00+00:00,1.16561,1.16561,1.16517,1.16542,836
2026-04-03T10:00:00+00:00,1.16542,1.16563,1.16534,1.16557,697
2026-04-03T10:30:00+00:00,1.16557,1.1660199999999998,1.1653,1.16559,1006
2026-04-03T11:00:00+00:00,1.16559,1.1657899999999999,1.16532,1.1654099999999998,1555
2026-04-03T11:30:00+00:00,1.1654099999999998,1.16563,1.16519,1.16554,1361
2026-04-03T12:00:00+00:00,1.16554,1.16571,1.1652099999999999,1.1653499999999999,2184
2026-04-03T12:30:00+00:00,1.1653499999999999,1.1653499999999999,1.16271,1.16422,6745
2026-04-03T13:00:00+00:00,1.16422,1.1649699999999998,1.16403,1.16422,2163
2026-04-03T13:30:00+00:00,1.16422,1.16468,1.1638899999999999,1.16458,1882
2026-04-03T14:00:00+00:00,1.16458,1.16476,1.16354,1.16376,2013
2026-04-03T14:30:00+00:00,1.16376,1.16387,1.16319,1.16323,1565
2026-04-03T15:00:00+00:00,1.16323,1.1639,1.16319,1.16359,2088
2026-04-03T15:30:00+00:00,1.16359,1.1636499999999999,1.16307,1.16333,1670
2026-04-03T16:00:00+00:00,1.16333,1.16333,1.16296,1.16312,2148
2026-04-03T16:30:00+00:00,1.16312,1.1632799999999999,1.16299,1.16299,1428
2026-04-03T17:00:00+00:00,1.16299,1.1631799999999999,1.16293,1.16298,1645
2026-04-03T17:30:00+00:00,1.16298,1.1632799999999999,1.1629399999999999,1.16312,1478
2026-04-03T18:00:00+00:00,1.16312,1.16324,1.16296,1.1630399999999999,840
2026-04-03T18:30:00+00:00,1.1630399999999999,1.16305,1.1624999999999999,1.16256,1094
2026-04-03T19:00:00+00:00,1.16256,1.16269,1.16251,1.16258,463
2026-04-03T19:30:00+00:00,1.16258,1.16261,1.16249,1.16254,286.9919430579538
2026-04-03T20:00:00+00:00,1.16254,1.16385,1.16236,1.16268,788.1857230018304
2026-04-03T20:30:00+00:00,1.16268,1.1630399999999999,1.16205,1.16262,193.21556538771006
2026-04-05T21:00:00+00:00,1.1520100000000002,1.1523200000000002,1.1518300000000001,1.1520100000000002,87.19978128970655
2026-04-05T21:30:00+00:00,1.1520100000000002,1.15223,1.1517300000000001,1.15196,132.64595638369653
2026-04-05T22:00:00+00:00,1.15196,1.1520000000000001,1.15053,1.15113,3871
2026-04-05T22:30:00+00:00,1.15113,1.15165,1.15096,1.1515,3808
2026-04-05T23:00:00+00:00,1.1515,1.15169,1.1509300000000002,1.1509300000000002,2626.285890073831
2026-04-05T23:30:00+00:00,1.1509300000000002,1.15118,1.1508500000000002,1.1509900000000002,2264
2026-04-06T00:00:00+00:00,1.1509900000000002,1.15185,1.1509500000000001,1.15151,4968
2026-04-06T00:30:00+00:00,1.15151,1.15175,1.1510900000000002,1.1511900000000002,3063
2026-04-06T01:00:00+00:00,1.1511900000000002,1.15145,1.15081,1.1510500000000001,3321
2026-04-06T01:30:00+00:00,1.1510500000000001,1.1511300000000002,1.15064,1.1507,2135
2026-04-06T02:00:00+00:00,1.1507,1.1528800000000001,1.1507,1.1524500000000002,5816
2026-04-06T02:30:00+00:00,1.1524500000000002,1.1526200000000002,1.15203,1.1520700000000001,2943
2026-04-06T03:00:00+00:00,1.1520700000000001,1.1523400000000001,1.15172,1.1521800000000002,3148
2026-04-06T03:30:00+00:00,1.1521800000000002,1.1522000000000001,1.1517600000000001,1.15192,1993
2026-04-06T04:00:00+00:00,1.15192,1.1521400000000002,1.15186,1.15196,1921
2026-04-06T04:30:00+00:00,1.15196,1.1525100000000001,1.15195,1.1524400000000001,1675
2026-04-06T05:00:00+00:00,1.1524400000000001,1.1529800000000001,1.1523100000000002,1.1527100000000001,1879
2026-04-06T05:30:00+00:00,1.1527100000000001,1.1527600000000002,1.1524200000000002,1.1525500000000002,2163
2026-04-06T06:00:00+00:00,1.1525500000000002,1.1527800000000001,1.1523,1.15236,2510
2026-04-06T06:30:00+00:00,1.15236,1.1537700000000002,1.15222,1.1533200000000001,4951
2026-04-06T07:00:00+00:00,1.1533200000000001,1.15348,1.1525500000000002,1.15345,3465
2026-04-06T07:30:00+00:00,1.15345,1.1568900000000002,1.15345,1.15646,6268
2026-04-06T08:00:00+00:00,1.15646,1.1568900000000002,1.1555600000000001,1.1559100000000002,5642
2026-04-06T08:30:00+00:00,1.1559100000000002,1.15623,1.1554000000000002,1.1555300000000002,3182
2026-04-06T09:00:00+00:00,1.1555300000000002,1.15585,1.15538,1.15558,2693
2026-04-06T09:30:00+00:00,1.15558,1.1560700000000002,1.15477,1.1550600000000002,4323
2026-04-06T10:00:00+00:00,1.1550600000000002,1.1554300000000002,1.1547500000000002,1.1548,3153
2026-04-06T10:30:00+00:00,1.1548,1.15518,1.1537400000000002,1.1548100000000001,4592
2026-04-06T11:00:00+00:00,1.1548100000000001,1.15501,1.1540400000000002,1.15432,2937
2026-04-06T11:30:00+00:00,1.15432,1.1548100000000001,1.1542000000000001,1.1545900000000002,2500
2026-04-06T12:00:00+00:00,1.1545900000000002,1.1548600000000002,1.1542800000000002,1.1546200000000002,3273
2026-04-06T12:30:00+00:00,1.1546200000000002,1.1554700000000002,1.1546100000000001,1.15535,3590
2026-04-06T13:00:00+00:00,1.15535,1.1557400000000002,1.15494,1.1557400000000002,3542
2026-04-06T13:30:00+00:00,1.1557400000000002,1.15615,1.1555300000000002,1.15596,5553
2026-04-06T14:00:00+00:00,1.15596,1.15674,1.15544,1.1565800000000002,8536
2026-04-06T14:30:00+00:00,1.1565800000000002,1.15718,1.1542800000000002,1.15432,14377
2026-04-06T15:00:00+00:00,1.15432,1.15439,1.1535700000000002,1.1540300000000001,7529
2026-04-06T15:30:00+00:00,1.1540300000000001,1.15446,1.1536600000000001,1.1544400000000001,3742
2026-04-06T16:00:00+00:00,1.1544400000000001,1.1548,1.1542400000000002,1.1546500000000002,3058
2026-04-06T16:30:00+00:00,1.1546500000000002,1.15483,1.1542800000000002,1.15453,4015
2026-04-06T17:00:00+00:00,1.15453,1.15453,1.1534200000000001,1.15439,6452
2026-04-06T17:30:00+00:00,1.15439,1.1549,1.1540300000000001,1.1541700000000001,3924
2026-04-06T18:00:00+00:00,1.1541700000000001,1.15528,1.1539800000000002,1.15507,5689
2026-04-06T18:30:00+00:00,1.15507,1.1552200000000001,1.15439,1.1545800000000002,4023
2026-04-06T19:00:00+00:00,1.1545800000000002,1.1546900000000002,1.1541800000000002,1.1542400000000002,2605
2026-04-06T19:30:00+00:00,1.1542400000000002,1.1547,1.1540800000000002,1.15429,2313
2026-04-06T20:00:00+00:00,1.15429,1.15447,1.1541000000000001,1.1543500000000002,1438
2026-04-06T20:30:00+00:00,1.1543500000000002,1.1544100000000002,1.15396,1.1540400000000002,1451
2026-04-06T21:00:00+00:00,1.1540400000000002,1.1542100000000002,1.15371,1.1539000000000001,577
2026-04-06T21:30:00+00:00,1.1539000000000001,1.15439,1.1539000000000001,1.1542100000000002,1641
2026-04-06T22:00:00+00:00,1.1542100000000002,1.1548,1.1542100000000002,1.1544500000000002,922
2026-04-06T22:30:00+00:00,1.1544500000000002,1.1545400000000001,1.15422,1.15426,3108
2026-04-06T23:00:00+00:00,1.15426,1.15436,1.1540800000000002,1.15409,628
2026-04-06T23:30:00+00:00,1.15409,1.15426,1.1539000000000001,1.15409,936
2026-04-07T00:00:00+00:00,1.15409,1.1544100000000002,1.1538100000000002,1.15402,4139
2026-04-07T00:30:00+00:00,1.15402,1.1541000000000001,1.1536600000000001,1.1537600000000001,2467
2026-04-07T01:00:00+00:00,1.1537600000000001,1.15405,1.1534900000000001,1.15365,3474
2026-04-07T01:30:00+00:00,1.15365,1.1537000000000002,1.15274,1.1530300000000002,3018
2026-04-07T02:00:00+00:00,1.1530300000000002,1.1530500000000001,1.1524200000000002,1.15294,2701
2026-04-07T02:30:00+00:00,1.15294,1.15321,1.1528600000000002,1.1529900000000002,1173
2026-04-07T03:00:00+00:00,1.1529900000000002,1.1532300000000002,1.1529,1.1531,1333
2026-04-07T03:30:00+00:00,1.1531,1.1534900000000001,1.1530600000000002,1.1534600000000002,1308
2026-04-07T04:00:00+00:00,1.1534600000000002,1.15361,1.15331,1.15348,1377
2026-04-07T04:30:00+00:00,1.15348,1.1539000000000001,1.15344,1.1538400000000002,1558
2026-04-07T05:00:00+00:00,1.1538400000000002,1.15399,1.15355,1.15365,1901
2026-04-07T05:30:00+00:00,1.15365,1.15378,1.15304,1.15355,2633
2026-04-07T06:00:00+00:00,1.15355,1.1539400000000002,1.15328,1.1537700000000002,3574
2026-04-07T06:30:00+00:00,1.1537700000000002,1.15457,1.1537000000000002,1.1544800000000002,3978
2026-04-07T07:00:00+00:00,1.1544800000000002,1.15456,1.15369,1.1538700000000002,4183
2026-04-07T07:30:00+00:00,1.1538700000000002,1.1546200000000002,1.1538700000000002,1.15429,2959
2026-04-07T08:00:00+00:00,1.15429,1.1568100000000001,1.1542000000000001,1.1561400000000002,12506
2026-04-07T08:30:00+00:00,1.1561400000000002,1.15758,1.15595,1.15737,6821
2026-04-07T09:00:00+00:00,1.15737,1.1575600000000001,1.1565500000000002,1.1569,5655
2026-04-07T09:30:00+00:00,1.1569,1.1572900000000002,1.1562400000000002,1.1563,4557
2026-04-07T10:00:00+00:00,1.1563,1.1564,1.1545900000000002,1.1555300000000002,11718
2026-04-07T10:30:00+00:00,1.1555300000000002,1.15588,1.15464,1.15544,8034
2026-04-07T11:00:00+00:00,1.15544,1.15569,1.1548100000000001,1.15541,4860
2026-04-07T11:30:00+00:00,1.15541,1.15623,1.15507,1.1560100000000002,4977
2026-04-07T12:00:00+00:00,1.1560100000000002,1.15663,1.1553900000000001,1.15612,9189
2026-04-07T12:30:00+00:00,1.15612,1.1569900000000002,1.1557700000000002,1.15606,5866
2026-04-07T13:00:00+00:00,1.15606,1.1565200000000002,1.1558400000000002,1.15599,7036
2026-04-07T13:30:00+00:00,1.15599,1.1565100000000001,1.15561,1.1563800000000002,7417
2026-04-07T14:00:00+00:00,1.1563800000000002,1.15734,1.15585,1.1572600000000002,8338
2026-04-07T14:30:00+00:00,1.1572600000000002,1.1583800000000002,1.1571300000000002,1.15721,10958
2026-04-07T15:00:00+00:00,1.15721,1.1578700000000002,1.1566,1.15745,10367
2026-04-07T15:30:00+00:00,1.15745,1.15785,1.1567900000000002,1.15711,7372
2026-04-07T16:00:00+00:00,1.15711,1.15798,1.1570900000000002,1.1575600000000001,10996
2026-04-07T16:30:00+00:00,1.1575600000000001,1.1577700000000002,1.1569800000000001,1.15717,4420
2026-04-07T17:00:00+00:00,1.15717,1.1575600000000001,1.1566400000000001,1.1568600000000002,4486
2026-04-07T17:30:00+00:00,1.1568600000000002,1.1579700000000002,1.1568600000000002,1.15778,5947
2026-04-07T18:00:00+00:00,1.15778,1.15832,1.15772,1.15822,4224
2026-04-07T18:30:00+00:00,1.15822,1.1583100000000002,1.1571500000000001,1.15748,4271
2026-04-07T19:00:00+00:00,1.15748,1.15908,1.15731,1.15847,10062
2026-04-07T19:30:00+00:00,1.15847,1.1601800000000002,1.1583,1.1595300000000002,12035
2026-04-07T20:00:00+00:00,1.1595300000000002,1.1605200000000002,1.15927,1.15996,4342
2026-04-07T20:30:00+00:00,1.15996,1.1603,1.15934,1.15935,5734
2026-04-07T21:00:00+00:00,1.15935,1.16006,1.1590900000000002,1.1596700000000002,575
2026-04-07T21:30:00+00:00,1.1596700000000002,1.1598600000000001,1.1593200000000001,1.1595300000000002,663.577826433121
2026-04-07T22:00:00+00:00,1.1595300000000002,1.16192,1.1595300000000002,1.1612600000000002,3991
2026-04-07T22:30:00+00:00,1.1612600000000002,1.1669300000000002,1.1588100000000001,1.16677,25220
2026-04-07T23:00:00+00:00,1.16677,1.1687500000000002,1.1661000000000001,1.1676000000000002,19892
2026-04-07T23:30:00+00:00,1.1676000000000002,1.1690200000000002,1.1671200000000002,1.1686,10261
2026-04-08T00:00:00+00:00,1.1686,1.1696600000000001,1.16697,1.1674700000000002,14602
2026-04-08T00:30:00+00:00,1.1674700000000002,1.1676600000000001,1.16657,1.1671600000000002,8680
2026-04-08T01:00:00+00:00,1.1671600000000002,1.1688100000000001,1.1670900000000002,1.1686400000000001,9759
2026-04-08T01:30:00+00:00,1.1686400000000001,1.1686500000000002,1.1674600000000002,1.1675200000000001,7149
2026-04-08T02:00:00+00:00,1.1675200000000001,1.1682000000000001,1.1668600000000002,1.1673600000000002,5856
2026-04-08T02:30:00+00:00,1.1673600000000002,1.1675200000000001,1.1669300000000002,1.16735,4178
2026-04-08T03:00:00+00:00,1.16735,1.16758,1.1666800000000002,1.1668900000000002,4090
2026-04-08T03:30:00+00:00,1.1668900000000002,1.1672200000000001,1.1666,1.16704,4111
2026-04-08T04:00:00+00:00,1.16704,1.1680800000000002,1.16704,1.16778,4184
2026-04-08T04:30:00+00:00,1.16778,1.1680500000000003,1.1673700000000002,1.16761,3839
2026-04-08T05:00:00+00:00,1.16761,1.1687400000000001,1.1671900000000002,1.16856,5325
2026-04-08T05:30:00+00:00,1.16856,1.17083,1.1683800000000002,1.1691200000000002,7359
2026-04-08T06:00:00+00:00,1.1691200000000002,1.17046,1.16843,1.1702700000000001,7878
2026-04-08T06:30:00+00:00,1.1702700000000001,1.1708800000000001,1.1690300000000002,1.16961,7886
2026-04-08T07:00:00+00:00,1.16961,1.1697000000000002,1.1678700000000002,1.1695000000000002,8787
2026-04-08T07:30:00+00:00,1.1695000000000002,1.1700100000000002,1.1688600000000002,1.1695200000000001,6823
2026-04-08T08:00:00+00:00,1.1695200000000001,1.1699000000000002,1.16816,1.1684900000000003,6717
2026-04-08T08:30:00+00:00,1.1684900000000003,1.1686500000000002,1.1668600000000002,1.1681000000000001,9784
2026-04-08T09:00:00+00:00,1.1681000000000001,1.1689200000000002,1.1679100000000002,1.1682000000000001,5846
2026-04-08T09:30:00+00:00,1.1682000000000001,1.1686400000000001,1.16779,1.1679300000000001,7214
2026-04-08T10:00:00+00:00,1.1679300000000001,1.1686800000000002,1.1677300000000002,1.16856,5328
2026-04-08T10:30:00+00:00,1.16856,1.16924,1.1684,1.169,5414
2026-04-08T11:00:00+00:00,1.169,1.171,1.16853,1.1707,7028
2026-04-08T11:30:00+00:00,1.1707,1.1707500000000002,1.16941,1.1700100000000002,7547
2026-04-08T12:00:00+00:00,1.1700100000000002,1.1710200000000002,1.1687900000000002,1.17002,14978
2026-04-08T12:30:00+00:00,1.17002,1.1718000000000002,1.17002,1.1713900000000002,6731
2026-04-08T13:00:00+00:00,1.1713900000000002,1.17216,1.1702500000000002,1.17036,8863
2026-04-08T13:30:00+00:00,1.17036,1.1705,1.16867,1.16941,13825
2026-04-08T14:00:00+00:00,1.16941,1.1703400000000002,1.16901,1.1696900000000001,12310
2026-04-08T14:30:00+00:00,1.1696900000000001,1.1702100000000002,1.1689300000000002,1.16941,14231
2026-04-08T15:00:00+00:00,1.16941,1.16962,1.1684100000000002,1.1688200000000002,9857
2026-04-08T15:30:00+00:00,1.1688200000000002,1.1696400000000002,1.1685500000000002,1.1686100000000001,7011
2026-04-08T16:00:00+00:00,1.1686100000000001,1.1688500000000002,1.16785,1.16799,7619
2026-04-08T16:30:00+00:00,1.16799,1.16826,1.1677000000000002,1.1681700000000002,4865
2026-04-08T17:00:00+00:00,1.1681700000000002,1.1685100000000002,1.16707,1.16755,5643
2026-04-08T17:30:00+00:00,1.16755,1.16765,1.1668600000000002,1.1674700000000002,5595
2026-04-08T18:00:00+00:00,1.1674700000000002,1.1680000000000001,1.16646,1.16656,9163
2026-04-08T18:30:00+00:00,1.16656,1.1668300000000003,1.1649500000000002,1.16501,7233
2026-04-08T19:00:00+00:00,1.16501,1.1653700000000002,1.1643200000000002,1.1652200000000001,7666
2026-04-08T19:30:00+00:00,1.1652200000000001,1.16704,1.16518,1.16677,5691
2026-04-08T20:00:00+00:00,1.16677,1.1669300000000002,1.1660300000000001,1.1662200000000003,2122
2026-04-08T20:30:00+00:00,1.1662200000000003,1.1664500000000002,1.1661000000000001,1.1662400000000002,2593
2026-04-08T21:00:00+00:00,1.1662400000000002,1.16639,1.1658700000000002,1.16625,283.2199991540121
2026-04-08T21:30:00+00:00,1.16625,1.16653,1.16609,1.16638,894
2026-04-08T22:00:00+00:00,1.16638,1.16675,1.16598,1.16629,1186
2026-04-08T22:30:00+00:00,1.16629,1.16655,1.16608,1.16622,1184
2026-04-08T23:00:00+00:00,1.16622,1.16631,1.1659599999999999,1.16599,945
2026-04-08T23:30:00+00:00,1.16599,1.16609,1.16574,1.16591,1281
2026-04-09T00:00:00+00:00,1.16591,1.16594,1.16528,1.16567,4163
2026-04-09T00:30:00+00:00,1.16567,1.1661,1.16559,1.16571,3610
2026-04-09T01:00:00+00:00,1.16571,1.16587,1.16504,1.16524,3573
2026-04-09T01:30:00+00:00,1.16524,1.16635,1.16523,1.16617,3059
2026-04-09T02:00:00+00:00,1.16617,1.16645,1.16591,1.16643,2403
2026-04-09T02:30:00+00:00,1.16643,1.1667399999999999,1.1663999999999999,1.16652,2076
2026-04-09T03:00:00+00:00,1.16652,1.16665,1.16625,1.16635,2161.605908319185
2026-04-09T03:30:00+00:00,1.16635,1.16668,1.16605,1.16623,2313
2026-04-09T04:00:00+00:00,1.16623,1.16699,1.16618,1.16681,1554
2026-04-09T04:30:00+00:00,1.16681,1.1671,1.16662,1.16664,1510
2026-04-09T05:00:00+00:00,1.16664,1.16678,1.16621,1.16635,2404
2026-04-09T05:30:00+00:00,1.16635,1.1663999999999999,1.16592,1.16609,2530
2026-04-09T06:00:00+00:00,1.16609,1.16631,1.16543,1.1657899999999999,3152
2026-04-09T06:30:00+00:00,1.1657899999999999,1.16643,1.16565,1.16643,4132
2026-04-09T07:00:00+00:00,1.16643,1.16692,1.16573,1.16605,5020
2026-04-09T07:30:00+00:00,1.16605,1.16646,1.16553,1.16629,4107
2026-04-09T08:00:00+00:00,1.16629,1.16666,1.1659599999999999,1.16628,3190
2026-04-09T08:30:00+00:00,1.16628,1.16748,1.16623,1.1672,3864
2026-04-09T09:00:00+00:00,1.1672,1.16791,1.16684,1.16767,3891
2026-04-09T09:30:00+00:00,1.16767,1.16782,1.16723,1.16745,3082
2026-04-09T10:00:00+00:00,1.16745,1.1679599999999999,1.16741,1.16776,3630
2026-04-09T10:30:00+00:00,1.16776,1.16776,1.16711,1.16711,3271
2026-04-09T11:00:00+00:00,1.16711,1.16812,1.16696,1.16812,3554
2026-04-09T11:30:00+00:00,1.16812,1.16894,1.16803,1.16883,3735
2026-04-09T12:00:00+00:00,1.16883,1.16891,1.16802,1.16843,3723
2026-04-09T12:30:00+00:00,1.16843,1.169,1.16789,1.1686,6085
2026-04-09T13:00:00+00:00,1.1686,1.16923,1.16832,1.1688,4580
2026-04-09T13:30:00+00:00,1.1688,1.16952,1.16811,1.16818,7504
2026-04-09T14:00:00+00:00,1.16818,1.16881,1.16804,1.16863,7047
2026-04-09T14:30:00+00:00,1.16863,1.16863,1.16743,1.16846,6863
2026-04-09T15:00:00+00:00,1.16846,1.16999,1.16776,1.16947,9732
2026-04-09T15:30:00+00:00,1.16947,1.17071,1.16941,1.17054,11453
2026-04-09T16:00:00+00:00,1.17054,1.1714,1.1702299999999999,1.17137,6402
2026-04-09T16:30:00+00:00,1.17137,1.17138,1.17077,1.17105,4716
2026-04-09T17:00:00+00:00,1.17105,1.17218,1.171,1.17196,4580
2026-04-09T17:30:00+00:00,1.17196,1.17233,1.17123,1.17141,4173
2026-04-09T18:00:00+00:00,1.17141,1.17148,1.16984,1.17011,7969
2026-04-09T18:30:00+00:00,1.17011,1.17022,1.16974,1.16991,4034
2026-04-09T19:00:00+00:00,1.16991,1.17061,1.1697899999999999,1.17031,3412
2026-04-09T19:30:00+00:00,1.17031,1.17085,1.16997,1.17007,3590
2026-04-09T20:00:00+00:00,1.17007,1.17008,1.16966,1.16978,1649
2026-04-09T20:30:00+00:00,1.16978,1.16997,1.16953,1.16975,1494
2026-04-09T21:00:00+00:00,1.16975,1.16982,1.16947,1.16947,463.29504323076094
2026-04-09T21:30:00+00:00,1.16947,1.1701100000000002,1.16943,1.1701000000000001,846.1861400840913
2026-04-09T22:00:00+00:00,1.1701000000000001,1.17028,1.16968,1.1696900000000001,931
2026-04-09T22:30:00+00:00,1.1696900000000001,1.1699400000000002,1.16931,1.1694600000000002,1521
2026-04-09T23:00:00+00:00,1.1694600000000002,1.1696600000000001,1.1693500000000001,1.16947,958
2026-04-09T23:30:00+00:00,1.16947,1.16962,1.16906,1.1692,1129
2026-04-10T00:00:00+00:00,1.1692,1.16921,1.16867,1.1687200000000002,2527
2026-04-10T00:30:00+00:00,1.1687200000000002,1.1689500000000002,1.16859,1.16883,2616
2026-04-10T01:00:00+00:00,1.16883,1.16896,1.16866,1.16887,2064
2026-04-10T01:30:00+00:00,1.16887,1.16951,1.1688,1.16928,2175
2026-04-10T02:00:00+00:00,1.16928,1.16947,1.1687100000000001,1.1687200000000002,2152
2026-04-10T02:30:00+00:00,1.1687200000000002,1.16934,1.1687200000000002,1.16914,1394
2026-04-10T03:00:00+00:00,1.16914,1.16954,1.16901,1.1694900000000001,1207
2026-04-10T03:30:00+00:00,1.1694900000000001,1.16972,1.16931,1.16961,1334
2026-04-10T04:00:00+00:00,1.16961,1.1697000000000002,1.1693500000000001,1.1694900000000001,1250
2026-04-10T04:30:00+00:00,1.1694900000000001,1.16957,1.16917,1.16924,1344
2026-04-10T05:00:00+00:00,1.16924,1.1693300000000002,1.16879,1.1688200000000002,1546
2026-04-10T05:30:00+00:00,1.1688200000000002,1.1692200000000001,1.1688100000000001,1.16903,1628
2026-04-10T06:00:00+00:00,1.16903,1.16941,1.1684700000000001,1.1684700000000001,2893
2026-04-10T06:30:00+00:00,1.1684700000000001,1.16907,1.16836,1.16846,3049
2026-04-10T07:00:00+00:00,1.16846,1.16901,1.1682700000000001,1.1687200000000002,3352
2026-04-10T07:30:00+00:00,1.1687200000000002,1.1687200000000002,1.16795,1.16802,3193
2026-04-10T08:00:00+00:00,1.16802,1.1688800000000001,1.16779,1.1686100000000001,3217
2026-04-10T08:30:00+00:00,1.1686100000000001,1.16903,1.1684700000000001,1.1686400000000001,2619
2026-04-10T09:00:00+00:00,1.1686400000000001,1.17107,1.1685,1.1697700000000002,9931
2026-04-10T09:30:00+00:00,1.1697700000000002,1.1711500000000001,1.1696000000000002,1.1710800000000001,4736
2026-04-10T10:00:00+00:00,1.1710800000000001,1.1713900000000002,1.17063,1.1712500000000001,3658
2026-04-10T10:30:00+00:00,1.1712500000000001,1.17162,1.1710500000000001,1.17134,2788
2026-04-10T11:00:00+00:00,1.17134,1.1719300000000001,1.1712600000000002,1.1713500000000001,2855
2026-04-10T11:30:00+00:00,1.1713500000000001,1.1717600000000001,1.1711200000000002,1.17145,2676
2026-04-10T12:00:00+00:00,1.17145,1.17162,1.1709800000000001,1.17141,4437
2026-04-10T12:30:00+00:00,1.17141,1.1726,1.1712900000000002,1.1721300000000001,8374
2026-04-10T13:00:00+00:00,1.1721300000000001,1.1735200000000001,1.1719000000000002,1.17338,6065
2026-04-10T13:30:00+00:00,1.17338,1.1735200000000001,1.1725,1.1728100000000001,7541
2026-04-10T14:00:00+00:00,1.1728100000000001,1.1738700000000002,1.1727,1.1735600000000002,6297
2026-04-10T14:30:00+00:00,1.1735600000000002,1.17375,1.17205,1.17283,10483
2026-04-10T15:00:00+00:00,1.17283,1.1740000000000002,1.17272,1.1732500000000001,5813
2026-04-10T15:30:00+00:00,1.1732500000000001,1.1735300000000002,1.1722100000000002,1.17228,6657
2026-04-10T16:00:00+00:00,1.17228,1.1725800000000002,1.17205,1.1721400000000002,3813
2026-04-10T16:30:00+00:00,1.1721400000000002,1.1722000000000001,1.17141,1.17209,4658
2026-04-10T17:00:00+00:00,1.17209,1.17249,1.1719400000000002,1.17233,2967
2026-04-10T17:30:00+00:00,1.17233,1.17266,1.17218,1.1723800000000002,2905
2026-04-10T18:00:00+00:00,1.1723800000000002,1.1730200000000002,1.1719400000000002,1.17294,3982
2026-04-10T18:30:00+00:00,1.17294,1.1735900000000001,1.17293,1.17321,3597
2026-04-10T19:00:00+00:00,1.17321,1.1733,1.1728100000000001,1.17287,2836
2026-04-10T19:30:00+00:00,1.17287,1.17307,1.17276,1.17277,2262
2026-04-10T20:00:00+00:00,1.17277,1.1730200000000002,1.17273,1.1729100000000001,2124
2026-04-10T20:30:00+00:00,1.1729100000000001,1.17313,1.17209,1.1722800000000002,2661.5676090145353
2026-04-12T21:00:00+00:00,1.1722800000000002,1.1732000000000002,1.1718000000000002,1.17317,800.7340480169564
2026-04-12T21:30:00+00:00,1.17317,1.1732100000000003,1.1721800000000002,1.1721900000000003,545.4653145650191
2026-04-12T22:00:00+00:00,1.1721900000000003,1.1730700000000003,1.1719000000000002,1.1721200000000003,4211
2026-04-12T22:30:00+00:00,1.1721200000000003,1.1726800000000002,1.1719000000000002,1.1725700000000001,5197
2026-04-12T23:00:00+00:00,1.1725700000000001,1.1727300000000003,1.1717300000000002,1.17216,2682
2026-04-12T23:30:00+00:00,1.17216,1.1728900000000002,1.17206,1.1728300000000003,2452
2026-04-13T00:00:00+00:00,1.1728300000000003,1.1737000000000002,1.17243,1.1734100000000003,4529
2026-04-13T00:30:00+00:00,1.1734100000000003,1.1741000000000001,1.1734000000000002,1.1741000000000001,2714
2026-04-13T01:00:00+00:00,1.1741000000000001,1.1743100000000002,1.1736900000000001,1.1737600000000001,3566
2026-04-13T01:30:00+00:00,1.1737600000000001,1.17409,1.17338,1.1739700000000002,2683
2026-04-13T02:00:00+00:00,1.1739700000000002,1.1742200000000003,1.1738700000000002,1.17409,1919
2026-04-13T02:30:00+00:00,1.17409,1.1743500000000002,1.1738600000000001,1.1741800000000002,1731
2026-04-13T03:00:00+00:00,1.1741800000000002,1.1742700000000001,1.1739300000000001,1.1740000000000002,1529
2026-04-13T03:30:00+00:00,1.1740000000000002,1.1742200000000003,1.1739600000000001,1.1741500000000002,1505
2026-04-13T04:00:00+00:00,1.1741500000000002,1.1743700000000001,1.1740400000000002,1.1742200000000003,1292
2026-04-13T04:30:00+00:00,1.1742200000000003,1.1743100000000002,1.1739300000000001,1.1739700000000002,1621
2026-04-13T05:00:00+00:00,1.1739700000000002,1.17406,1.1736600000000001,1.1740100000000002,1944
2026-04-13T05:30:00+00:00,1.1740100000000002,1.17426,1.1739700000000002,1.1741400000000002,2557
2026-04-13T06:00:00+00:00,1.1741400000000002,1.1748300000000003,1.17409,1.1742200000000003,4550
2026-04-13T06:30:00+00:00,1.1742200000000003,1.1744100000000002,1.1731500000000001,1.17389,4295
2026-04-13T07:00:00+00:00,1.17389,1.1750200000000002,1.17389,1.1750200000000002,4237
2026-04-13T07:30:00+00:00,1.1750200000000002,1.1753600000000002,1.1746600000000003,1.1750600000000002,3447
2026-04-13T08:00:00+00:00,1.1750600000000002,1.1750600000000002,1.1743800000000002,1.1745100000000002,3753
2026-04-13T08:30:00+00:00,1.1745100000000002,1.1746600000000003,1.1736900000000001,1.1739500000000003,3599
2026-04-13T09:00:00+00:00,1.1739500000000003,1.1743500000000002,1.1737100000000003,1.1741200000000003,3352
2026-04-13T09:30:00+00:00,1.1741200000000003,1.1746200000000002,1.1739400000000002,1.1739700000000002,2741
2026-04-13T10:00:00+00:00,1.1739700000000002,1.1741400000000002,1.1735900000000001,1.1739100000000002,2728
2026-04-13T10:30:00+00:00,1.1739100000000002,1.1748500000000002,1.17375,1.1746900000000002,2548
2026-04-13T11:00:00+00:00,1.1746900000000002,1.17531,1.17467,1.1750900000000002,3379
2026-04-13T11:30:00+00:00,1.1750900000000002,1.1751900000000002,1.1734400000000003,1.1735200000000001,5163
2026-04-13T12:00:00+00:00,1.1735200000000001,1.17416,1.1734000000000002,1.17389,4713
2026-04-13T12:30:00+00:00,1.17389,1.1752600000000002,1.1737600000000001,1.1751800000000001,4192
2026-04-13T13:00:00+00:00,1.1751800000000001,1.1755000000000002,1.1749800000000001,1.17521,4429
2026-04-13T13:30:00+00:00,1.17521,1.1765800000000002,1.1750600000000002,1.1758800000000003,10857
2026-04-13T14:00:00+00:00,1.1758800000000003,1.1766800000000002,1.1753900000000002,1.1766500000000002,9098
2026-04-13T14:30:00+00:00,1.1766500000000002,1.1774200000000001,1.1763200000000003,1.1763800000000002,6443
2026-04-13T15:00:00+00:00,1.1763800000000002,1.17653,1.1757700000000002,1.1759100000000002,6763
2026-04-13T15:30:00+00:00,1.1759100000000002,1.1765700000000001,1.1756000000000002,1.1763100000000002,4944
2026-04-13T16:00:00+00:00,1.1763100000000002,1.1769900000000002,1.1760400000000002,1.1766800000000002,7294
2026-04-13T16:30:00+00:00,1.1766800000000002,1.1784900000000003,1.1766600000000003,1.1778500000000003,9847
2026-04-13T17:00:00+00:00,1.1778500000000003,1.1791200000000002,1.1778300000000002,1.1790600000000002,4373
2026-04-13T17:30:00+00:00,1.1790600000000002,1.1791300000000002,1.17863,1.1787,3410
2026-04-13T18:00:00+00:00,1.1787,1.1791800000000001,1.1787,1.1790500000000002,3020
2026-04-13T18:30:00+00:00,1.1790500000000002,1.1819600000000001,1.1790100000000001,1.1817800000000003,7095
2026-04-13T19:00:00+00:00,1.1817800000000003,1.18185,1.1807300000000003,1.18141,3104
2026-04-13T19:30:00+00:00,1.18141,1.1816100000000003,1.1811300000000002,1.1813600000000002,3613
2026-04-13T20:00:00+00:00,1.1813600000000002,1.1816600000000002,1.1812000000000002,1.1813000000000002,1676
2026-04-13T20:30:00+00:00,1.1813000000000002,1.1813900000000002,1.1810000000000003,1.1811800000000001,1732
2026-04-13T21:00:00+00:00,1.1811800000000001,1.1812200000000004,1.1806200000000002,1.1812100000000003,362.97605389541087
2026-04-13T21:30:00+00:00,1.1812100000000003,1.1812200000000004,1.1807000000000003,1.1808200000000002,1227
2026-04-13T22:00:00+00:00,1.1808200000000002,1.1818100000000002,1.1807200000000002,1.1813700000000003,1132
2026-04-13T22:30:00+00:00,1.1813700000000003,1.1815300000000004,1.1812600000000002,1.1815100000000003,972
2026-04-13T23:00:00+00:00,1.1815100000000003,1.1819200000000003,1.1814500000000003,1.1818200000000003,1246
2026-04-13T23:30:00+00:00,1.1818200000000003,1.1820400000000002,1.1817900000000003,1.1820400000000002,1360
2026-04-14T00:00:00+00:00,1.1820400000000002,1.1821600000000003,1.1814700000000002,1.1818700000000002,2943
2026-04-14T00:30:00+00:00,1.1818700000000002,1.1821000000000004,1.1816800000000003,1.1820000000000004,1893
2026-04-14T01:00:00+00:00,1.1820000000000004,1.1821300000000003,1.1815500000000003,1.1818300000000004,1796
2026-04-14T01:30:00+00:00,1.1818300000000004,1.1819100000000002,1.1813200000000004,1.1813800000000003,2209
2026-04-14T02:00:00+00:00,1.1813800000000003,1.1815800000000003,1.1810900000000004,1.1811800000000003,1718
2026-04-14T02:30:00+00:00,1.1811800000000003,1.1814500000000003,1.1809800000000004,1.1814200000000004,1322
2026-04-14T03:00:00+00:00,1.1814200000000004,1.1815200000000003,1.1812600000000002,1.1814000000000002,1263
2026-04-14T03:30:00+00:00,1.1814000000000002,1.1822000000000004,1.1814000000000002,1.1820500000000003,1126
2026-04-14T04:00:00+00:00,1.1820500000000003,1.1822900000000003,1.1818200000000003,1.1821800000000002,736
2026-04-14T04:30:00+00:00,1.1821800000000002,1.1823500000000002,1.1820200000000003,1.1820400000000002,855
2026-04-14T05:00:00+00:00,1.1820400000000002,1.1823200000000003,1.1814100000000003,1.1815000000000002,1854
2026-04-14T05:30:00+00:00,1.1815000000000002,1.1820000000000004,1.1813100000000003,1.1817900000000003,1983
2026-04-14T06:00:00+00:00,1.1817900000000003,1.1824800000000002,1.1811800000000003,1.1817100000000003,3941
2026-04-14T06:30:00+00:00,1.1817100000000003,1.1832000000000003,1.1816400000000002,1.1831700000000003,4119
2026-04-14T07:00:00+00:00,1.1831700000000003,1.1850300000000002,1.1831000000000003,1.1836900000000004,8550
2026-04-14T07:30:00+00:00,1.1836900000000004,1.1845900000000003,1.1833300000000002,1.1833600000000004,5160
2026-04-14T08:00:00+00:00,1.1833600000000004,1.1835000000000002,1.1828700000000003,1.1832700000000003,5058
2026-04-14T08:30:00+00:00,1.1832700000000003,1.1838200000000003,1.1830600000000002,1.1836300000000004,3323
2026-04-14T09:00:00+00:00,1.1836300000000004,1.1844100000000004,1.1836100000000003,1.1838100000000003,3340
2026-04-14T09:30:00+00:00,1.1838100000000003,1.1846200000000002,1.1835500000000003,1.1842400000000004,2978
2026-04-14T10:00:00+00:00,1.1842400000000004,1.1852500000000004,1.1841800000000002,1.1846400000000004,3789
2026-04-14T10:30:00+00:00,1.1846400000000004,1.1851800000000003,1.1845200000000002,1.1850100000000003,3117
2026-04-14T11:00:00+00:00,1.1850100000000003,1.1855600000000004,1.1849400000000003,1.1855100000000003,3160
2026-04-14T11:30:00+00:00,1.1855100000000003,1.1859700000000004,1.1849000000000003,1.1853100000000003,5371
2026-04-14T12:00:00+00:00,1.1853100000000003,1.1856400000000002,1.1846300000000003,1.1853600000000004,6760
2026-04-14T12:30:00+00:00,1.1853600000000004,1.1859200000000003,1.1848600000000002,1.1858300000000004,6391
2026-04-14T13:00:00+00:00,1.1858300000000004,1.1861300000000004,1.1849100000000004,1.1849800000000004,6314
2026-04-14T13:30:00+00:00,1.1849800000000004,1.1858800000000003,1.1847100000000004,1.1853000000000002,7278
2026-04-14T14:00:00+00:00,1.1853000000000002,1.1860300000000004,1.1846800000000004,1.1856500000000003,8009
2026-04-14T14:30:00+00:00,1.1856500000000003,1.1864700000000004,1.1855100000000003,1.1862400000000004,6243
2026-04-14T15:00:00+00:00,1.1862400000000004,1.1862400000000004,1.1847900000000002,1.1851100000000003,7452
2026-04-14T15:30:00+00:00,1.1851100000000003,1.1856600000000004,1.1841100000000002,1.1844000000000003,5675
2026-04-14T16:00:00+00:00,1.1844000000000003,1.1849500000000004,1.1841900000000003,1.1849100000000004,3367
2026-04-14T16:30:00+00:00,1.1849100000000004,1.1850700000000003,1.1846400000000004,1.1847700000000003,2907
2026-04-14T17:00:00+00:00,1.1847700000000003,1.1853200000000004,1.1845400000000004,1.1851600000000002,2580
2026-04-14T17:30:00+00:00,1.1851600000000002,1.1852900000000004,1.1848300000000003,1.1849300000000003,2475
2026-04-14T18:00:00+00:00,1.1849300000000003,1.1850600000000002,1.1846200000000002,1.1846500000000002,3613
2026-04-14T18:30:00+00:00,1.1846500000000002,1.1848600000000002,1.1844100000000004,1.1846600000000003,3533
2026-04-14T19:00:00+00:00,1.1846600000000003,1.1849100000000004,1.1844900000000003,1.1846400000000004,2162
2026-04-14T19:30:00+00:00,1.1846400000000004,1.1847500000000004,1.1844200000000003,1.1845500000000002,2117
2026-04-14T20:00:00+00:00,1.1845500000000002,1.1848900000000002,1.1845000000000003,1.1848800000000004,1091
2026-04-14T20:30:00+00:00,1.1848800000000004,1.1849900000000002,1.1846900000000002,1.1849000000000003,1203
2026-04-14T21:00:00+00:00,1.1849000000000003,1.1849000000000003,1.1841700000000004,1.1843000000000004,304
2026-04-14T21:30:00+00:00,1.1843000000000004,1.1844600000000003,1.1841600000000003,1.1843700000000001,521.7234152485967
2026-04-14T22:00:00+00:00,1.1843700000000001,1.1853300000000002,1.1843500000000002,1.1849600000000002,1077
2026-04-14T22:30:00+00:00,1.1849600000000002,1.1849600000000002,1.1847300000000003,1.1849000000000003,928
2026-04-14T23:00:00+00:00,1.1849000000000003,1.1851400000000003,1.1848200000000002,1.1851200000000002,700
2026-04-14T23:30:00+00:00,1.1851200000000002,1.1855700000000002,1.1850700000000003,1.1852100000000003,3013
2026-04-15T00:00:00+00:00,1.1852100000000003,1.1852500000000001,1.1845700000000001,1.1848500000000002,2895
2026-04-15T00:30:00+00:00,1.1848500000000002,1.1848900000000002,1.1843200000000003,1.1847800000000002,2908
2026-04-15T01:00:00+00:00,1.1847800000000002,1.1850600000000002,1.1843600000000003,1.1846800000000002,3102
2026-04-15T01:30:00+00:00,1.1846800000000002,1.1847300000000003,1.1843500000000002,1.1844500000000002,2359
2026-04-15T02:00:00+00:00,1.1844500000000002,1.1844600000000003,1.1836200000000001,1.1836200000000001,1532
2026-04-15T02:30:00+00:00,1.1836200000000001,1.1838000000000002,1.1832700000000003,1.1837400000000002,1942
2026-04-15T03:00:00+00:00,1.1837400000000002,1.1841400000000002,1.1834000000000002,1.1841400000000002,1387
2026-04-15T03:30:00+00:00,1.1841400000000002,1.1843100000000002,1.1839200000000003,1.1841000000000002,1396
2026-04-15T04:00:00+00:00,1.1841000000000002,1.1843000000000001,1.1840200000000003,1.1842000000000001,1107
2026-04-15T04:30:00+00:00,1.1842000000000001,1.1843400000000002,1.1840700000000002,1.1842400000000002,962
2026-04-15T05:00:00+00:00,1.1842400000000002,1.1852200000000002,1.1842200000000003,1.1846400000000001,2994
2026-04-15T05:30:00+00:00,1.1846400000000001,1.1847300000000003,1.1843100000000002,1.1845900000000003,2886
2026-04-15T06:00:00+00:00,1.1845900000000003,1.1853200000000002,1.1842400000000002,1.1845400000000001,3850
2026-04-15T06:30:00+00:00,1.1845400000000001,1.1846200000000002,1.1837600000000001,1.1838100000000003,3532
2026-04-15T07:00:00+00:00,1.1838100000000003,1.1842300000000001,1.1836600000000002,1.1841500000000003,4644
2026-04-15T07:30:00+00:00,1.1841500000000003,1.1844400000000002,1.1838100000000003,1.1839500000000003,3738
2026-04-15T08:00:00+00:00,1.1839500000000003,1.1849200000000002,1.1839200000000003,1.1845800000000002,3969
2026-04-15T08:30:00+00:00,1.1845800000000002,1.1845800000000002,1.1840000000000002,1.1843100000000002,3299
2026-04-15T09:00:00+00:00,1.1843100000000002,1.1845300000000003,1.1829200000000002,1.1838400000000002,8133
2026-04-15T09:30:00+00:00,1.1838400000000002,1.1838800000000003,1.1832100000000003,1.1835500000000003,3615
2026-04-15T10:00:00+00:00,1.1835500000000003,1.1840400000000002,1.1826800000000002,1.1829300000000003,6199
2026-04-15T10:30:00+00:00,1.1829300000000003,1.1837400000000002,1.1825800000000002,1.1830800000000001,6293
2026-04-15T11:00:00+00:00,1.1830800000000001,1.1833500000000001,1.1828700000000003,1.1830400000000003,3636
2026-04-15T11:30:00+00:00,1.1830400000000003,1.1838400000000002,1.1826800000000002,1.1836800000000003,6051
2026-04-15T12:00:00+00:00,1.1836800000000003,1.1838400000000002,1.18311,1.1837900000000001,5266
2026-04-15T12:30:00+00:00,1.1837900000000001,1.1846700000000001,1.1832900000000002,1.1841900000000003,4377
2026-04-15T13:00:00+00:00,1.1841900000000003,1.1850500000000002,1.1839300000000001,1.1850000000000003,4490
2026-04-15T13:30:00+00:00,1.1850000000000003,1.1851200000000002,1.1837800000000003,1.1841800000000002,7015
2026-04-15T14:00:00+00:00,1.1841800000000002,1.1853300000000002,1.1838200000000003,1.1853300000000002,5933
2026-04-15T14:30:00+00:00,1.1853300000000002,1.1854100000000003,1.1845900000000003,1.1850500000000002,6143
2026-04-15T15:00:00+00:00,1.1850500000000002,1.1861900000000003,1.1848500000000002,1.1858000000000002,6849
2026-04-15T15:30:00+00:00,1.1858000000000002,1.1858000000000002,1.1851800000000001,1.1851900000000002,5114
2026-04-15T16:00:00+00:00,1.1851900000000002,1.1856600000000002,1.1851300000000002,1.1854100000000003,4489
2026-04-15T16:30:00+00:00,1.1854100000000003,1.1856300000000002,1.1851300000000002,1.1854700000000002,3529
2026-04-15T17:00:00+00:00,1.1854700000000002,1.1855800000000003,1.1852100000000003,1.1853200000000002,2456
2026-04-15T17:30:00+00:00,1.1853200000000002,1.1853400000000003,1.1846500000000002,1.1848700000000003,2110
2026-04-15T18:00:00+00:00,1.1848700000000003,1.1855700000000002,1.1847500000000002,1.1853500000000001,4380
2026-04-15T18:30:00+00:00,1.1853500000000001,1.1855500000000003,1.1850400000000003,1.1854300000000002,2673
2026-04-15T19:00:00+00:00,1.1854300000000002,1.1858600000000001,1.1852500000000001,1.1854900000000002,2584
2026-04-15T19:30:00+00:00,1.1854900000000002,1.1857000000000002,1.1853500000000001,1.1853600000000002,2103
2026-04-15T20:00:00+00:00,1.1853600000000002,1.1854100000000003,1.1849300000000003,1.1851600000000002,1713
2026-04-15T20:30:00+00:00,1.1851600000000002,1.1854900000000002,1.1849300000000003,1.1852700000000003,1449
2026-04-15T21:00:00+00:00,1.1852700000000003,1.1854200000000001,1.1849000000000003,1.1851300000000005,541.9425466119019
2026-04-15T21:30:00+00:00,1.1851300000000005,1.1856500000000008,1.1848800000000006,1.1849900000000007,1475.0847068543892
2026-04-15T22:00:00+00:00,1.1849900000000007,1.1856000000000007,1.1849800000000006,1.1854000000000007,998
2026-04-15T22:30:00+00:00,1.1854000000000007,1.1856000000000007,1.1853500000000006,1.1855200000000006,696
2026-04-15T23:00:00+00:00,1.1855200000000006,1.1857700000000004,1.1855200000000006,1.1857100000000005,860.0447833847152
2026-04-15T23:30:00+00:00,1.1857100000000005,1.1860800000000005,1.1856300000000004,1.1859600000000006,778
2026-04-16T00:00:00+00:00,1.1859600000000006,1.1861400000000004,1.1855700000000005,1.1857800000000005,2136
2026-04-16T00:30:00+00:00,1.1857800000000005,1.1860500000000005,1.1855900000000006,1.1860200000000005,1998
2026-04-16T01:00:00+00:00,1.1860200000000005,1.1862200000000005,1.1857000000000004,1.1857000000000004,1912
2026-04-16T01:30:00+00:00,1.1857000000000004,1.1859200000000005,1.1849800000000006,1.1855500000000005,2660
2026-04-16T02:00:00+00:00,1.1855500000000005,1.1858800000000005,1.1854900000000006,1.1856800000000005,1715
2026-04-16T02:30:00+00:00,1.1856800000000005,1.1870500000000006,1.1856800000000005,1.1870000000000005,3095
2026-04-16T03:00:00+00:00,1.1870000000000005,1.1876800000000005,1.1868300000000005,1.1868500000000004,2889
2026-04-16T03:30:00+00:00,1.1868500000000004,1.1869100000000006,1.1865100000000006,1.1865900000000005,1571
2026-04-16T04:00:00+00:00,1.1865900000000005,1.1866000000000005,1.1863300000000006,1.1863900000000005,1387
2026-04-16T04:30:00+00:00,1.1863900000000005,1.1864800000000004,1.1861200000000005,1.1862300000000006,1184
2026-04-16T05:00:00+00:00,1.1862300000000006,1.1863000000000006,1.1855900000000006,1.1857400000000005,1687
2026-04-16T05:30:00+00:00,1.1857400000000005,1.1861800000000005,1.1855900000000006,1.1857200000000006,2304
2026-04-16T06:00:00+00:00,1.1857200000000006,1.1859800000000005,1.1847900000000005,1.1850400000000005,3330
2026-04-16T06:30:00+00:00,1.1850400000000005,1.1858300000000006,1.1846500000000004,1.1856100000000005,3310
2026-04-16T07:00:00+00:00,1.1856100000000005,1.1857700000000004,1.1847300000000005,1.1851200000000006,4848
2026-04-16T07:30:00+00:00,1.1851200000000006,1.1851200000000006,1.1843800000000004,1.1844500000000004,4325
2026-04-16T08:00:00+00:00,1.1844500000000004,1.1846900000000005,1.1829400000000005,1.1832800000000006,5515
2026-04-16T08:30:00+00:00,1.1832800000000006,1.1841300000000006,1.1832300000000004,1.1839000000000006,3687
2026-04-16T09:00:00+00:00,1.1839000000000006,1.1840600000000006,1.1831100000000006,1.1831900000000004,3277
2026-04-16T09:30:00+00:00,1.1831900000000004,1.1838300000000006,1.1829800000000006,1.1832500000000006,3287
2026-04-16T10:00:00+00:00,1.1832500000000006,1.1833400000000005,1.1825900000000005,1.1826300000000005,2490
2026-04-16T10:30:00+00:00,1.1826300000000005,1.1833100000000005,1.1825500000000004,1.1832700000000005,2335
2026-04-16T11:00:00+00:00,1.1832700000000005,1.1841600000000005,1.1832700000000005,1.1838900000000006,2748
2026-04-16T11:30:00+00:00,1.1838900000000006,1.1840100000000005,1.1833200000000006,1.1836900000000006,3654
2026-04-16T12:00:00+00:00,1.1836900000000006,1.1837600000000006,1.1828900000000004,1.1834400000000005,4909
2026-04-16T12:30:00+00:00,1.1834400000000005,1.1837500000000005,1.1829500000000006,1.1834400000000005,3264
2026-04-16T13:00:00+00:00,1.1834400000000005,1.1836600000000006,1.1831100000000006,1.1834000000000005,3575
2026-04-16T13:30:00+00:00,1.1834000000000005,1.1834400000000005,1.1819800000000005,1.1825400000000006,8665
2026-04-16T14:00:00+00:00,1.1825400000000006,1.1831600000000004,1.1821900000000005,1.1831300000000005,8591
2026-04-16T14:30:00+00:00,1.1831300000000005,1.1835100000000005,1.1821900000000005,1.1824600000000005,6973
2026-04-16T15:00:00+00:00,1.1824600000000005,1.1833500000000006,1.1822900000000005,1.1827800000000006,6141
2026-04-16T15:30:00+00:00,1.1827800000000006,1.1835100000000005,1.1826700000000006,1.1835000000000004,6835
2026-04-16T16:00:00+00:00,1.1835000000000004,1.1840200000000005,1.1832300000000004,1.1833900000000006,3393
2026-04-16T16:30:00+00:00,1.1833900000000006,1.1834200000000006,1.1821700000000006,1.1827900000000005,7769
2026-04-16T17:00:00+00:00,1.1827900000000005,1.1828500000000006,1.1821100000000004,1.1824300000000005,4101
2026-04-16T17:30:00+00:00,1.1824300000000005,1.1828400000000006,1.1823900000000005,1.1826500000000004,2807
2026-04-16T18:00:00+00:00,1.1826500000000004,1.1834000000000005,1.1826100000000006,1.1831200000000006,4422
2026-04-16T18:30:00+00:00,1.1831200000000006,1.1833700000000005,1.1830200000000004,1.1832600000000004,2658
2026-04-16T19:00:00+00:00,1.1832600000000004,1.1837500000000005,1.1832600000000004,1.1836400000000005,2576
2026-04-16T19:30:00+00:00,1.1836400000000005,1.1838700000000004,1.1833700000000005,1.1834100000000005,2440
2026-04-16T20:00:00+00:00,1.1834100000000005,1.1835600000000006,1.1831500000000006,1.1833600000000004,1498
2026-04-16T20:30:00+00:00,1.1833600000000004,1.1836400000000005,1.1833600000000004,1.1834100000000005,1012
2026-04-16T21:00:00+00:00,1.1834100000000005,1.1834100000000005,1.1827600000000005,1.1832100000000005,358.52435859835424
2026-04-16T21:30:00+00:00,1.1832100000000005,1.1832500000000006,1.1830400000000005,1.1830800000000006,303.2702575005906
2026-04-16T22:00:00+00:00,1.1830800000000006,1.1840000000000006,1.1830800000000006,1.1838600000000006,880
2026-04-16T22:30:00+00:00,1.1838600000000006,1.1838600000000006,1.1837400000000005,1.1838200000000005,704
2026-04-16T23:00:00+00:00,1.1838200000000005,1.1839400000000004,1.1836400000000005,1.1838500000000005,919
2026-04-16T23:30:00+00:00,1.1838500000000005,1.1838500000000005,1.1833700000000005,1.1834200000000006,1053
2026-04-17T00:00:00+00:00,1.1834200000000006,1.1834900000000006,1.1830100000000006,1.1834000000000005,3067
2026-04-17T00:30:00+00:00,1.1834000000000005,1.1836100000000005,1.1831700000000005,1.1832000000000005,2475
2026-04-17T01:00:00+00:00,1.1832000000000005,1.1832800000000006,1.1827500000000004,1.1828400000000006,2550
2026-04-17T01:30:00+00:00,1.1828400000000006,1.1830900000000004,1.1827700000000005,1.1829000000000005,1852
2026-04-17T02:00:00+00:00,1.1829000000000005,1.1829500000000006,1.1825900000000005,1.1828500000000006,1457
2026-04-17T02:30:00+00:00,1.1828500000000006,1.1830700000000005,1.1827800000000006,1.1830100000000006,1294
2026-04-17T03:00:00+00:00,1.1830100000000006,1.1832200000000006,1.1828400000000006,1.1828900000000004,1381
2026-04-17T03:30:00+00:00,1.1828900000000004,1.1838200000000005,1.1828700000000005,1.1836300000000006,1187
2026-04-17T04:00:00+00:00,1.1836300000000006,1.1837200000000005,1.1834500000000006,1.1835500000000005,1295
2026-04-17T04:30:00+00:00,1.1835500000000005,1.1837300000000006,1.1834500000000006,1.1835700000000005,1086
2026-04-17T05:00:00+00:00,1.1835700000000005,1.1837400000000005,1.1832800000000006,1.1837100000000005,1997
2026-04-17T05:30:00+00:00,1.1837100000000005,1.1837400000000005,1.1833500000000006,1.1833600000000004,1824
2026-04-17T06:00:00+00:00,1.1833600000000004,1.1836000000000004,1.1828000000000005,1.1828200000000004,3400
2026-04-17T06:30:00+00:00,1.1828200000000004,1.1831200000000006,1.1825200000000005,1.1827900000000005,2956
2026-04-17T07:00:00+00:00,1.1827900000000005,1.1835000000000004,1.1827900000000005,1.1833100000000005,4093
2026-04-17T07:30:00+00:00,1.1833100000000005,1.1836200000000006,1.1829700000000005,1.1835100000000005,3686
2026-04-17T08:00:00+00:00,1.1835100000000005,1.1837200000000005,1.1833800000000005,1.1836800000000005,3373
2026-04-17T08:30:00+00:00,1.1836800000000005,1.1848500000000006,1.1835500000000005,1.1846800000000006,3309
2026-04-17T09:00:00+00:00,1.1846800000000006,1.1852200000000006,1.1844100000000004,1.1851500000000006,3271
2026-04-17T09:30:00+00:00,1.1851500000000006,1.1851600000000004,1.1843900000000005,1.1846300000000005,3201
2026-04-17T10:00:00+00:00,1.1846300000000005,1.1848800000000006,1.1844200000000005,1.1846900000000005,2623
2026-04-17T10:30:00+00:00,1.1846900000000005,1.1848900000000004,1.1844800000000004,1.1847400000000006,2206
2026-04-17T11:00:00+00:00,1.1847400000000006,1.1851600000000004,1.1845100000000006,1.1850000000000005,2347
2026-04-17T11:30:00+00:00,1.1850000000000005,1.1852300000000004,1.1845000000000006,1.1846600000000005,3336
2026-04-17T12:00:00+00:00,1.1846600000000005,1.1861900000000005,1.1846300000000005,1.1857700000000004,5888
2026-04-17T12:30:00+00:00,1.1857700000000004,1.1890300000000005,1.1857000000000004,1.1888100000000006,18740
2026-04-17T13:00:00+00:00,1.1888100000000006,1.1902100000000004,1.1882900000000005,1.1887300000000005,18451
2026-04-17T13:30:00+00:00,1.1887300000000005,1.1896200000000006,1.1876900000000006,1.1886600000000005,17539
2026-04-17T14:00:00+00:00,1.1886600000000005,1.1888800000000006,1.1872500000000006,1.1879600000000006,11069
2026-04-17T14:30:00+00:00,1.1879600000000006,1.1884900000000005,1.1866100000000006,1.1866600000000005,12667
2026-04-17T15:00:00+00:00,1.1866600000000005,1.1869500000000006,1.1853000000000005,1.1856800000000005,12239
2026-04-17T15:30:00+00:00,1.1856800000000005,1.1863300000000006,1.1852700000000005,1.1853600000000004,9087
2026-04-17T16:00:00+00:00,1.1853600000000004,1.1857700000000004,1.1844800000000004,1.1851500000000006,6677
2026-04-17T16:30:00+00:00,1.1851500000000006,1.1854900000000006,1.1850700000000005,1.1851800000000006,5027
2026-04-17T17:00:00+00:00,1.1851800000000006,1.1851800000000006,1.1837700000000004,1.1842400000000006,9922
2026-04-17T17:30:00+00:00,1.1842400000000006,1.1849000000000005,1.1841400000000004,1.1848300000000005,3576
2026-04-17T18:00:00+00:00,1.1848300000000005,1.1850700000000005,1.1842300000000006,1.1844300000000005,3903
2026-04-17T18:30:00+00:00,1.1844300000000005,1.1846600000000005,1.1827100000000006,1.1832800000000006,6536
2026-04-17T19:00:00+00:00,1.1832800000000006,1.1836700000000004,1.1828100000000006,1.1828600000000005,3806
2026-04-17T19:30:00+00:00,1.1828600000000005,1.1829400000000005,1.1819900000000005,1.1821900000000005,3783
2026-04-17T20:00:00+00:00,1.1821900000000005,1.1824800000000004,1.1817300000000006,1.1817300000000006,1639
2026-04-17T20:30:00+00:00,1.1817300000000006,1.1822100000000004,1.1812200000000006,1.1815600000000004,2838.918035452919
2026-04-19T21:00:00+00:00,1.1815600000000004,1.1821600000000003,1.1815500000000003,1.1819100000000005,434.28587385017784
2026-04-19T21:30:00+00:00,1.1819100000000005,1.1819700000000004,1.1809600000000005,1.1810200000000004,790.2667322834645
2026-04-19T22:00:00+00:00,1.1810200000000004,1.1820400000000004,1.1808600000000005,1.1812300000000004,4016
2026-04-19T22:30:00+00:00,1.1812300000000004,1.1820900000000003,1.1812300000000004,1.1820700000000004,2626
2026-04-19T23:00:00+00:00,1.1820700000000004,1.1826300000000003,1.1820500000000003,1.1822900000000003,2235
2026-04-19T23:30:00+00:00,1.1822900000000003,1.1826400000000004,1.1817300000000004,1.1819700000000004,3035
2026-04-20T00:00:00+00:00,1.1819700000000004,1.1835600000000004,1.1817800000000003,1.1835300000000004,5543
2026-04-20T00:30:00+00:00,1.1835300000000004,1.1837900000000003,1.1833400000000003,1.1835200000000003,3548
2026-04-20T01:00:00+00:00,1.1835200000000003,1.1837600000000004,1.1831500000000004,1.1832400000000003,3637
2026-04-20T01:30:00+00:00,1.1832400000000003,1.1840600000000003,1.1832100000000003,1.1837600000000004,2745
2026-04-20T02:00:00+00:00,1.1837600000000004,1.1841000000000004,1.1836500000000003,1.1841000000000004,1741
2026-04-20T02:30:00+00:00,1.1841000000000004,1.1842400000000004,1.1835500000000003,1.1837800000000003,1750
2026-04-20T03:00:00+00:00,1.1837800000000003,1.1840500000000003,1.1835500000000003,1.1840000000000004,1728
2026-04-20T03:30:00+00:00,1.1840000000000004,1.1843400000000004,1.1839600000000003,1.1841000000000004,1348
2026-04-20T04:00:00+00:00,1.1841000000000004,1.1843000000000004,1.1837900000000003,1.1839000000000004,1406
2026-04-20T04:30:00+00:00,1.1839000000000004,1.1841900000000003,1.1837100000000003,1.1839900000000003,1530
2026-04-20T05:00:00+00:00,1.1839900000000003,1.1841700000000004,1.1834800000000003,1.1835000000000004,1746
2026-04-20T05:30:00+00:00,1.1835000000000004,1.1835700000000005,1.1827900000000005,1.1834000000000005,3944
2026-04-20T06:00:00+00:00,1.1834000000000005,1.1835200000000003,1.1828400000000003,1.1831000000000003,4756
2026-04-20T06:30:00+00:00,1.1831000000000003,1.1846500000000004,1.1831000000000003,1.1845800000000004,6751
2026-04-20T07:00:00+00:00,1.1845800000000004,1.1852700000000003,1.1843000000000004,1.1847400000000003,6583
2026-04-20T07:30:00+00:00,1.1847400000000003,1.1847600000000003,1.1834500000000003,1.1840200000000003,5647
2026-04-20T08:00:00+00:00,1.1840200000000003,1.1844500000000004,1.1837500000000003,1.1842500000000005,4941
2026-04-20T08:30:00+00:00,1.1842500000000005,1.1845600000000003,1.1839200000000003,1.1841900000000003,3952
2026-04-20T09:00:00+00:00,1.1841900000000003,1.1845700000000003,1.1836000000000004,1.1836500000000003,4422
2026-04-20T09:30:00+00:00,1.1836500000000003,1.1846600000000003,1.1836500000000003,1.1846300000000003,2861
2026-04-20T10:00:00+00:00,1.1846300000000003,1.1850300000000005,1.1843200000000003,1.1845000000000003,3312
2026-04-20T10:30:00+00:00,1.1845000000000003,1.1852200000000004,1.1844400000000004,1.1851500000000004,2992
2026-04-20T11:00:00+00:00,1.1851500000000004,1.1855600000000004,1.1849500000000004,1.1853400000000003,2951
2026-04-20T11:30:00+00:00,1.1853400000000003,1.1856400000000005,1.1846200000000005,1.1847800000000004,4271
2026-04-20T12:00:00+00:00,1.1847800000000004,1.1849100000000004,1.1836700000000004,1.1838900000000003,4671
2026-04-20T12:30:00+00:00,1.1838900000000003,1.1848400000000003,1.1838700000000004,1.1845900000000003,4139
2026-04-20T13:00:00+00:00,1.1845900000000003,1.1855200000000004,1.1842000000000004,1.1854000000000005,7748
2026-04-20T13:30:00+00:00,1.1854000000000005,1.1862500000000005,1.1851100000000003,1.1856000000000004,7671
2026-04-20T14:00:00+00:00,1.1856000000000004,1.1856700000000004,1.1847700000000003,1.1856600000000004,6972
2026-04-20T14:30:00+00:00,1.1856600000000004,1.1858900000000003,1.1843000000000004,1.1852700000000003,11178
2026-04-20T15:00:00+00:00,1.1852700000000003,1.1867600000000003,1.1849300000000003,1.1866300000000003,10097
2026-04-20T15:30:00+00:00,1.1866300000000003,1.1870400000000003,1.1862500000000005,1.1864900000000003,6436
2026-04-20T16:00:00+00:00,1.1864900000000003,1.1869000000000003,1.1864600000000003,1.1867400000000004,3460
2026-04-20T16:30:00+00:00,1.1867400000000004,1.1868000000000003,1.1862600000000003,1.1866600000000003,3029
2026-04-20T17:00:00+00:00,1.1866600000000003,1.1871100000000003,1.1863300000000003,1.1863400000000004,2720
2026-04-20T17:30:00+00:00,1.1863400000000004,1.1866900000000005,1.1862300000000003,1.1864700000000004,2814
2026-04-20T18:00:00+00:00,1.1864700000000004,1.1870500000000004,1.1864000000000003,1.1865700000000003,4276
2026-04-20T18:30:00+00:00,1.1865700000000003,1.1866600000000003,1.1859600000000003,1.1860900000000003,3551
2026-04-20T19:00:00+00:00,1.1860900000000003,1.1869100000000004,1.1860500000000003,1.1867000000000003,2034
2026-04-20T19:30:00+00:00,1.1867000000000003,1.1869700000000003,1.1866100000000004,1.1866900000000005,2385
2026-04-20T20:00:00+00:00,1.1866900000000005,1.1869600000000005,1.1865700000000001,1.1866600000000003,1204.5818786367415
2026-04-20T20:30:00+00:00,1.1866600000000003,1.1869100000000001,1.1864500000000002,1.1869100000000001,1747
2026-04-20T21:00:00+00:00,1.1869100000000001,1.1869100000000001,1.1863200000000003,1.1867300000000003,292.6315951127666
2026-04-20T21:30:00+00:00,1.1867300000000003,1.1868000000000003,1.1863700000000001,1.1866400000000001,1115
2026-04-20T22:00:00+00:00,1.1866400000000001,1.1869300000000003,1.1866300000000003,1.1867500000000002,1090
2026-04-20T22:30:00+00:00,1.1867500000000002,1.1871500000000001,1.1866400000000001,1.1871500000000001,1874
2026-04-20T23:00:00+00:00,1.1871500000000001,1.1872000000000003,1.1865900000000003,1.1866200000000002,802
2026-04-20T23:30:00+00:00,1.1866200000000002,1.1866400000000001,1.1864200000000003,1.1865100000000002,1105
2026-04-21T00:00:00+00:00,1.1865100000000002,1.1866400000000001,1.1862600000000003,1.1863200000000003,2904
2026-04-21T00:30:00+00:00,1.1863200000000003,1.1866400000000001,1.1861700000000002,1.1863700000000001,3301
2026-04-21T01:00:00+00:00,1.1863700000000001,1.1867100000000002,1.1862600000000003,1.1866100000000002,2197
2026-04-21T01:30:00+00:00,1.1866100000000002,1.1866500000000002,1.1860400000000002,1.1861300000000001,2015
2026-04-21T02:00:00+00:00,1.1861300000000001,1.1863200000000003,1.1858300000000002,1.1860600000000001,1372
2026-04-21T02:30:00+00:00,1.1860600000000001,1.1861000000000002,1.1857800000000003,1.1860200000000003,1392
2026-04-21T03:00:00+00:00,1.1860200000000003,1.1860600000000001,1.18555,1.1857700000000002,1580
2026-04-21T03:30:00+00:00,1.1857700000000002,1.1857700000000002,1.1854300000000002,1.1856500000000003,1268
2026-04-21T04:00:00+00:00,1.1856500000000003,1.1857400000000002,1.1855000000000002,1.1857000000000002,1067
2026-04-21T04:30:00+00:00,1.1857000000000002,1.1857600000000001,1.1855600000000002,1.1856500000000003,1314
2026-04-21T05:00:00+00:00,1.1856500000000003,1.1863100000000002,1.1856100000000003,1.1862400000000002,2535
2026-04-21T05:30:00+00:00,1.1862400000000002,1.1863100000000002,1.1859000000000002,1.1859100000000002,2109
2026-04-21T06:00:00+00:00,1.1859100000000002,1.1861100000000002,1.1853000000000002,1.18555,3920
2026-04-21T06:30:00+00:00,1.18555,1.1857700000000002,1.1852900000000002,1.1855600000000002,3107
2026-04-21T07:00:00+00:00,1.1855600000000002,1.1858000000000002,1.1852700000000003,1.1855700000000002,4698
2026-04-21T07:30:00+00:00,1.1855700000000002,1.1856100000000003,1.1844400000000002,1.1845100000000002,4327
2026-04-21T08:00:00+00:00,1.1845100000000002,1.1847200000000002,1.1837900000000001,1.1844300000000003,6168
2026-04-21T08:30:00+00:00,1.1844300000000003,1.1847900000000002,1.1842600000000003,1.1846100000000002,3561
2026-04-21T09:00:00+00:00,1.1846100000000002,1.1846200000000002,1.1837800000000003,1.18389,3753
2026-04-21T09:30:00+00:00,1.18389,1.18433,1.1837500000000003,1.1840400000000002,3102
2026-04-21T10:00:00+00:00,1.1840400000000002,1.1842400000000002,1.1837400000000002,1.1838800000000003,3214
2026-04-21T10:30:00+00:00,1.1838800000000003,1.1842400000000002,1.1838400000000002,1.1841900000000003,2574
2026-04-21T11:00:00+00:00,1.1841900000000003,1.1847300000000003,1.1837100000000003,1.1847300000000003,4752
2026-04-21T11:30:00+00:00,1.1847300000000003,1.18494,1.1845100000000002,1.1848100000000001,3347
2026-04-21T12:00:00+00:00,1.1848100000000001,1.1849300000000003,1.1841000000000002,1.1841300000000001,3926
2026-04-21T12:30:00+00:00,1.1841300000000001,1.1844700000000001,1.1835000000000002,1.1840100000000002,6955
2026-04-21T13:00:00+00:00,1.1840100000000002,1.1848300000000003,1.1838800000000003,1.1848100000000001,4616
2026-04-21T13:30:00+00:00,1.1848100000000001,1.1852500000000001,1.1846100000000002,1.1846600000000003,5659
2026-04-21T14:00:00+00:00,1.1846600000000003,1.1851400000000003,1.1845,1.1846600000000003,5502
2026-04-21T14:30:00+00:00,1.1846600000000003,1.1856900000000001,1.18328,1.1833300000000002,10436
2026-04-21T15:00:00+00:00,1.1833300000000002,1.1840600000000001,1.18277,1.1828000000000003,10024
2026-04-21T15:30:00+00:00,1.1828000000000003,1.1832900000000002,1.1822100000000002,1.1832300000000002,6125
2026-04-21T16:00:00+00:00,1.1832300000000002,1.1836600000000002,1.1826300000000003,1.1826600000000003,5424
2026-04-21T16:30:00+00:00,1.1826600000000003,1.1829300000000003,1.1821300000000001,1.1822500000000002,3950
2026-04-21T17:00:00+00:00,1.1822500000000002,1.1823200000000003,1.1801100000000002,1.1813000000000002,9452
2026-04-21T17:30:00+00:00,1.1813000000000002,1.1844500000000002,1.1812900000000002,1.1823800000000002,12021
2026-04-21T18:00:00+00:00,1.1823800000000002,1.1828100000000001,1.1810300000000002,1.1813000000000002,7733
2026-04-21T18:30:00+00:00,1.1813000000000002,1.1824500000000002,1.18128,1.18216,6940
2026-04-21T19:00:00+00:00,1.18216,1.1833200000000001,1.1821500000000003,1.1830900000000002,8849
2026-04-21T19:30:00+00:00,1.1830900000000002,1.1831000000000003,1.1799700000000002,1.1806600000000003,14037
2026-04-21T20:00:00+00:00,1.1806600000000003,1.1834200000000001,1.1804300000000003,1.1829700000000003,10693
2026-04-21T20:30:00+00:00,1.1829700000000003,1.1830400000000003,1.1821700000000002,1.1823400000000002,3221
2026-04-21T21:00:00+00:00,1.1823400000000002,1.1831000000000003,1.18128,1.1814100000000003,763.6633608476038
2026-04-21T21:30:00+00:00,1.1814100000000003,1.1825500000000002,1.18138,1.1820700000000002,813
2026-04-21T22:00:00+00:00,1.1820700000000002,1.1824200000000002,1.1819600000000001,1.1820000000000002,1011
2026-04-21T22:30:00+00:00,1.1820000000000002,1.1821800000000002,1.1819600000000001,1.1819700000000002,867
2026-04-21T23:00:00+00:00,1.1819700000000002,1.1822400000000002,1.1818200000000003,1.1821800000000002,741
2026-04-21T23:30:00+00:00,1.1821800000000002,1.1825100000000002,1.1821100000000002,1.1825,1098
2026-04-22T00:00:00+00:00,1.1825,1.1832200000000002,1.1824500000000002,1.18277,3327
2026-04-22T00:30:00+00:00,1.18277,1.1831300000000002,1.1824000000000001,1.1824800000000002,3069
2026-04-22T01:00:00+00:00,1.1824800000000002,1.1827900000000002,1.1819600000000001,1.1822500000000002,2624
2026-04-22T01:30:00+00:00,1.1822500000000002,1.1827900000000002,1.1822200000000003,1.1825500000000002,2258
2026-04-22T02:00:00+00:00,1.1825500000000002,1.1829300000000003,1.1825500000000002,1.1827200000000002,1798
2026-04-22T02:30:00+00:00,1.1827200000000002,1.18277,1.18206,1.1821500000000003,1539
2026-04-22T03:00:00+00:00,1.1821500000000003,1.1823400000000002,1.1819600000000001,1.1821700000000002,1554
2026-04-22T03:30:00+00:00,1.1821700000000002,1.1823400000000002,1.1818600000000001,1.1819400000000002,1147
2026-04-22T04:00:00+00:00,1.1819400000000002,1.1821900000000003,1.1819200000000003,1.1821500000000003,1090
2026-04-22T04:30:00+00:00,1.1821500000000003,1.1823400000000002,1.1819200000000003,1.1820400000000002,1191
2026-04-22T05:00:00+00:00,1.1820400000000002,1.1843400000000002,1.1820000000000002,1.1837800000000003,5957
2026-04-22T05:30:00+00:00,1.1837800000000003,1.1838200000000003,1.1830600000000002,1.1831300000000002,2545
2026-04-22T06:00:00+00:00,1.1831300000000002,1.1834700000000002,1.1825800000000002,1.1834500000000001,3347
2026-04-22T06:30:00+00:00,1.1834500000000001,1.1836100000000003,1.1829300000000003,1.1830300000000002,3337
2026-04-22T07:00:00+00:00,1.1830300000000002,1.1833100000000003,1.1826900000000002,1.1829800000000001,3774
2026-04-22T07:30:00+00:00,1.1829800000000001,1.1837300000000002,1.1828300000000003,1.1836300000000002,3713
2026-04-22T08:00:00+00:00,1.1836300000000002,1.1840100000000002,1.1831300000000002,1.1834100000000003,4334
2026-04-22T08:30:00+00:00,1.1834100000000003,1.18355,1.1828400000000001,1.1834600000000002,3950
2026-04-22T09:00:00+00:00,1.1834600000000002,1.1838300000000002,1.1831500000000001,1.1832900000000002,3770
2026-04-22T09:30:00+00:00,1.1832900000000002,1.1834900000000002,1.1827400000000001,1.1828500000000002,2921
2026-04-22T10:00:00+00:00,1.1828500000000002,1.1831800000000001,1.1824700000000001,1.1830600000000002,3577
2026-04-22T10:30:00+00:00,1.1830600000000002,1.1834200000000001,1.1829600000000002,1.1832500000000001,2653
2026-04-22T11:00:00+00:00,1.1832500000000001,1.1832500000000001,1.1823200000000003,1.1825200000000002,3662
2026-04-22T11:30:00+00:00,1.1825200000000002,1.1826800000000002,1.1812900000000002,1.1815600000000002,4936
2026-04-22T12:00:00+00:00,1.1815600000000002,1.1818600000000001,1.1808200000000002,1.1808800000000002,4195
2026-04-22T12:30:00+00:00,1.1808800000000002,1.1811500000000001,1.1805900000000003,1.1808600000000002,5687
2026-04-22T13:00:00+00:00,1.1808600000000002,1.1819300000000001,1.1804700000000001,1.1813200000000001,8682
2026-04-22T13:30:00+00:00,1.1813200000000001,1.1824100000000002,1.1808900000000002,1.1821700000000002,7547
2026-04-22T14:00:00+00:00,1.1821700000000002,1.1824100000000002,1.1812200000000002,1.1814700000000002,5767
2026-04-22T14:30:00+00:00,1.1814700000000002,1.1815800000000003,1.1799300000000001,1.1799500000000003,8368
2026-04-22T15:00:00+00:00,1.1799500000000003,1.1804000000000001,1.1796500000000003,1.1802900000000003,6340
2026-04-22T15:30:00+00:00,1.1802900000000003,1.1804900000000003,1.1793400000000003,1.1794200000000001,4727
2026-04-22T16:00:00+00:00,1.1794200000000001,1.1796400000000002,1.17911,1.1793600000000002,3475
2026-04-22T16:30:00+00:00,1.1793600000000002,1.1796600000000002,1.1790900000000002,1.1793700000000003,3573
2026-04-22T17:00:00+00:00,1.1793700000000003,1.1797800000000003,1.1792200000000002,1.1795900000000001,4074
2026-04-22T17:30:00+00:00,1.1795900000000001,1.1797800000000003,1.1790900000000002,1.1791300000000002,2633
2026-04-22T18:00:00+00:00,1.1791300000000002,1.1793800000000003,1.1788500000000002,1.1790100000000001,2391
2026-04-22T18:30:00+00:00,1.1790100000000001,1.1793200000000001,1.1788900000000002,1.1789800000000001,2287
2026-04-22T19:00:00+00:00,1.1789800000000001,1.1792200000000002,1.1786800000000002,1.1791300000000002,2814
2026-04-22T19:30:00+00:00,1.1791300000000002,1.1791300000000002,1.1785900000000002,1.1786600000000003,2200
2026-04-22T20:00:00+00:00,1.1786600000000003,1.1787600000000003,1.1784100000000002,1.1787400000000001,1470
2026-04-22T20:30:00+00:00,1.1787400000000001,1.1788700000000003,1.1784000000000001,1.1785500000000002,2018
2026-04-22T21:00:00+00:00,1.1785500000000002,1.1785800000000002,1.1784200000000002,1.1785300000000005,263.52514038882754
2026-04-22T21:30:00+00:00,1.1785300000000005,1.1789000000000003,1.1784600000000005,1.1788400000000003,349.21264976474896
2026-04-22T22:00:00+00:00,1.1788400000000003,1.1790000000000003,1.1787000000000003,1.1787200000000004,531
2026-04-22T22:30:00+00:00,1.1787200000000004,1.1788000000000003,1.1786000000000003,1.1787100000000004,547
2026-04-22T23:00:00+00:00,1.1787100000000004,1.1787700000000008,1.1785700000000008,1.1787600000000007,647.2588159047228
2026-04-22T23:30:00+00:00,1.1787600000000007,1.1788200000000006,1.1786100000000008,1.1786700000000008,670.9509881422925
2026-04-23T00:00:00+00:00,1.1786700000000008,1.1794000000000007,1.1773200000000008,1.1791400000000007,11681
2026-04-23T00:30:00+00:00,1.1791400000000007,1.1794700000000007,1.1790600000000007,1.1792700000000007,4940
2026-04-23T01:00:00+00:00,1.1792700000000007,1.1794100000000007,1.1788700000000008,1.1789600000000007,2874
2026-04-23T01:30:00+00:00,1.1789600000000007,1.1793500000000008,1.1789200000000006,1.1790200000000006,3031
2026-04-23T02:00:00+00:00,1.1790200000000006,1.1791500000000008,1.1784200000000007,1.1785300000000007,3076
2026-04-23T02:30:00+00:00,1.1785300000000007,1.1787600000000007,1.1776900000000008,1.1778500000000007,3078
2026-04-23T03:00:00+00:00,1.1778500000000007,1.1782800000000007,1.1776200000000008,1.1778100000000007,3380
2026-04-23T03:30:00+00:00,1.1778100000000007,1.1780200000000007,1.1775900000000008,1.1776600000000008,2364
2026-04-23T04:00:00+00:00,1.1776600000000008,1.1780600000000008,1.1776200000000008,1.1779200000000007,1616
2026-04-23T04:30:00+00:00,1.1779200000000007,1.1781700000000008,1.1779200000000007,1.1781200000000007,1424
2026-04-23T05:00:00+00:00,1.1781200000000007,1.1784200000000007,1.1780500000000007,1.1783300000000008,1657
2026-04-23T05:30:00+00:00,1.1783300000000008,1.1788100000000008,1.1782200000000007,1.1788100000000008,2270
2026-04-23T06:00:00+00:00,1.1788100000000008,1.1789100000000008,1.1783100000000006,1.1785600000000007,2826
2026-04-23T06:30:00+00:00,1.1785600000000007,1.1790100000000008,1.1783900000000007,1.1784600000000007,3041
2026-04-23T07:00:00+00:00,1.1784600000000007,1.1793100000000007,1.1781300000000008,1.1783400000000006,5664
2026-04-23T07:30:00+00:00,1.1783400000000006,1.1785000000000008,1.1775600000000006,1.1783500000000007,4820
2026-04-23T08:00:00+00:00,1.1783500000000007,1.1786200000000007,1.1781400000000006,1.1783600000000007,4069
2026-04-23T08:30:00+00:00,1.1783600000000007,1.1785600000000007,1.1777500000000007,1.1782700000000008,4308
2026-04-23T09:00:00+00:00,1.1782700000000008,1.1783400000000006,1.1774700000000007,1.1775900000000008,4864
2026-04-23T09:30:00+00:00,1.1775900000000008,1.1777900000000008,1.1771400000000007,1.1774800000000007,3724
2026-04-23T10:00:00+00:00,1.1774800000000007,1.1777200000000008,1.1763100000000006,1.1764400000000008,3875
2026-04-23T10:30:00+00:00,1.1764400000000008,1.1767700000000008,1.1760700000000006,1.1763200000000007,3467
2026-04-23T11:00:00+00:00,1.1763200000000007,1.1764300000000008,1.1760000000000008,1.1762500000000007,3071
2026-04-23T11:30:00+00:00,1.1762500000000007,1.1778800000000007,1.1760100000000007,1.1771700000000007,6832
2026-04-23T12:00:00+00:00,1.1771700000000007,1.1779100000000007,1.1767200000000007,1.1769300000000007,7531
2026-04-23T12:30:00+00:00,1.1769300000000007,1.1779200000000007,1.1767100000000008,1.1773000000000007,8695
2026-04-23T13:00:00+00:00,1.1773000000000007,1.1774600000000006,1.1763500000000007,1.1769500000000006,6173
2026-04-23T13:30:00+00:00,1.1769500000000006,1.1777800000000007,1.1765900000000007,1.1772100000000008,7358
2026-04-23T14:00:00+00:00,1.1772100000000008,1.1788400000000008,1.1768300000000007,1.1786800000000006,7358
2026-04-23T14:30:00+00:00,1.1786800000000006,1.1797600000000008,1.1784000000000008,1.1791900000000006,7562
2026-04-23T15:00:00+00:00,1.1791900000000006,1.1796600000000008,1.1786800000000006,1.1791800000000008,6466
2026-04-23T15:30:00+00:00,1.1791800000000008,1.1792300000000007,1.1781800000000007,1.1784400000000008,6544
2026-04-23T16:00:00+00:00,1.1784400000000008,1.1785000000000008,1.1779400000000007,1.1784500000000007,4401
2026-04-23T16:30:00+00:00,1.1784500000000007,1.1786600000000007,1.1781300000000008,1.1783200000000007,3254
2026-04-23T17:00:00+00:00,1.1783200000000007,1.1783800000000006,1.1759200000000007,1.1763900000000007,13848
2026-04-23T17:30:00+00:00,1.1763900000000007,1.1774400000000007,1.1750200000000006,1.1773900000000008,20421
2026-04-23T18:00:00+00:00,1.1773900000000008,1.1781100000000007,1.1771900000000006,1.1776600000000008,11247
2026-04-23T18:30:00+00:00,1.1776600000000008,1.1779600000000008,1.1769300000000007,1.1770200000000006,5007
2026-04-23T19:00:00+00:00,1.1770200000000006,1.1771300000000007,1.1765200000000007,1.1766500000000006,4524
2026-04-23T19:30:00+00:00,1.1766500000000006,1.1768900000000007,1.1761400000000006,1.1767500000000006,4657
2026-04-23T20:00:00+00:00,1.1767500000000006,1.1767800000000008,1.1761700000000008,1.1764400000000008,2420
2026-04-23T20:30:00+00:00,1.1764400000000008,1.1766400000000008,1.1762700000000008,1.1764300000000008,1163
2026-04-23T21:00:00+00:00,1.1764300000000008,1.1769100000000008,1.1757500000000007,1.1760600000000008,1185
2026-04-23T21:30:00+00:00,1.1760600000000008,1.1766800000000006,1.1759400000000007,1.1764100000000006,603.5595935942947
2026-04-23T22:00:00+00:00,1.1764100000000006,1.1767700000000008,1.1764100000000006,1.1766900000000007,540
2026-04-23T22:30:00+00:00,1.1766900000000007,1.1767800000000008,1.1766400000000008,1.1767200000000007,486
2026-04-23T23:00:00+00:00,1.1767200000000007,1.1767300000000007,1.1763100000000006,1.1765200000000007,596
2026-04-23T23:30:00+00:00,1.1765200000000007,1.1765500000000007,1.1763900000000007,1.1764600000000007,839
2026-04-24T00:00:00+00:00,1.1764600000000007,1.1768700000000007,1.1762900000000007,1.1768100000000008,2663
2026-04-24T00:30:00+00:00,1.1768100000000008,1.1769500000000006,1.1764100000000006,1.1766300000000007,2965
2026-04-24T01:00:00+00:00,1.1766300000000007,1.1768300000000007,1.1764500000000007,1.1765900000000007,2463
2026-04-24T01:30:00+00:00,1.1765900000000007,1.1769800000000008,1.1763300000000008,1.1769600000000007,2611
2026-04-24T02:00:00+00:00,1.1769600000000007,1.1770400000000008,1.1761300000000008,1.1761300000000008,2071
2026-04-24T02:30:00+00:00,1.1761300000000008,1.1764300000000008,1.1759200000000007,1.1760200000000007,1738
2026-04-24T03:00:00+00:00,1.1760200000000007,1.1761200000000007,1.1756500000000007,1.1756500000000007,1848
2026-04-24T03:30:00+00:00,1.1756500000000007,1.1759600000000008,1.1754000000000007,1.1759000000000006,1802
2026-04-24T04:00:00+00:00,1.1759000000000006,1.1761200000000007,1.1757500000000007,1.1759100000000007,1575
2026-04-24T04:30:00+00:00,1.1759100000000007,1.1762800000000007,1.1758900000000008,1.1760200000000007,1781
2026-04-24T05:00:00+00:00,1.1760200000000007,1.1761600000000008,1.1757600000000008,1.1760300000000008,2077
2026-04-24T05:30:00+00:00,1.1760300000000008,1.1764200000000007,1.1760300000000008,1.1763100000000006,1705
2026-04-24T06:00:00+00:00,1.1763100000000006,1.1763500000000007,1.1759100000000007,1.1761700000000008,2676
2026-04-24T06:30:00+00:00,1.1761700000000008,1.1764800000000006,1.1758300000000008,1.1759600000000008,3127
2026-04-24T07:00:00+00:00,1.1759600000000008,1.1764200000000007,1.1757100000000007,1.1762100000000006,3135
2026-04-24T07:30:00+00:00,1.1762100000000006,1.1775000000000007,1.1759800000000007,1.1771600000000007,3328
2026-04-24T08:00:00+00:00,1.1771600000000007,1.1777000000000006,1.1764900000000007,1.1772700000000007,6008
2026-04-24T08:30:00+00:00,1.1772700000000007,1.1774900000000008,1.1767700000000008,1.1770800000000008,3699
2026-04-24T09:00:00+00:00,1.1770800000000008,1.1772000000000007,1.1765500000000007,1.1766100000000008,3385
2026-04-24T09:30:00+00:00,1.1766100000000008,1.1770300000000007,1.1765100000000006,1.1767500000000006,2492
2026-04-24T10:00:00+00:00,1.1767500000000006,1.1777400000000007,1.1766600000000007,1.1777100000000007,3039
2026-04-24T10:30:00+00:00,1.1777100000000007,1.1784600000000007,1.1775000000000007,1.1784300000000008,2955
2026-04-24T11:00:00+00:00,1.1784300000000008,1.1799300000000008,1.1783800000000006,1.1799000000000006,12552
2026-04-24T11:30:00+00:00,1.1799000000000006,1.1799600000000008,1.1792500000000008,1.1795700000000007,5800
2026-04-24T12:00:00+00:00,1.1795700000000007,1.1798500000000007,1.1790700000000007,1.1794700000000007,5801
2026-04-24T12:30:00+00:00,1.1794700000000007,1.1795000000000007,1.1783700000000008,1.1789800000000008,5876
2026-04-24T13:00:00+00:00,1.1789800000000008,1.1793700000000007,1.1782800000000007,1.1783300000000008,6062
2026-04-24T13:30:00+00:00,1.1783300000000008,1.1788800000000008,1.1779700000000006,1.1787500000000006,7201
2026-04-24T14:00:00+00:00,1.1787500000000006,1.1797200000000008,1.1781200000000007,1.1792800000000008,10638
2026-04-24T14:30:00+00:00,1.1792800000000008,1.1798000000000006,1.1784100000000006,1.1787200000000007,7547
2026-04-24T15:00:00+00:00,1.1787200000000007,1.1789500000000006,1.1784100000000006,1.1788300000000007,5123
2026-04-24T15:30:00+00:00,1.1788300000000007,1.1800800000000007,1.1781600000000008,1.1798600000000008,10307
2026-04-24T16:00:00+00:00,1.1798600000000008,1.1800300000000008,1.1794000000000007,1.1794400000000007,5147
2026-04-24T16:30:00+00:00,1.1794400000000007,1.1800800000000007,1.1794400000000007,1.1800200000000007,4004
2026-04-24T17:00:00+00:00,1.1800200000000007,1.1802200000000007,1.1796100000000007,1.1797200000000008,3901
2026-04-24T17:30:00+00:00,1.1797200000000008,1.1799900000000008,1.1793100000000007,1.1794600000000006,4037
2026-04-24T18:00:00+00:00,1.1794600000000006,1.1796900000000008,1.1792200000000008,1.1796000000000006,2795
2026-04-24T18:30:00+00:00,1.1796000000000006,1.1800700000000006,1.1794600000000006,1.1798800000000007,2277
2026-04-24T19:00:00+00:00,1.1798800000000007,1.1802000000000008,1.1798000000000006,1.1799200000000007,1958
2026-04-24T19:30:00+00:00,1.1799200000000007,1.1800500000000007,1.1796500000000008,1.1799700000000006,3466
2026-04-24T20:00:00+00:00,1.1799700000000006,1.1802000000000008,1.1797900000000008,1.1800600000000008,1856
2026-04-24T20:30:00+00:00,1.1800600000000008,1.1804100000000006,1.1796700000000007,1.1798200000000008,1821.4499338675796
2026-04-26T21:00:00+00:00,1.1798200000000008,1.1809500000000006,1.1798200000000008,1.1809100000000006,261.2570725954271
2026-04-26T21:30:00+00:00,1.1809100000000006,1.1820400000000006,1.1809100000000006,1.1815700000000005,354.88139362490733
2026-04-26T22:00:00+00:00,1.1815700000000005,1.1823600000000005,1.1815700000000005,1.1818400000000004,1459
2026-04-26T22:30:00+00:00,1.1818400000000004,1.1820000000000004,1.1817300000000004,1.1819400000000004,799
2026-04-26T23:00:00+00:00,1.1819400000000004,1.1821100000000004,1.1818000000000004,1.1818100000000005,683
2026-04-26T23:30:00+00:00,1.1818100000000005,1.1819000000000004,1.1816700000000004,1.1816900000000006,785
2026-04-27T00:00:00+00:00,1.1816900000000006,1.1823600000000005,1.1816900000000006,1.1823100000000004,2498
2026-04-27T00:30:00+00:00,1.1823100000000004,1.1828700000000005,1.1822600000000005,1.1827500000000004,2136
2026-04-27T01:00:00+00:00,1.1827500000000004,1.1838400000000004,1.1827500000000004,1.1834000000000005,5854
2026-04-27T01:30:00+00:00,1.1834000000000005,1.1838100000000005,1.1832400000000005,1.1836000000000004,2607
2026-04-27T02:00:00+00:00,1.1836000000000004,1.1837200000000005,1.1831100000000006,1.1835500000000005,1968
2026-04-27T02:30:00+00:00,1.1835500000000005,1.1839800000000005,1.1835500000000005,1.1838000000000004,1929
2026-04-27T03:00:00+00:00,1.1838000000000004,1.1841100000000004,1.1837900000000006,1.1840100000000005,1754
2026-04-27T03:30:00+00:00,1.1840100000000005,1.1844000000000006,1.1839400000000004,1.1840900000000005,1393
2026-04-27T04:00:00+00:00,1.1840900000000005,1.1842100000000004,1.1839600000000006,1.1842000000000006,1534
2026-04-27T04:30:00+00:00,1.1842000000000006,1.1843100000000004,1.1836700000000004,1.1838200000000005,1665
2026-04-27T05:00:00+00:00,1.1838200000000005,1.1839500000000005,1.1835400000000005,1.1837400000000005,1846
2026-04-27T05:30:00+00:00,1.1837400000000005,1.1838600000000006,1.1833600000000004,1.1834000000000005,1936
2026-04-27T06:00:00+00:00,1.1834000000000005,1.1834500000000006,1.1828200000000004,1.1830400000000005,3335
2026-04-27T06:30:00+00:00,1.1830400000000005,1.1841300000000006,1.1829100000000006,1.1841200000000005,3404
2026-04-27T07:00:00+00:00,1.1841200000000005,1.1847900000000005,1.1840700000000004,1.1842500000000005,3173
2026-04-27T07:30:00+00:00,1.1842500000000005,1.1856800000000005,1.1841300000000006,1.1855600000000004,3703
2026-04-27T08:00:00+00:00,1.1855600000000004,1.1859200000000005,1.1850700000000005,1.1855500000000005,4944
2026-04-27T08:30:00+00:00,1.1855500000000005,1.1862400000000004,1.1851300000000005,1.1860000000000004,3632
2026-04-27T09:00:00+00:00,1.1860000000000004,1.1862500000000005,1.1855900000000006,1.1856200000000006,3043
2026-04-27T09:30:00+00:00,1.1856200000000006,1.1857700000000004,1.1852600000000004,1.1853800000000005,2383
2026-04-27T10:00:00+00:00,1.1853800000000005,1.1855800000000005,1.1850400000000005,1.1854000000000005,1886
2026-04-27T10:30:00+00:00,1.1854000000000005,1.1859500000000005,1.1852800000000006,1.1857600000000006,2689
2026-04-27T11:00:00+00:00,1.1857600000000006,1.1858700000000004,1.1851300000000005,1.1855500000000005,2789
2026-04-27T11:30:00+00:00,1.1855500000000005,1.1855800000000005,1.1849300000000005,1.1852800000000006,2728
2026-04-27T12:00:00+00:00,1.1852800000000006,1.1866500000000004,1.1852300000000004,1.1860900000000005,4405
2026-04-27T12:30:00+00:00,1.1860900000000005,1.1862000000000006,1.1855100000000005,1.1855900000000006,4840
2026-04-27T13:00:00+00:00,1.1855900000000006,1.1865600000000005,1.1854700000000005,1.1860500000000005,5917
2026-04-27T13:30:00+00:00,1.1860500000000005,1.1861100000000004,1.1847200000000004,1.1851500000000006,6913
2026-04-27T14:00:00+00:00,1.1851500000000006,1.1853500000000006,1.1847400000000006,1.1850000000000005,5463
2026-04-27T14:30:00+00:00,1.1850000000000005,1.1859700000000004,1.1844700000000006,1.1847600000000005,6611
2026-04-27T15:00:00+00:00,1.1847600000000005,1.1848400000000006,1.1841500000000005,1.1845100000000004,5380
2026-04-27T15:30:00+00:00,1.1845100000000004,1.1847100000000006,1.1840800000000005,1.1842300000000006,3662
2026-04-27T16:00:00+00:00,1.1842300000000006,1.1845400000000006,1.1839800000000005,1.1840600000000006,2871
2026-04-27T16:30:00+00:00,1.1840600000000006,1.1843900000000005,1.1836700000000004,1.1837500000000005,2733
2026-04-27T17:00:00+00:00,1.1837500000000005,1.1838700000000004,1.1831600000000004,1.1834200000000006,3725
2026-04-27T17:30:00+00:00,1.1834200000000006,1.1841500000000005,1.1834100000000005,1.1834700000000005,2379
2026-04-27T18:00:00+00:00,1.1834700000000005,1.1836400000000005,1.1832500000000006,1.1834100000000005,2025
2026-04-27T18:30:00+00:00,1.1834100000000005,1.1835100000000005,1.1830400000000005,1.1831600000000004,1791
2026-04-27T19:00:00+00:00,1.1831600000000004,1.1836900000000006,1.1830700000000005,1.1836400000000005,1840
2026-04-27T19:30:00+00:00,1.1836400000000005,1.1837400000000005,1.1831600000000004,1.1832300000000004,2164
2026-04-27T20:00:00+00:00,1.1832300000000004,1.1834700000000005,1.1832200000000004,1.1832600000000004,1023
2026-04-27T20:30:00+00:00,1.1832600000000004,1.1834800000000005,1.1830900000000004,1.1830900000000004,1032
2026-04-27T21:00:00+00:00,1.1830900000000004,1.1831600000000004,1.1829500000000004,1.1830600000000004,104.88535656457161
2026-04-27T21:30:00+00:00,1.1830600000000004,1.1833900000000004,1.1830100000000003,1.1832300000000004,840.2101375375764
2026-04-27T22:00:00+00:00,1.1832300000000004,1.1835300000000004,1.1831700000000005,1.1834700000000005,934
2026-04-27T22:30:00+00:00,1.1834700000000005,1.1835800000000003,1.1834400000000005,1.1835000000000004,646
2026-04-27T23:00:00+00:00,1.1835000000000004,1.1836000000000004,1.1834100000000003,1.1834600000000004,674
2026-04-27T23:30:00+00:00,1.1834600000000004,1.1835800000000003,1.1834200000000004,1.1835800000000003,511
2026-04-28T00:00:00+00:00,1.1835800000000003,1.1839700000000004,1.1831200000000004,1.1832800000000003,2841
2026-04-28T00:30:00+00:00,1.1832800000000003,1.1834700000000005,1.1829800000000004,1.1831600000000004,2640
2026-04-28T01:00:00+00:00,1.1831600000000004,1.1831600000000004,1.1826600000000005,1.1829000000000003,2535
2026-04-28T01:30:00+00:00,1.1829000000000003,1.1831100000000003,1.1825000000000003,1.1825500000000004,1995
2026-04-28T02:00:00+00:00,1.1825500000000004,1.1826500000000004,1.1823900000000005,1.1825300000000003,1757
2026-04-28T02:30:00+00:00,1.1825300000000003,1.1825600000000005,1.1820600000000003,1.1821200000000003,1455
2026-04-28T03:00:00+00:00,1.1821200000000003,1.1830000000000005,1.1820900000000003,1.1829500000000004,3332
2026-04-28T03:30:00+00:00,1.1829500000000004,1.1830600000000004,1.1825200000000005,1.1826000000000003,1493
2026-04-28T04:00:00+00:00,1.1826000000000003,1.1827100000000004,1.1824400000000004,1.1826800000000004,1267
2026-04-28T04:30:00+00:00,1.1826800000000004,1.1829100000000004,1.1824600000000003,1.1825200000000005,1184
2026-04-28T05:00:00+00:00,1.1825200000000005,1.1826200000000004,1.1822100000000004,1.1825400000000004,1707
2026-04-28T05:30:00+00:00,1.1825400000000004,1.1825400000000004,1.1818100000000005,1.1818800000000005,2611
2026-04-28T06:00:00+00:00,1.1818800000000005,1.1820900000000003,1.1813700000000005,1.1816700000000004,3694
2026-04-28T06:30:00+00:00,1.1816700000000004,1.1817200000000003,1.1799800000000005,1.1800100000000004,5501
2026-04-28T07:00:00+00:00,1.1800100000000004,1.1813600000000004,1.1798700000000004,1.1808800000000004,6218
2026-04-28T07:30:00+00:00,1.1808800000000004,1.1812500000000004,1.1805400000000004,1.1809300000000005,4211
2026-04-28T08:00:00+00:00,1.1809300000000005,1.1820500000000005,1.1807600000000005,1.1819500000000005,6484
2026-04-28T08:30:00+00:00,1.1819500000000005,1.1819800000000005,1.1812100000000003,1.1815000000000004,4174
2026-04-28T09:00:00+00:00,1.1815000000000004,1.1815000000000004,1.1807600000000005,1.1808100000000004,4245
2026-04-28T09:30:00+00:00,1.1808100000000004,1.1811800000000003,1.1799100000000005,1.1805000000000003,4597
2026-04-28T10:00:00+00:00,1.1805000000000003,1.1806800000000004,1.1803100000000004,1.1804300000000003,3311
2026-04-28T10:30:00+00:00,1.1804300000000003,1.1808500000000004,1.1803900000000005,1.1806000000000003,3945
2026-04-28T11:00:00+00:00,1.1806000000000003,1.1812200000000004,1.1805400000000004,1.1807400000000003,5026
2026-04-28T11:30:00+00:00,1.1807400000000003,1.1807400000000003,1.1794800000000003,1.1795700000000005,6196
2026-04-28T12:00:00+00:00,1.1795700000000005,1.1806000000000003,1.1790100000000003,1.1802100000000004,9332
2026-04-28T12:30:00+00:00,1.1802100000000004,1.1812700000000005,1.1798200000000003,1.1809700000000003,5399
2026-04-28T13:00:00+00:00,1.1809700000000003,1.1812500000000004,1.1801200000000003,1.1811800000000003,6433
2026-04-28T13:30:00+00:00,1.1811800000000003,1.1816500000000003,1.1804000000000003,1.1810000000000005,8469
2026-04-28T14:00:00+00:00,1.1810000000000005,1.1812000000000005,1.1803300000000003,1.1809500000000004,7291
2026-04-28T14:30:00+00:00,1.1809500000000004,1.1816000000000004,1.1805400000000004,1.1813600000000004,10671
2026-04-28T15:00:00+00:00,1.1813600000000004,1.1825500000000004,1.1813600000000004,1.1823500000000005,7859
2026-04-28T15:30:00+00:00,1.1823500000000005,1.1828500000000004,1.1820500000000005,1.1826400000000004,5250
2026-04-28T16:00:00+00:00,1.1826400000000004,1.1829800000000004,1.1818700000000004,1.1819300000000004,4239
2026-04-28T16:30:00+00:00,1.1819300000000004,1.1824800000000004,1.1818200000000003,1.1823200000000005,3233
2026-04-28T17:00:00+00:00,1.1823200000000005,1.1824500000000004,1.1819300000000004,1.1822400000000004,2519
2026-04-28T17:30:00+00:00,1.1822400000000004,1.1830400000000003,1.1822100000000004,1.1826400000000004,3286
2026-04-28T18:00:00+00:00,1.1826400000000004,1.1828700000000003,1.1824300000000003,1.1828100000000004,3364
2026-04-28T18:30:00+00:00,1.1828100000000004,1.1828900000000004,1.1824000000000003,1.1824500000000004,2407
2026-04-28T19:00:00+00:00,1.1824500000000004,1.1828000000000003,1.1821300000000003,1.1822100000000004,1939
2026-04-28T19:30:00+00:00,1.1822100000000004,1.1823000000000004,1.1819800000000005,1.1822500000000005,2166
2026-04-28T20:00:00+00:00,1.1822500000000005,1.1827100000000004,1.1822100000000004,1.1825100000000004,1286
2026-04-28T20:30:00+00:00,1.1825100000000004,1.1827900000000005,1.1824300000000003,1.1824700000000004,1152
2026-04-28T21:00:00+00:00,1.1824700000000004,1.1827000000000003,1.1820700000000004,1.1823000000000004,141.11954889543017
2026-04-28T21:30:00+00:00,1.1823000000000004,1.1825500000000002,1.1822500000000002,1.1823600000000003,178.53504540082628
2026-04-28T22:00:00+00:00,1.1823600000000003,1.1830400000000003,1.1823600000000003,1.1826300000000003,699.5323965651835
2026-04-28T22:30:00+00:00,1.1826300000000003,1.1828100000000001,1.1826300000000003,1.1827800000000002,1272
2026-04-28T23:00:00+00:00,1.1827800000000002,1.1828500000000002,1.1827300000000003,1.1827800000000002,431
2026-04-28T23:30:00+00:00,1.1827800000000002,1.1829700000000003,1.1827300000000003,1.1829700000000003,533
2026-04-29T00:00:00+00:00,1.1829700000000003,1.1832700000000003,1.1826600000000003,1.1827700000000003,1632
2026-04-29T00:30:00+00:00,1.1827700000000003,1.1830800000000001,1.1826800000000002,1.1827700000000003,1732
2026-04-29T01:00:00+00:00,1.1827700000000003,1.1828300000000003,1.1819200000000003,1.1822700000000002,3918
2026-04-29T01:30:00+00:00,1.1822700000000002,1.1828000000000003,1.1821300000000001,1.1824100000000002,3509
2026-04-29T02:00:00+00:00,1.1824100000000002,1.1829000000000003,1.1824100000000002,1.1825200000000002,2264
2026-04-29T02:30:00+00:00,1.1825200000000002,1.1825300000000003,1.1819300000000001,1.1819700000000002,1788
2026-04-29T03:00:00+00:00,1.1819700000000002,1.1822800000000002,1.1819600000000001,1.1821600000000003,1695
2026-04-29T03:30:00+00:00,1.1821600000000003,1.1821600000000003,1.1817200000000003,1.1818100000000002,1043
2026-04-29T04:00:00+00:00,1.1818100000000002,1.1819600000000001,1.1817200000000003,1.1818100000000002,863
2026-04-29T04:30:00+00:00,1.1818100000000002,1.1819800000000003,1.1816700000000002,1.1817700000000002,694
2026-04-29T05:00:00+00:00,1.1817700000000002,1.1817900000000001,1.1813200000000001,1.1813900000000002,1170
2026-04-29T05:30:00+00:00,1.1813900000000002,1.1815300000000002,1.1810200000000002,1.1812700000000003,2172
2026-04-29T06:00:00+00:00,1.1812700000000003,1.1816300000000002,1.1808900000000002,1.1811200000000002,2941
2026-04-29T06:30:00+00:00,1.1811200000000002,1.1815900000000001,1.1808500000000002,1.1812100000000003,2959
2026-04-29T07:00:00+00:00,1.1812100000000003,1.1819400000000002,1.1810300000000002,1.1817300000000002,4204
2026-04-29T07:30:00+00:00,1.1817300000000002,1.1820400000000002,1.1816200000000001,1.1817400000000002,3173
2026-04-29T08:00:00+00:00,1.1817400000000002,1.1817800000000003,1.1805700000000001,1.1810900000000002,5488
2026-04-29T08:30:00+00:00,1.1810900000000002,1.1813400000000003,1.1807600000000003,1.1812200000000002,3463
2026-04-29T09:00:00+00:00,1.1812200000000002,1.1814800000000003,1.1809200000000002,1.1813600000000002,2971
2026-04-29T09:30:00+00:00,1.1813600000000002,1.1816700000000002,1.1808200000000002,1.1809700000000003,3553
2026-04-29T10:00:00+00:00,1.1809700000000003,1.1815200000000001,1.1808600000000002,1.1813200000000001,2743
2026-04-29T10:30:00+00:00,1.1813200000000001,1.1821500000000003,1.1812300000000002,1.1821300000000001,2635
2026-04-29T11:00:00+00:00,1.1821300000000001,1.1821800000000002,1.1815800000000003,1.1817400000000002,3871
2026-04-29T11:30:00+00:00,1.1817400000000002,1.1821300000000001,1.1811800000000001,1.1813100000000003,3282
2026-04-29T12:00:00+00:00,1.1813100000000003,1.1820300000000001,1.1812200000000002,1.1816500000000003,4616
2026-04-29T12:30:00+00:00,1.1816500000000003,1.1816800000000003,1.1805500000000002,1.1811300000000002,6793
2026-04-29T13:00:00+00:00,1.1811300000000002,1.1815400000000003,1.1801800000000002,1.1803100000000002,7068
2026-04-29T13:30:00+00:00,1.1803100000000002,1.1804200000000002,1.1794600000000002,1.1801000000000001,9341
2026-04-29T14:00:00+00:00,1.1801000000000001,1.1805000000000003,1.1795900000000001,1.1802900000000003,6875
2026-04-29T14:30:00+00:00,1.1802900000000003,1.1815200000000001,1.1799700000000002,1.1813300000000002,6526
2026-04-29T15:00:00+00:00,1.1813300000000002,1.1813700000000003,1.1802800000000002,1.1804400000000002,6758
2026-04-29T15:30:00+00:00,1.1804400000000002,1.1816300000000002,1.1799300000000001,1.1806800000000002,10238
2026-04-29T16:00:00+00:00,1.1806800000000002,1.1810900000000002,1.1801200000000003,1.1804600000000003,5090
2026-04-29T16:30:00+00:00,1.1804600000000003,1.1805100000000002,1.1795800000000003,1.1796800000000003,4864
2026-04-29T17:00:00+00:00,1.1796800000000003,1.1797500000000003,1.1791900000000002,1.1794400000000003,4238
2026-04-29T17:30:00+00:00,1.1794400000000003,1.1801200000000003,1.1792600000000002,1.1799000000000002,5489
2026-04-29T18:00:00+00:00,1.1799000000000002,1.1802600000000003,1.1783600000000003,1.1787700000000005,9743.552786788558
2026-04-29T18:30:00+00:00,1.1787700000000005,1.1796300000000004,1.1773400000000005,1.1784400000000006,11963
2026-04-29T19:00:00+00:00,1.1784400000000006,1.1792600000000004,1.1779300000000006,1.1786700000000006,5913
2026-04-29T19:30:00+00:00,1.1786700000000006,1.1789100000000006,1.1779500000000005,1.1788500000000004,4112
2026-04-29T20:00:00+00:00,1.1788500000000004,1.1789800000000006,1.1783100000000004,1.1786500000000004,3537
2026-04-29T20:30:00+00:00,1.1786500000000004,1.1789200000000004,1.1783800000000004,1.1789200000000004,2082
2026-04-29T21:00:00+00:00,1.1789200000000004,1.17903,1.1783600000000005,1.17894,98.52895995585894
2026-04-29T21:30:00+00:00,1.17894,1.1793500000000001,1.17877,1.17894,1528.2236298213497
2026-04-29T22:00:00+00:00,1.17894,1.17956,1.17889,1.17955,1535
2026-04-29T22:30:00+00:00,1.17955,1.17966,1.17946,1.17956,1006
2026-04-29T23:00:00+00:00,1.17956,1.17975,1.1794,1.17972,891
2026-04-29T23:30:00+00:00,1.17972,1.18043,1.17967,1.18025,1233
2026-04-30T00:00:00+00:00,1.18025,1.18075,1.18022,1.18035,4494
2026-04-30T00:30:00+00:00,1.18035,1.18052,1.1797,1.17971,2985
2026-04-30T01:00:00+00:00,1.17971,1.17997,1.17954,1.17968,2416
2026-04-30T01:30:00+00:00,1.17968,1.17995,1.17913,1.1792500000000001,3803
2026-04-30T02:00:00+00:00,1.1792500000000001,1.17946,1.17877,1.1789,2459
2026-04-30T02:30:00+00:00,1.1789,1.1789,1.17804,1.17849,5155
2026-04-30T03:00:00+00:00,1.17849,1.17889,1.17835,1.1787400000000001,2930
2026-04-30T03:30:00+00:00,1.1787400000000001,1.1788,1.17827,1.17839,2251
2026-04-30T04:00:00+00:00,1.17839,1.17841,1.17755,1.17768,3221
2026-04-30T04:30:00+00:00,1.17768,1.17789,1.1773,1.17781,2844
2026-04-30T05:00:00+00:00,1.17781,1.17825,1.17781,1.17789,2748
2026-04-30T05:30:00+00:00,1.17789,1.17824,1.17768,1.17773,2845
2026-04-30T06:00:00+00:00,1.17773,1.1784000000000001,1.17756,1.17835,4342
2026-04-30T06:30:00+00:00,1.17835,1.17884,1.17833,1.17883,4996
2026-04-30T07:00:00+00:00,1.17883,1.17993,1.17878,1.17991,5519
2026-04-30T07:30:00+00:00,1.17991,1.18019,1.17937,1.17975,5453
2026-04-30T08:00:00+00:00,1.17975,1.18155,1.17974,1.18051,8520
2026-04-30T08:30:00+00:00,1.18051,1.18087,1.17921,1.17975,7801
2026-04-30T09:00:00+00:00,1.17975,1.18045,1.17911,1.18045,6695
2026-04-30T09:30:00+00:00,1.18045,1.18153,1.18029,1.18125,7711
2026-04-30T10:00:00+00:00,1.18125,1.18252,1.1807,1.18242,7699
2026-04-30T10:30:00+00:00,1.18242,1.18333,1.18192,1.18326,21269
2026-04-30T11:00:00+00:00,1.18326,1.18375,1.18211,1.18348,15993
2026-04-30T11:30:00+00:00,1.18348,1.18375,1.1821300000000001,1.18228,13223
2026-04-30T12:00:00+00:00,1.18228,1.18235,1.18077,1.1817900000000001,10642
2026-04-30T12:30:00+00:00,1.1817900000000001,1.18206,1.18073,1.18105,10568
2026-04-30T13:00:00+00:00,1.18105,1.18188,1.17997,1.18095,13401
2026-04-30T13:30:00+00:00,1.18095,1.18146,1.1801300000000001,1.1808,11015
2026-04-30T14:00:00+00:00,1.1808,1.1833,1.18055,1.18313,13062
2026-04-30T14:30:00+00:00,1.18313,1.18514,1.18227,1.18458,15995
2026-04-30T15:00:00+00:00,1.18458,1.18537,1.18407,1.18445,12840
2026-04-30T15:30:00+00:00,1.18445,1.18516,1.18412,1.18464,6432
2026-04-30T16:00:00+00:00,1.18464,1.1853500000000001,1.18425,1.18436,5513
2026-04-30T16:30:00+00:00,1.18436,1.18465,1.18409,1.18434,3654
2026-04-30T17:00:00+00:00,1.18434,1.1849100000000001,1.184,1.18458,5094
2026-04-30T17:30:00+00:00,1.18458,1.18503,1.18427,1.1843000000000001,4143
2026-04-30T18:00:00+00:00,1.1843000000000001,1.18506,1.1843000000000001,1.18476,3539
2026-04-30T18:30:00+00:00,1.18476,1.18581,1.18476,1.18543,3406
2026-04-30T19:00:00+00:00,1.18543,1.18595,1.1850100000000001,1.18526,3937
2026-04-30T19:30:00+00:00,1.18526,1.18569,1.18511,1.18514,3896
2026-04-30T20:00:00+00:00,1.18514,1.18544,1.1847400000000001,1.18515,3329
2026-04-30T20:30:00+00:00,1.18515,1.1854500000000001,1.18483,1.18494,2022
2026-04-30T21:00:00+00:00,1.18494,1.1850100000000001,1.18449,1.1846700000000001,424
2026-04-30T21:30:00+00:00,1.1846700000000001,1.18519,1.18466,1.18488,1058
2026-04-30T22:00:00+00:00,1.18488,1.1854500000000001,1.18486,1.18492,749
2026-04-30T22:30:00+00:00,1.18492,1.18497,1.18471,1.18492,1220
2026-04-30T23:00:00+00:00,1.18492,1.18512,1.1849100000000001,1.18499,1172
2026-04-30T23:30:00+00:00,1.18499,1.18508,1.18461,1.18466,1556
2026-05-01T00:00:00+00:00,1.18466,1.18478,1.18421,1.18452,3851
2026-05-01T00:30:00+00:00,1.18452,1.18476,1.18444,1.18456,2909
2026-05-01T01:00:00+00:00,1.18456,1.18483,1.18431,1.18471,1978
2026-05-01T01:30:00+00:00,1.18471,1.1851,1.18471,1.1849,2049
2026-05-01T02:00:00+00:00,1.1849,1.1852,1.1848400000000001,1.18508,1709
2026-05-01T02:30:00+00:00,1.18508,1.1852,1.18475,1.18516,1847
2026-05-01T03:00:00+00:00,1.18516,1.18543,1.18505,1.18537,1483
2026-05-01T03:30:00+00:00,1.18537,1.18544,1.18485,1.1849,1792
2026-05-01T04:00:00+00:00,1.1849,1.18502,1.18442,1.18444,1507
2026-05-01T04:30:00+00:00,1.18444,1.18458,1.18439,1.18447,1233
2026-05-01T05:00:00+00:00,1.18447,1.18451,1.1842,1.18425,1204
2026-05-01T05:30:00+00:00,1.18425,1.18441,1.18397,1.18405,1361
2026-05-01T06:00:00+00:00,1.18405,1.1842300000000001,1.18374,1.18387,2614
2026-05-01T06:30:00+00:00,1.18387,1.18629,1.18368,1.18534,9818
2026-05-01T07:00:00+00:00,1.18534,1.1857900000000001,1.18494,1.18573,7457
2026-05-01T07:30:00+00:00,1.18573,1.18599,1.18494,1.18525,4912
2026-05-01T08:00:00+00:00,1.18525,1.18659,1.18498,1.18622,4605
2026-05-01T08:30:00+00:00,1.18622,1.18653,1.18598,1.18614,3411
2026-05-01T09:00:00+00:00,1.18614,1.18618,1.18508,1.18519,3456
2026-05-01T09:30:00+00:00,1.18519,1.1856200000000001,1.18488,1.18492,2972
2026-05-01T10:00:00+00:00,1.18492,1.1862300000000001,1.18488,1.186,2994
2026-05-01T10:30:00+00:00,1.186,1.18638,1.18573,1.18626,2484
2026-05-01T11:00:00+00:00,1.18626,1.18763,1.1862,1.18734,3903
2026-05-01T11:30:00+00:00,1.18734,1.1875,1.18635,1.18692,3350
2026-05-01T12:00:00+00:00,1.18692,1.18868,1.18662,1.18835,8105
2026-05-01T12:30:00+00:00,1.18835,1.18848,1.1874500000000001,1.18756,4564
2026-05-01T13:00:00+00:00,1.18756,1.18803,1.1871,1.1873,4276
2026-05-01T13:30:00+00:00,1.1873,1.18815,1.18619,1.18794,10708
2026-05-01T14:00:00+00:00,1.18794,1.19032,1.1878,1.1897,12346
2026-05-01T14:30:00+00:00,1.1897,1.18986,1.18821,1.18853,8263
2026-05-01T15:00:00+00:00,1.18853,1.18887,1.18802,1.1882,6883
2026-05-01T15:30:00+00:00,1.1882,1.18865,1.1871,1.1873,8044
2026-05-01T16:00:00+00:00,1.1873,1.18751,1.18644,1.1866,6071
2026-05-01T16:30:00+00:00,1.1866,1.1867,1.18557,1.1856200000000001,4664
2026-05-01T17:00:00+00:00,1.1856200000000001,1.18584,1.18527,1.18547,3499
2026-05-01T17:30:00+00:00,1.18547,1.18558,1.18472,1.1851,4190
2026-05-01T18:00:00+00:00,1.1851,1.18521,1.18375,1.18417,3878
2026-05-01T18:30:00+00:00,1.18417,1.18473,1.18373,1.18453,4722
2026-05-01T19:00:00+00:00,1.18453,1.18463,1.1840600000000001,1.18407,2082
2026-05-01T19:30:00+00:00,1.18407,1.1841300000000001,1.18357,1.18375,1932
2026-05-01T20:00:00+00:00,1.18375,1.18404,1.18347,1.18348,1421
2026-05-01T20:30:00+00:00,1.18348,1.18389,1.18319,1.1837400000000002,2329.8760425288087
2026-05-03T21:00:00+00:00,1.1837400000000002,1.18395,1.18333,1.1838700000000002,248.49900536412326
2026-05-03T21:30:00+00:00,1.1838700000000002,1.1840400000000002,1.18279,1.1830900000000002,167.16744308692978
2026-05-03T22:00:00+00:00,1.1830900000000002,1.18347,1.18194,1.18249,2406
2026-05-03T22:30:00+00:00,1.18249,1.18289,1.1823000000000001,1.1825800000000002,1133
2026-05-03T23:00:00+00:00,1.1825800000000002,1.1826,1.1823000000000001,1.18233,1176
2026-05-03T23:30:00+00:00,1.18233,1.18249,1.1817700000000002,1.1818600000000001,1995
2026-05-04T00:00:00+00:00,1.1818600000000001,1.1821400000000002,1.18141,1.18161,4192
2026-05-04T00:30:00+00:00,1.18161,1.1820000000000002,1.1816000000000002,1.1819600000000001,2869
2026-05-04T01:00:00+00:00,1.1819600000000001,1.1822000000000001,1.18127,1.1815300000000002,4225
2026-05-04T01:30:00+00:00,1.1815300000000002,1.1819000000000002,1.18138,1.1817700000000002,2712
2026-05-04T02:00:00+00:00,1.1817700000000002,1.18205,1.1815200000000001,1.1815300000000002,2885
2026-05-04T02:30:00+00:00,1.1815300000000002,1.1821400000000002,1.18151,1.18202,2193
2026-05-04T03:00:00+00:00,1.18202,1.18212,1.1817700000000002,1.18188,1928
2026-05-04T03:30:00+00:00,1.18188,1.1831500000000001,1.18172,1.183,8955
2026-05-04T04:00:00+00:00,1.183,1.1830800000000001,1.18218,1.1822400000000002,3346
2026-05-04T04:30:00+00:00,1.1822400000000002,1.18229,1.18201,1.1821700000000002,1567
2026-05-04T05:00:00+00:00,1.1821700000000002,1.18249,1.1819000000000002,1.1819300000000001,3532
2026-05-04T05:30:00+00:00,1.1819300000000001,1.18245,1.18182,1.18233,2307
2026-05-04T06:00:00+00:00,1.18233,1.1829800000000001,1.18228,1.1828100000000001,3281
2026-05-04T06:30:00+00:00,1.1828100000000001,1.18294,1.1814,1.1821400000000002,4726
2026-05-04T07:00:00+00:00,1.1821400000000002,1.18216,1.1812900000000002,1.18134,4296
2026-05-04T07:30:00+00:00,1.18134,1.1817000000000002,1.18079,1.18103,3863
2026-05-04T08:00:00+00:00,1.18103,1.1811600000000002,1.18039,1.1810800000000001,4288
2026-05-04T08:30:00+00:00,1.1810800000000001,1.18158,1.18104,1.1811900000000002,3360
2026-05-04T09:00:00+00:00,1.1811900000000002,1.18164,1.1808400000000001,1.18113,3695
2026-05-04T09:30:00+00:00,1.18113,1.18138,1.18093,1.181,2796
2026-05-04T10:00:00+00:00,1.181,1.181,1.1781300000000001,1.17954,14919
2026-05-04T10:30:00+00:00,1.17954,1.1807,1.1794900000000001,1.1797700000000002,8417
2026-05-04T11:00:00+00:00,1.1797700000000002,1.1801300000000001,1.1788200000000002,1.1793300000000002,6385
2026-05-04T11:30:00+00:00,1.1793300000000002,1.1794,1.1785400000000001,1.1785800000000002,6347
2026-05-04T12:00:00+00:00,1.1785800000000002,1.18025,1.1784700000000001,1.1801300000000001,7428
2026-05-04T12:30:00+00:00,1.1801300000000001,1.1805,1.1798000000000002,1.18018,5343
2026-05-04T13:00:00+00:00,1.18018,1.1807400000000001,1.17947,1.17999,9143
2026-05-04T13:30:00+00:00,1.17999,1.18104,1.17989,1.18077,7016
2026-05-04T14:00:00+00:00,1.18077,1.1808400000000001,1.1799400000000002,1.1806500000000002,7892
2026-05-04T14:30:00+00:00,1.1806500000000002,1.1809,1.1797000000000002,1.17999,6823
2026-05-04T15:00:00+00:00,1.17999,1.18083,1.1789100000000001,1.1794600000000002,12449
2026-05-04T15:30:00+00:00,1.1794600000000002,1.1795600000000002,1.17867,1.179,10324
2026-05-04T16:00:00+00:00,1.179,1.1793500000000001,1.1776900000000001,1.17832,12845
2026-05-04T16:30:00+00:00,1.17832,1.1785800000000002,1.1773500000000001,1.1774900000000001,6730
2026-05-04T17:00:00+00:00,1.1774900000000001,1.17886,1.1774300000000002,1.17879,7160
2026-05-04T17:30:00+00:00,1.17879,1.1789800000000001,1.1783800000000002,1.1786100000000002,3320
2026-05-04T18:00:00+00:00,1.1786100000000002,1.1789500000000002,1.1781700000000002,1.17842,4971
2026-05-04T18:30:00+00:00,1.17842,1.17906,1.17808,1.1789800000000001,4620
2026-05-04T19:00:00+00:00,1.1789800000000001,1.17951,1.1786100000000002,1.17923,6001
2026-05-04T19:30:00+00:00,1.17923,1.1793500000000001,1.1786500000000002,1.17876,3361
2026-05-04T20:00:00+00:00,1.17876,1.1787800000000002,1.17798,1.17823,1862
2026-05-04T20:30:00+00:00,1.17823,1.1785400000000001,1.1779600000000001,1.1779600000000001,1633
2026-05-04T21:00:00+00:00,1.1779600000000001,1.1781100000000002,1.1776900000000003,1.1780900000000003,354.31248255093107
2026-05-04T21:30:00+00:00,1.1780900000000003,1.1782100000000002,1.1779400000000002,1.1780400000000002,272.4875134885155
2026-05-04T22:00:00+00:00,1.1780400000000002,1.1781700000000004,1.1779300000000004,1.1781500000000003,650
2026-05-04T22:30:00+00:00,1.1781500000000003,1.1782200000000003,1.1780200000000003,1.1780600000000003,605
2026-05-04T23:00:00+00:00,1.1780600000000003,1.1782800000000002,1.1780400000000002,1.1782200000000003,434
2026-05-04T23:30:00+00:00,1.1782200000000003,1.1783400000000004,1.1781600000000003,1.1782100000000002,667
2026-05-05T00:00:00+00:00,1.1782100000000002,1.1784300000000003,1.1776700000000002,1.1777700000000002,2758
2026-05-05T00:30:00+00:00,1.1777700000000002,1.1779500000000003,1.1775600000000004,1.1776900000000003,2095
2026-05-05T01:00:00+00:00,1.1776900000000003,1.1777100000000003,1.1770100000000003,1.1772300000000002,2200
2026-05-05T01:30:00+00:00,1.1772300000000002,1.1778800000000003,1.1771700000000003,1.1777400000000002,2820
2026-05-05T02:00:00+00:00,1.1777400000000002,1.1781200000000003,1.1776700000000002,1.1780300000000004,1737
2026-05-05T02:30:00+00:00,1.1780300000000004,1.1782100000000002,1.1777900000000003,1.1778100000000002,1611
2026-05-05T03:00:00+00:00,1.1778100000000002,1.1778700000000002,1.1775700000000002,1.1777600000000004,1331
2026-05-05T03:30:00+00:00,1.1777600000000004,1.1777700000000002,1.1774100000000003,1.1774500000000003,1064
2026-05-05T04:00:00+00:00,1.1774500000000003,1.1777300000000004,1.1774200000000004,1.1776700000000002,1089
2026-05-05T04:30:00+00:00,1.1776700000000002,1.1777900000000003,1.1767400000000003,1.1768300000000003,2588
2026-05-05T05:00:00+00:00,1.1768300000000003,1.1772300000000002,1.1767000000000003,1.1770200000000002,1984
2026-05-05T05:30:00+00:00,1.1770200000000002,1.1775000000000002,1.1770200000000002,1.1773800000000003,3013
2026-05-05T06:00:00+00:00,1.1773800000000003,1.1777800000000003,1.1770000000000003,1.1775300000000002,3798
2026-05-05T06:30:00+00:00,1.1775300000000002,1.1780100000000002,1.1774600000000002,1.1776400000000002,3852
2026-05-05T07:00:00+00:00,1.1776400000000002,1.1783700000000004,1.1776200000000003,1.1778200000000003,4427
2026-05-05T07:30:00+00:00,1.1778200000000003,1.1787100000000004,1.1777000000000002,1.1779600000000003,4760
2026-05-05T08:00:00+00:00,1.1779600000000003,1.1787300000000003,1.1779100000000002,1.1784800000000002,4100
2026-05-05T08:30:00+00:00,1.1784800000000002,1.1785500000000002,1.1775600000000004,1.1779300000000004,4013
2026-05-05T09:00:00+00:00,1.1779300000000004,1.1780900000000003,1.1771600000000002,1.1776900000000003,5577
2026-05-05T09:30:00+00:00,1.1776900000000003,1.1783400000000004,1.1776800000000003,1.1780700000000002,4075
2026-05-05T10:00:00+00:00,1.1780700000000002,1.1786100000000004,1.1777500000000003,1.1785000000000003,3074
2026-05-05T10:30:00+00:00,1.1785000000000003,1.1788300000000003,1.1777900000000003,1.1780100000000002,3428
2026-05-05T11:00:00+00:00,1.1780100000000002,1.1784200000000002,1.1773800000000003,1.1783300000000003,4487
2026-05-05T11:30:00+00:00,1.1783300000000003,1.1785200000000002,1.1778200000000003,1.1779600000000003,3839
2026-05-05T12:00:00+00:00,1.1779600000000003,1.1788500000000002,1.1775800000000003,1.1786800000000002,7971
2026-05-05T12:30:00+00:00,1.1786800000000002,1.1787600000000003,1.1780600000000003,1.1783000000000003,4125
2026-05-05T13:00:00+00:00,1.1783000000000003,1.1795100000000003,1.1782600000000003,1.1791400000000003,5386
2026-05-05T13:30:00+00:00,1.1791400000000003,1.1794000000000002,1.1787000000000003,1.1787800000000004,6572
2026-05-05T14:00:00+00:00,1.1787800000000004,1.1796400000000002,1.1782000000000004,1.1792500000000004,10556
2026-05-05T14:30:00+00:00,1.1792500000000004,1.1796400000000002,1.1788100000000004,1.1796300000000002,7712
2026-05-05T15:00:00+00:00,1.1796300000000002,1.1801200000000003,1.1791700000000003,1.1796500000000003,5848
2026-05-05T15:30:00+00:00,1.1796500000000003,1.1804200000000002,1.1794000000000002,1.1797100000000003,5092
2026-05-05T16:00:00+00:00,1.1797100000000003,1.1799400000000002,1.1789300000000003,1.1790900000000002,3019
2026-05-05T16:30:00+00:00,1.1790900000000002,1.1794100000000003,1.1788500000000002,1.1789900000000002,2831
2026-05-05T17:00:00+00:00,1.1789900000000002,1.1792200000000004,1.1786700000000003,1.1789900000000002,3324
2026-05-05T17:30:00+00:00,1.1789900000000002,1.1794700000000002,1.1788200000000002,1.1789300000000003,3379
2026-05-05T18:00:00+00:00,1.1789300000000003,1.1791300000000002,1.1788200000000002,1.1789900000000002,1691
2026-05-05T18:30:00+00:00,1.1789900000000002,1.1791500000000004,1.1787600000000003,1.1790400000000003,1748
2026-05-05T19:00:00+00:00,1.1790400000000003,1.1791800000000003,1.1785400000000004,1.1785900000000002,1738
2026-05-05T19:30:00+00:00,1.1785900000000002,1.1787600000000003,1.1784600000000003,1.1785800000000002,2351
2026-05-05T20:00:00+00:00,1.1785800000000002,1.1787500000000002,1.1784700000000004,1.1785100000000002,1408
2026-05-05T20:30:00+00:00,1.1785100000000002,1.1785400000000004,1.1782800000000002,1.1782900000000003,904
2026-05-05T21:00:00+00:00,1.1782900000000003,1.1783400000000004,1.1779900000000003,1.17826,282.950801025617
2026-05-05T21:30:00+00:00,1.17826,1.1782800000000002,1.17816,1.1782500000000002,258.8583190689743
2026-05-05T22:00:00+00:00,1.1782500000000002,1.17856,1.17819,1.17829,516
2026-05-05T22:30:00+00:00,1.17829,1.1799600000000001,1.1782000000000001,1.17958,3242
2026-05-05T23:00:00+00:00,1.17958,1.1816000000000002,1.1795300000000002,1.1808100000000001,4255
2026-05-05T23:30:00+00:00,1.1808100000000001,1.18117,1.1804800000000002,1.1805100000000002,2254
2026-05-06T00:00:00+00:00,1.1805100000000002,1.18083,1.1801400000000002,1.1804100000000002,5633
2026-05-06T00:30:00+00:00,1.1804100000000002,1.1811800000000001,1.1803500000000002,1.1810500000000002,3847
2026-05-06T01:00:00+00:00,1.1810500000000002,1.1815700000000002,1.1808,1.18127,3688
2026-05-06T01:30:00+00:00,1.18127,1.1816400000000002,1.18087,1.18117,3441
2026-05-06T02:00:00+00:00,1.18117,1.1815200000000001,1.1808600000000002,1.1808800000000002,2588
2026-05-06T02:30:00+00:00,1.1808800000000002,1.181,1.1806,1.18077,1658
2026-05-06T03:00:00+00:00,1.18077,1.1812500000000001,1.1807100000000001,1.18107,2204
2026-05-06T03:30:00+00:00,1.18107,1.1813500000000001,1.18066,1.1808100000000001,2047
2026-05-06T04:00:00+00:00,1.1808100000000001,1.18188,1.18067,1.1818700000000002,3420
2026-05-06T04:30:00+00:00,1.1818700000000002,1.1833200000000001,1.18168,1.18273,13741
2026-05-06T05:00:00+00:00,1.18273,1.1828500000000002,1.1820400000000002,1.1823400000000002,5214
2026-05-06T05:30:00+00:00,1.1823400000000002,1.1823800000000002,1.1821000000000002,1.1823400000000002,2526
2026-05-06T06:00:00+00:00,1.1823400000000002,1.1825500000000002,1.1820800000000002,1.1823000000000001,4327
2026-05-06T06:30:00+00:00,1.1823000000000001,1.1825900000000003,1.1818600000000001,1.1823700000000001,4363
2026-05-06T07:00:00+00:00,1.1823700000000001,1.1827100000000002,1.1817400000000002,1.18205,4993
2026-05-06T07:30:00+00:00,1.18205,1.1828600000000002,1.18148,1.18277,5721
2026-05-06T08:00:00+00:00,1.18277,1.1830200000000002,1.1823100000000002,1.1828200000000002,5896
2026-05-06T08:30:00+00:00,1.1828200000000002,1.1861100000000002,1.1827600000000003,1.1852600000000002,12202
2026-05-06T09:00:00+00:00,1.1852600000000002,1.1860100000000002,1.1846400000000001,1.1856900000000001,7556
2026-05-06T09:30:00+00:00,1.1856900000000001,1.18677,1.1855300000000002,1.1865500000000002,6328
2026-05-06T10:00:00+00:00,1.1865500000000002,1.1867800000000002,1.1856900000000001,1.1859600000000001,5658
2026-05-06T10:30:00+00:00,1.1859600000000001,1.1887,1.1859600000000001,1.1879400000000002,10802
2026-05-06T11:00:00+00:00,1.1879400000000002,1.1882000000000001,1.18724,1.18754,7352
2026-05-06T11:30:00+00:00,1.18754,1.18771,1.18585,1.18602,7974
2026-05-06T12:00:00+00:00,1.18602,1.1860400000000002,1.1842000000000001,1.1850500000000002,11136
2026-05-06T12:30:00+00:00,1.1850500000000002,1.1854300000000002,1.1843100000000002,1.1844000000000001,7189
2026-05-06T13:00:00+00:00,1.1844000000000001,1.1849500000000002,1.1836700000000002,1.18412,9869
2026-05-06T13:30:00+00:00,1.18412,1.1846700000000001,1.1837600000000001,1.1842000000000001,8683
2026-05-06T14:00:00+00:00,1.1842000000000001,1.1842500000000002,1.1835200000000001,1.18371,8430
2026-05-06T14:30:00+00:00,1.18371,1.18534,1.18368,1.1845500000000002,9614
2026-05-06T15:00:00+00:00,1.1845500000000002,1.1845800000000002,1.1839000000000002,1.1843400000000002,6240
2026-05-06T15:30:00+00:00,1.1843400000000002,1.1849,1.1842300000000001,1.1843000000000001,5214
2026-05-06T16:00:00+00:00,1.1843000000000001,1.18439,1.1839600000000001,1.1841300000000001,4017
2026-05-06T16:30:00+00:00,1.1841300000000001,1.18433,1.18321,1.1834600000000002,4421
2026-05-06T17:00:00+00:00,1.1834600000000002,1.1846,1.18331,1.1843800000000002,3287
2026-05-06T17:30:00+00:00,1.1843800000000002,1.18443,1.18351,1.18385,3406
2026-05-06T18:00:00+00:00,1.18385,1.1840000000000002,1.18351,1.1836000000000002,3130
2026-05-06T18:30:00+00:00,1.1836000000000002,1.1842000000000001,1.1836000000000002,1.1839800000000003,2720
2026-05-06T19:00:00+00:00,1.1839800000000003,1.1845800000000002,1.18392,1.1843700000000001,2637
2026-05-06T19:30:00+00:00,1.1843700000000001,1.1843700000000001,1.1837900000000001,1.1838000000000002,3005
2026-05-06T20:00:00+00:00,1.1838000000000002,1.1841000000000002,1.1836700000000002,1.1838700000000002,1624
2026-05-06T20:30:00+00:00,1.1838700000000002,1.1839400000000002,1.1835200000000001,1.1838100000000003,1207
2026-05-06T21:00:00+00:00,1.1838100000000003,1.1839899999999999,1.1831900000000002,1.1838399999999996,447.4991319111195
2026-05-06T21:30:00+00:00,1.1838399999999996,1.1841299999999997,1.1838299999999997,1.1840699999999997,604.8267369450547
2026-05-06T22:00:00+00:00,1.1840699999999997,1.1843099999999998,1.1840599999999997,1.1841799999999998,569
2026-05-06T22:30:00+00:00,1.1841799999999998,1.1843499999999998,1.1841499999999998,1.1842799999999998,629
2026-05-06T23:00:00+00:00,1.1842799999999998,1.1844099999999997,1.1840599999999997,1.1841499999999998,711.1013037614266
2026-05-06T23:30:00+00:00,1.1841499999999998,1.1841599999999997,1.1838399999999998,1.1839999999999997,890
2026-05-07T00:00:00+00:00,1.1839999999999997,1.1846199999999998,1.1838799999999996,1.1840599999999997,5516
2026-05-07T00:30:00+00:00,1.1840599999999997,1.1842799999999998,1.1838899999999997,1.1840599999999997,3418
2026-05-07T01:00:00+00:00,1.1840599999999997,1.1849799999999997,1.1838599999999997,1.1848999999999996,4271
2026-05-07T01:30:00+00:00,1.1848999999999996,1.1855499999999997,1.1847699999999997,1.1851099999999997,3118
2026-05-07T02:00:00+00:00,1.1851099999999997,1.1852999999999998,1.1846799999999997,1.1848499999999997,2359
2026-05-07T02:30:00+00:00,1.1848499999999997,1.1849999999999996,1.1846699999999997,1.1848499999999997,2136
2026-05-07T03:00:00+00:00,1.1848499999999997,1.1848699999999996,1.1844599999999996,1.1844699999999997,1907
2026-05-07T03:30:00+00:00,1.1844699999999997,1.1845099999999997,1.1840799999999998,1.1840899999999996,1957
2026-05-07T04:00:00+00:00,1.1840899999999996,1.1844899999999996,1.1839799999999998,1.1844399999999997,1690
2026-05-07T04:30:00+00:00,1.1844399999999997,1.1845499999999998,1.1842599999999996,1.1842799999999998,1663
2026-05-07T05:00:00+00:00,1.1842799999999998,1.1845299999999996,1.1842099999999998,1.1843499999999998,2128
2026-05-07T05:30:00+00:00,1.1843499999999998,1.1845699999999997,1.1842999999999997,1.1843799999999998,2156
2026-05-07T06:00:00+00:00,1.1843799999999998,1.1844199999999998,1.1839799999999998,1.1839899999999997,3209
2026-05-07T06:30:00+00:00,1.1839899999999997,1.1848899999999998,1.1837099999999998,1.1840099999999998,6859
2026-05-07T07:00:00+00:00,1.1840099999999998,1.1860599999999997,1.1839999999999997,1.1856499999999996,9215
2026-05-07T07:30:00+00:00,1.1856499999999996,1.1859899999999997,1.1853599999999997,1.1858899999999997,5659
2026-05-07T08:00:00+00:00,1.1858899999999997,1.1863599999999996,1.1854999999999998,1.1861999999999997,6313
2026-05-07T08:30:00+00:00,1.1861999999999997,1.1866199999999998,1.1860199999999996,1.1863799999999998,4031
2026-05-07T09:00:00+00:00,1.1863799999999998,1.1863999999999997,1.1857699999999998,1.1860599999999997,4666
2026-05-07T09:30:00+00:00,1.1860599999999997,1.1870299999999998,1.1859999999999997,1.1862299999999997,4350
2026-05-07T10:00:00+00:00,1.1862299999999997,1.1868299999999996,1.1859999999999997,1.1866799999999997,3739
2026-05-07T10:30:00+00:00,1.1866799999999997,1.1867799999999997,1.1857099999999996,1.1859099999999998,4580
2026-05-07T11:00:00+00:00,1.1859099999999998,1.1860699999999997,1.1854399999999996,1.1856299999999997,4556
2026-05-07T11:30:00+00:00,1.1856299999999997,1.1862399999999997,1.1854999999999998,1.1861999999999997,3675
2026-05-07T12:00:00+00:00,1.1861999999999997,1.1865499999999998,1.1859299999999997,1.1862299999999997,4779
2026-05-07T12:30:00+00:00,1.1862299999999997,1.1869999999999996,1.1861099999999998,1.1864999999999997,4744
2026-05-07T13:00:00+00:00,1.1864999999999997,1.1869199999999998,1.1861899999999996,1.1867299999999996,6036
2026-05-07T13:30:00+00:00,1.1867299999999996,1.1867699999999997,1.1858599999999997,1.1860599999999997,7577
2026-05-07T14:00:00+00:00,1.1860599999999997,1.1865399999999997,1.1855999999999998,1.1861499999999998,6986
2026-05-07T14:30:00+00:00,1.1861499999999998,1.1869399999999997,1.1859399999999998,1.1867899999999998,7068
2026-05-07T15:00:00+00:00,1.1867899999999998,1.1869899999999998,1.1855099999999996,1.1856799999999996,7483
2026-05-07T15:30:00+00:00,1.1856799999999996,1.1863399999999997,1.1855099999999996,1.1855799999999996,6158
2026-05-07T16:00:00+00:00,1.1855799999999996,1.1858099999999998,1.1848599999999998,1.1855299999999998,6860
2026-05-07T16:30:00+00:00,1.1855299999999998,1.1856799999999996,1.1848999999999996,1.1852399999999996,5031
2026-05-07T17:00:00+00:00,1.1852399999999996,1.1852999999999998,1.1838799999999996,1.1839299999999997,7898
2026-05-07T17:30:00+00:00,1.1839299999999997,1.1842499999999998,1.1827699999999997,1.1840899999999996,9120
2026-05-07T18:00:00+00:00,1.1840899999999996,1.1843499999999998,1.1838199999999997,1.1842899999999996,4987
2026-05-07T18:30:00+00:00,1.1842899999999996,1.1844099999999997,1.1831699999999996,1.1842199999999996,8312
2026-05-07T19:00:00+00:00,1.1842199999999996,1.1846199999999998,1.1828299999999996,1.1833399999999996,8191
2026-05-07T19:30:00+00:00,1.1833399999999996,1.1840599999999997,1.1825499999999998,1.1825599999999996,5408
2026-05-07T20:00:00+00:00,1.1825599999999996,1.1836899999999997,1.1825299999999996,1.1826999999999996,4318
2026-05-07T20:30:00+00:00,1.1826999999999996,1.1827699999999997,1.1814299999999998,1.1816199999999997,4269
2026-05-07T21:00:00+00:00,1.1816199999999997,1.1819999999999997,1.1813399999999996,1.1819499999999996,416.1306629077098
2026-05-07T21:30:00+00:00,1.1819499999999996,1.1820799999999998,1.1814899999999997,1.1818099999999998,672
2026-05-07T22:00:00+00:00,1.1818099999999998,1.1823899999999996,1.1814999999999998,1.1820799999999998,2458
2026-05-07T22:30:00+00:00,1.1820799999999998,1.1821999999999997,1.1816999999999998,1.1817199999999997,1541
2026-05-07T23:00:00+00:00,1.1817199999999997,1.1819799999999998,1.1816699999999998,1.1819599999999997,719
2026-05-07T23:30:00+00:00,1.1819599999999997,1.1823499999999998,1.1818799999999996,1.1822499999999998,1106
2026-05-08T00:00:00+00:00,1.1822499999999998,1.1826799999999997,1.1818499999999996,1.1821499999999998,4613
2026-05-08T00:30:00+00:00,1.1821499999999998,1.1823399999999997,1.1818899999999997,1.1818999999999997,3089
2026-05-08T01:00:00+00:00,1.1818999999999997,1.1825699999999997,1.1818999999999997,1.1823999999999997,3307
2026-05-08T01:30:00+00:00,1.1823999999999997,1.1825199999999998,1.1821199999999996,1.1824499999999998,2255
2026-05-08T02:00:00+00:00,1.1824499999999998,1.1824699999999997,1.1820699999999997,1.1821599999999997,2329
2026-05-08T02:30:00+00:00,1.1821599999999997,1.1822399999999997,1.1816499999999996,1.1819499999999996,3286
2026-05-08T03:00:00+00:00,1.1819499999999996,1.1821999999999997,1.1818899999999997,1.1820999999999997,1658
2026-05-08T03:30:00+00:00,1.1820999999999997,1.1825799999999997,1.1820299999999997,1.1820399999999998,2075
2026-05-08T04:00:00+00:00,1.1820399999999998,1.1822799999999998,1.1818999999999997,1.1821399999999997,1996
2026-05-08T04:30:00+00:00,1.1821399999999997,1.1827899999999998,1.1820999999999997,1.1827299999999996,1704
2026-05-08T05:00:00+00:00,1.1827299999999996,1.1828699999999996,1.1824999999999997,1.1828499999999997,2041
2026-05-08T05:30:00+00:00,1.1828499999999997,1.1830799999999997,1.1826399999999997,1.1829099999999997,2470
2026-05-08T06:00:00+00:00,1.1829099999999997,1.1839699999999997,1.1829099999999997,1.1839699999999997,3940
2026-05-08T06:30:00+00:00,1.1839699999999997,1.1840399999999998,1.1835099999999996,1.1836499999999996,3652
2026-05-08T07:00:00+00:00,1.1836499999999996,1.1839999999999997,1.1834399999999996,1.1834799999999996,4832
2026-05-08T07:30:00+00:00,1.1834799999999996,1.1838599999999997,1.1833799999999997,1.1835099999999996,3363
2026-05-08T08:00:00+00:00,1.1835099999999996,1.1847399999999997,1.1833999999999998,1.1847299999999996,4770
2026-05-08T08:30:00+00:00,1.1847299999999996,1.1857799999999996,1.1847099999999997,1.1855899999999997,4578
2026-05-08T09:00:00+00:00,1.1855899999999997,1.1865599999999996,1.1855399999999998,1.1860399999999998,3683
2026-05-08T09:30:00+00:00,1.1860399999999998,1.1863699999999997,1.1858799999999996,1.1861099999999998,3572
2026-05-08T10:00:00+00:00,1.1861099999999998,1.1864599999999996,1.1860399999999998,1.1861699999999997,2906
2026-05-08T10:30:00+00:00,1.1861699999999997,1.1864299999999997,1.1853399999999996,1.1856099999999996,3308
2026-05-08T11:00:00+00:00,1.1856099999999996,1.1859999999999997,1.1853999999999998,1.1858999999999997,3489
2026-05-08T11:30:00+00:00,1.1858999999999997,1.1860999999999997,1.1855499999999997,1.1857399999999998,2789
2026-05-08T12:00:00+00:00,1.1857399999999998,1.1859199999999996,1.1851299999999998,1.1856299999999997,4260
2026-05-08T12:30:00+00:00,1.1856299999999997,1.1870799999999997,1.1847799999999997,1.1866099999999997,9709
2026-05-08T13:00:00+00:00,1.1866099999999997,1.1870899999999998,1.1858399999999998,1.1869699999999996,7355
2026-05-08T13:30:00+00:00,1.1869699999999996,1.1878999999999997,1.1868399999999997,1.1870899999999998,8029
2026-05-08T14:00:00+00:00,1.1870899999999998,1.1871699999999996,1.1859199999999996,1.1859699999999997,7314
2026-05-08T14:30:00+00:00,1.1859699999999997,1.1868599999999998,1.1859399999999998,1.1866399999999997,6489
2026-05-08T15:00:00+00:00,1.1866399999999997,1.1870499999999997,1.1858899999999997,1.1864699999999997,6264
2026-05-08T15:30:00+00:00,1.1864699999999997,1.1870599999999998,1.1860099999999998,1.1864799999999998,6184
2026-05-08T16:00:00+00:00,1.1864799999999998,1.1870499999999997,1.1863799999999998,1.1868699999999996,3330
2026-05-08T16:30:00+00:00,1.1868699999999996,1.1869499999999997,1.1862799999999998,1.1863099999999998,2488
2026-05-08T17:00:00+00:00,1.1863099999999998,1.1867499999999997,1.1862599999999996,1.1866199999999998,2375
2026-05-08T17:30:00+00:00,1.1866199999999998,1.1868399999999997,1.1863799999999998,1.1864499999999998,2572
2026-05-08T18:00:00+00:00,1.1864499999999998,1.1873799999999997,1.1862899999999996,1.1870499999999997,3634
2026-05-08T18:30:00+00:00,1.1870499999999997,1.1872299999999998,1.1867399999999997,1.1870599999999998,2473
2026-05-08T19:00:00+00:00,1.1870599999999998,1.1874199999999997,1.1869799999999997,1.1873799999999997,1746
2026-05-08T19:30:00+00:00,1.1873799999999997,1.1875199999999997,1.1868899999999998,1.1872299999999998,3094
2026-05-08T20:00:00+00:00,1.1872299999999998,1.1876999999999998,1.1870899999999998,1.1875899999999997,1571
2026-05-08T20:30:00+00:00,1.1875899999999997,1.1879999999999997,1.1874899999999997,1.1876499999999997,1730.143133306484
2026-05-10T21:00:00+00:00,1.1876499999999997,1.1885999999999997,1.1873799999999997,1.1884199999999996,350.67680311555955
2026-05-10T21:30:00+00:00,1.1884199999999996,1.1901999999999995,1.1881299999999995,1.1893599999999993,589.6518530049932
2026-05-10T22:00:00+00:00,1.1893599999999993,1.1899199999999994,1.1892699999999994,1.1898199999999994,1972
2026-05-10T22:30:00+00:00,1.1898199999999994,1.1899599999999995,1.1897299999999993,1.1898799999999994,1335
2026-05-10T23:00:00+00:00,1.1898799999999994,1.1902699999999995,1.1898599999999995,1.1901999999999995,835
2026-05-10T23:30:00+00:00,1.1901999999999995,1.1904999999999994,1.1901499999999994,1.1902199999999994,1253
2026-05-11T00:00:00+00:00,1.1902199999999994,1.1906399999999995,1.1900499999999994,1.1905499999999993,2846
2026-05-11T00:30:00+00:00,1.1905499999999993,1.1906899999999994,1.1900899999999994,1.1904899999999994,3390
2026-05-11T01:00:00+00:00,1.1904899999999994,1.1906199999999993,1.1899899999999994,1.1903899999999994,3197
2026-05-11T01:30:00+00:00,1.1903899999999994,1.1904599999999994,1.1896699999999993,1.1897799999999994,2425
2026-05-11T02:00:00+00:00,1.1897799999999994,1.1900599999999995,1.1897799999999994,1.1900199999999994,1750
2026-05-11T02:30:00+00:00,1.1900199999999994,1.1901199999999994,1.1893999999999993,1.1894299999999993,1885
2026-05-11T03:00:00+00:00,1.1894299999999993,1.1894299999999993,1.1891799999999995,1.1892299999999993,1676
2026-05-11T03:30:00+00:00,1.1892299999999993,1.1894099999999994,1.1891099999999994,1.1891599999999993,1495
2026-05-11T04:00:00+00:00,1.1891599999999993,1.1892299999999993,1.1889199999999993,1.1889199999999993,1079
2026-05-11T04:30:00+00:00,1.1889199999999993,1.1889699999999994,1.1885099999999993,1.1885499999999993,834
2026-05-11T05:00:00+00:00,1.1885499999999993,1.1889699999999994,1.1885399999999995,1.1887299999999994,1490
2026-05-11T05:30:00+00:00,1.1887299999999994,1.1888299999999994,1.1883699999999995,1.1884899999999994,1786
2026-05-11T06:00:00+00:00,1.1884899999999994,1.1894199999999995,1.1884899999999994,1.1893999999999993,2981
2026-05-11T06:30:00+00:00,1.1893999999999993,1.1902999999999995,1.1893799999999994,1.1902399999999993,3038
2026-05-11T07:00:00+00:00,1.1902399999999993,1.1909599999999994,1.1899499999999994,1.1906199999999993,3395
2026-05-11T07:30:00+00:00,1.1906199999999993,1.1907199999999993,1.1902099999999993,1.1906999999999994,2831
2026-05-11T08:00:00+00:00,1.1906999999999994,1.1917099999999994,1.1906399999999995,1.1914899999999995,3736
2026-05-11T08:30:00+00:00,1.1914899999999995,1.1916199999999995,1.1906199999999993,1.1906399999999995,2968
2026-05-11T09:00:00+00:00,1.1906399999999995,1.1909399999999994,1.1905699999999995,1.1906099999999993,2436
2026-05-11T09:30:00+00:00,1.1906099999999993,1.1908099999999995,1.1902299999999995,1.1902399999999993,2895
2026-05-11T10:00:00+00:00,1.1902399999999993,1.1903699999999995,1.1899699999999993,1.1902999999999995,2119
2026-05-11T10:30:00+00:00,1.1902999999999995,1.1908999999999994,1.1901399999999993,1.1904099999999993,3497
2026-05-11T11:00:00+00:00,1.1904099999999993,1.1909599999999994,1.1903799999999993,1.1909099999999995,3257
2026-05-11T11:30:00+00:00,1.1909099999999995,1.1909499999999993,1.1898299999999995,1.1903299999999994,3467
2026-05-11T12:00:00+00:00,1.1903299999999994,1.1909499999999993,1.1899399999999993,1.1906799999999993,4338
2026-05-11T12:30:00+00:00,1.1906799999999993,1.1909499999999993,1.1902699999999995,1.1909399999999994,4681
2026-05-11T13:00:00+00:00,1.1909399999999994,1.1920299999999995,1.1909199999999993,1.1918299999999995,4895
2026-05-11T13:30:00+00:00,1.1918299999999995,1.1922699999999995,1.1913899999999993,1.1920299999999995,5242
2026-05-11T14:00:00+00:00,1.1920299999999995,1.1922599999999994,1.1914699999999994,1.1920599999999995,4165
2026-05-11T14:30:00+00:00,1.1920599999999995,1.1922699999999995,1.1913899999999993,1.1914299999999993,7017
2026-05-11T15:00:00+00:00,1.1914299999999993,1.1920299999999995,1.1913699999999994,1.1916299999999993,4845
2026-05-11T15:30:00+00:00,1.1916299999999993,1.1917999999999993,1.1911699999999994,1.1914899999999995,4257
2026-05-11T16:00:00+00:00,1.1914899999999995,1.1915399999999994,1.1910799999999995,1.1910899999999993,2466
2026-05-11T16:30:00+00:00,1.1910899999999993,1.1913899999999993,1.1907199999999993,1.1908199999999993,3611
2026-05-11T17:00:00+00:00,1.1908199999999993,1.1912399999999994,1.1905799999999993,1.1910999999999994,3268
2026-05-11T17:30:00+00:00,1.1910999999999994,1.1913599999999993,1.1910799999999995,1.1912999999999994,1834
2026-05-11T18:00:00+00:00,1.1912999999999994,1.1915399999999994,1.1912599999999993,1.1914299999999993,1974
2026-05-11T18:30:00+00:00,1.1914299999999993,1.1914999999999993,1.1909399999999994,1.1909999999999994,1737
2026-05-11T19:00:00+00:00,1.1909999999999994,1.1911899999999993,1.1909399999999994,1.1910599999999993,2025
2026-05-11T19:30:00+00:00,1.1910599999999993,1.1912899999999993,1.1909599999999994,1.1912299999999993,2178
2026-05-11T20:00:00+00:00,1.1912299999999993,1.1916099999999994,1.1908799999999995,1.1915399999999994,1746
2026-05-11T20:30:00+00:00,1.1915399999999994,1.1918199999999994,1.1915399999999994,1.1918199999999994,1076
2026-05-11T21:00:00+00:00,1.1918199999999994,1.1918599999999995,1.1912499999999995,1.1917599999999995,229.33359974826865
2026-05-11T21:30:00+00:00,1.1917599999999995,1.1919499999999994,1.1916299999999995,1.1919499999999994,670.4170154629048
2026-05-11T22:00:00+00:00,1.1919499999999994,1.1922799999999996,1.1919499999999994,1.1921999999999995,483
2026-05-11T22:30:00+00:00,1.1921999999999995,1.1922399999999995,1.1919899999999994,1.1920099999999993,566
2026-05-11T23:00:00+00:00,1.1920099999999993,1.1920499999999994,1.1915799999999994,1.1915899999999995,549
2026-05-11T23:30:00+00:00,1.1915899999999995,1.1916699999999996,1.1912399999999994,1.1913499999999995,854
2026-05-12T00:00:00+00:00,1.1913499999999995,1.1913499999999995,1.1908399999999995,1.1909999999999994,2614
2026-05-12T00:30:00+00:00,1.1909999999999994,1.1910199999999995,1.1901299999999995,1.1902199999999994,2379
2026-05-12T01:00:00+00:00,1.1902199999999994,1.1904199999999994,1.1896399999999994,1.1896999999999995,3203
2026-05-12T01:30:00+00:00,1.1896999999999995,1.1901399999999995,1.1892699999999994,1.1896499999999994,4360
2026-05-12T02:00:00+00:00,1.1896499999999994,1.1898399999999996,1.1894899999999995,1.1895999999999995,2126
2026-05-12T02:30:00+00:00,1.1895999999999995,1.1899699999999995,1.1894399999999994,1.1897499999999994,1520
2026-05-12T03:00:00+00:00,1.1897499999999994,1.1898099999999994,1.1891599999999996,1.1891999999999994,1657
2026-05-12T03:30:00+00:00,1.1891999999999994,1.1893299999999996,1.1889699999999994,1.1891399999999994,1388
2026-05-12T04:00:00+00:00,1.1891399999999994,1.1892899999999995,1.1890599999999996,1.1890999999999994,1438
2026-05-12T04:30:00+00:00,1.1890999999999994,1.1894799999999994,1.1890899999999995,1.1892199999999995,1743
2026-05-12T05:00:00+00:00,1.1892199999999995,1.1893399999999994,1.1887399999999995,1.1889999999999994,2410
2026-05-12T05:30:00+00:00,1.1889999999999994,1.1902899999999994,1.1888599999999994,1.1897299999999995,3970
2026-05-12T06:00:00+00:00,1.1897299999999995,1.1900999999999995,1.1887099999999995,1.1890099999999995,4603
2026-05-12T06:30:00+00:00,1.1890099999999995,1.1893999999999993,1.1884699999999995,1.1885299999999994,3638
2026-05-12T07:00:00+00:00,1.1885299999999994,1.1888399999999995,1.1879199999999994,1.1884799999999995,5405
2026-05-12T07:30:00+00:00,1.1884799999999995,1.1885399999999995,1.1878399999999996,1.1882799999999996,4529
2026-05-12T08:00:00+00:00,1.1882799999999996,1.1885499999999996,1.1877499999999994,1.1881999999999995,5103
2026-05-12T08:30:00+00:00,1.1881999999999995,1.1883299999999994,1.1874399999999994,1.1879499999999994,5708
2026-05-12T09:00:00+00:00,1.1879499999999994,1.1882999999999995,1.1878799999999994,1.1880899999999994,4773
2026-05-12T09:30:00+00:00,1.1880899999999994,1.1886699999999994,1.1879299999999995,1.1882599999999994,5325
2026-05-12T10:00:00+00:00,1.1882599999999994,1.1884099999999995,1.1880299999999995,1.1883199999999994,3413
2026-05-12T10:30:00+00:00,1.1883199999999994,1.1884199999999994,1.1875499999999994,1.1875799999999994,3456
2026-05-12T11:00:00+00:00,1.1875799999999994,1.1879799999999994,1.1869799999999995,1.1876599999999995,4488
2026-05-12T11:30:00+00:00,1.1876599999999995,1.1883499999999994,1.1876599999999995,1.1878899999999994,3789
2026-05-12T12:00:00+00:00,1.1878899999999994,1.1879499999999994,1.1872599999999995,1.1875499999999994,4432
2026-05-12T12:30:00+00:00,1.1875499999999994,1.1884899999999994,1.1870599999999996,1.1882799999999996,6946
2026-05-12T13:00:00+00:00,1.1882799999999996,1.1884999999999994,1.1868599999999994,1.1874699999999994,6654
2026-05-12T13:30:00+00:00,1.1874699999999994,1.1877499999999994,1.1862099999999995,1.1864999999999994,8626
2026-05-12T14:00:00+00:00,1.1864999999999994,1.1870999999999994,1.1862999999999995,1.1868199999999995,7664
2026-05-12T14:30:00+00:00,1.1868199999999995,1.1871199999999995,1.1862999999999995,1.1870999999999994,7802
2026-05-12T15:00:00+00:00,1.1870999999999994,1.1871799999999995,1.1856799999999994,1.1859299999999995,7922
2026-05-12T15:30:00+00:00,1.1859299999999995,1.1868699999999994,1.1858999999999995,1.1867699999999994,5004
2026-05-12T16:00:00+00:00,1.1867699999999994,1.1873699999999994,1.1866599999999994,1.1871099999999994,4041
2026-05-12T16:30:00+00:00,1.1871099999999994,1.1871099999999994,1.1862799999999996,1.1863299999999994,3897
2026-05-12T17:00:00+00:00,1.1863299999999994,1.1868399999999995,1.1862399999999995,1.1865499999999995,3826
2026-05-12T17:30:00+00:00,1.1865499999999995,1.1868799999999995,1.1864999999999994,1.1868399999999995,2613
2026-05-12T18:00:00+00:00,1.1868399999999995,1.1872199999999995,1.1863999999999995,1.1870999999999994,3529
2026-05-12T18:30:00+00:00,1.1870999999999994,1.1876299999999995,1.1870999999999994,1.1875499999999994,3073
2026-05-12T19:00:00+00:00,1.1875499999999994,1.1879799999999994,1.1875099999999994,1.1877399999999994,2856
2026-05-12T19:30:00+00:00,1.1877399999999994,1.1881799999999993,1.1874799999999994,1.1875299999999995,2717
2026-05-12T20:00:00+00:00,1.1875299999999995,1.1875999999999995,1.1873599999999995,1.1873999999999993,1068
2026-05-12T20:30:00+00:00,1.1873999999999993,1.1875899999999995,1.1872799999999994,1.1873399999999994,1249
2026-05-12T21:00:00+00:00,1.1873399999999994,1.1874499999999995,1.1866499999999995,1.1870499999999995,430.2413258110014
2026-05-12T21:30:00+00:00,1.1870499999999995,1.1874999999999993,1.1870499999999995,1.1871699999999994,645.5821959173813
2026-05-12T22:00:00+00:00,1.1871699999999994,1.1875299999999995,1.1871699999999994,1.1873899999999995,567
2026-05-12T22:30:00+00:00,1.1873899999999995,1.1875199999999995,1.1873599999999995,1.1874399999999994,435
2026-05-12T23:00:00+00:00,1.1874399999999994,1.1876299999999995,1.1872099999999994,1.1873599999999995,545
2026-05-12T23:30:00+00:00,1.1873599999999995,1.1874099999999994,1.1869599999999993,1.1869999999999994,761
2026-05-13T00:00:00+00:00,1.1869999999999994,1.1873199999999995,1.1867999999999994,1.1870399999999994,2998
2026-05-13T00:30:00+00:00,1.1870399999999994,1.1873799999999994,1.1867999999999994,1.1873199999999995,2444
2026-05-13T01:00:00+00:00,1.1873199999999995,1.1873999999999993,1.1867099999999995,1.1872299999999996,2972
2026-05-13T01:30:00+00:00,1.1872299999999996,1.1876799999999994,1.1871599999999995,1.1873799999999994,2118
2026-05-13T02:00:00+00:00,1.1873799999999994,1.1876699999999996,1.1871999999999994,1.1873099999999994,1571
2026-05-13T02:30:00+00:00,1.1873099999999994,1.1873899999999995,1.1871299999999994,1.1872099999999994,1321
2026-05-13T03:00:00+00:00,1.1872099999999994,1.1872599999999995,1.1867599999999994,1.1870599999999996,1961
2026-05-13T03:30:00+00:00,1.1870599999999996,1.1872799999999994,1.1869299999999994,1.1869499999999995,1391
2026-05-13T04:00:00+00:00,1.1869499999999995,1.1870199999999995,1.1868599999999994,1.1868799999999995,834
2026-05-13T04:30:00+00:00,1.1868799999999995,1.1869799999999995,1.1867299999999994,1.1869699999999994,985
2026-05-13T05:00:00+00:00,1.1869699999999994,1.1871999999999994,1.1869199999999995,1.1871399999999994,1324
2026-05-13T05:30:00+00:00,1.1871399999999994,1.1871899999999995,1.1867499999999995,1.1869099999999995,1438
2026-05-13T06:00:00+00:00,1.1869099999999995,1.1869399999999994,1.1859799999999994,1.1861699999999995,3053
2026-05-13T06:30:00+00:00,1.1861699999999995,1.1861699999999995,1.1852999999999994,1.1854999999999996,3174
2026-05-13T07:00:00+00:00,1.1854999999999996,1.1858299999999995,1.1852199999999995,1.1852299999999996,3659
2026-05-13T07:30:00+00:00,1.1852299999999996,1.1852599999999995,1.1841999999999995,1.1842099999999995,3670
2026-05-13T08:00:00+00:00,1.1842099999999995,1.1846699999999994,1.1840199999999994,1.1845799999999995,3622
2026-05-13T08:30:00+00:00,1.1845799999999995,1.1846499999999995,1.1835299999999995,1.1837799999999994,3418
2026-05-13T09:00:00+00:00,1.1837799999999994,1.1839299999999995,1.1830799999999995,1.1830899999999995,3538
2026-05-13T09:30:00+00:00,1.1830899999999995,1.1841799999999996,1.1830299999999994,1.1841199999999994,3415
2026-05-13T10:00:00+00:00,1.1841199999999994,1.1842099999999995,1.1836899999999995,1.1840299999999995,4750
2026-05-13T10:30:00+00:00,1.1840299999999995,1.1849599999999993,1.1839699999999995,1.1847799999999995,3658
2026-05-13T11:00:00+00:00,1.1847799999999995,1.1850299999999994,1.1846399999999995,1.1848499999999995,2690
2026-05-13T11:30:00+00:00,1.1848499999999995,1.1852299999999996,1.1846499999999995,1.1847199999999996,2906
2026-05-13T12:00:00+00:00,1.1847199999999996,1.1851199999999995,1.1838299999999995,1.1838299999999995,3656
2026-05-13T12:30:00+00:00,1.1838299999999995,1.1845699999999995,1.1831999999999994,1.1836799999999994,6766
2026-05-13T13:00:00+00:00,1.1836799999999994,1.1840699999999995,1.1835999999999995,1.1838599999999995,6627
2026-05-13T13:30:00+00:00,1.1838599999999995,1.1847399999999995,1.1837999999999995,1.1845299999999994,7405
2026-05-13T14:00:00+00:00,1.1845299999999994,1.1847599999999994,1.1840599999999994,1.1845299999999994,6197
2026-05-13T14:30:00+00:00,1.1845299999999994,1.1846699999999994,1.1837999999999995,1.1842799999999996,5425
2026-05-13T15:00:00+00:00,1.1842799999999996,1.1848399999999994,1.1842299999999994,1.1846099999999995,4768
2026-05-13T15:30:00+00:00,1.1846099999999995,1.1851299999999994,1.1844099999999995,1.1846099999999995,4918
2026-05-13T16:00:00+00:00,1.1846099999999995,1.1852599999999995,1.1844599999999994,1.1851699999999994,4241
2026-05-13T16:30:00+00:00,1.1851699999999994,1.1852899999999995,1.1843099999999995,1.1843699999999995,3103
2026-05-13T17:00:00+00:00,1.1843699999999995,1.1845899999999994,1.1843099999999995,1.1844999999999994,2662
2026-05-13T17:30:00+00:00,1.1844999999999994,1.1845199999999994,1.1839099999999994,1.1839299999999995,2029
2026-05-13T18:00:00+00:00,1.1839299999999995,1.1842799999999996,1.1839099999999994,1.1841699999999995,2734.9823677581862
2026-05-13T18:30:00+00:00,1.1841699999999995,1.1845799999999995,1.1839199999999994,1.1842899999999996,3282.9913067101334
2026-05-13T19:00:00+00:00,1.1842899999999996,1.1846399999999995,1.1842599999999994,1.1846299999999996,2200
2026-05-13T19:30:00+00:00,1.1846299999999996,1.1848299999999996,1.1843999999999995,1.1844799999999995,2062
2026-05-13T20:00:00+00:00,1.1844799999999995,1.1848399999999994,1.1844099999999995,1.1847399999999995,1411
2026-05-13T20:30:00+00:00,1.1847399999999995,1.1849399999999994,1.1844499999999996,1.1844499999999996,905
2026-05-13T21:00:00+00:00,1.1844499999999996,1.1850099999999995,1.1841999999999995,1.1847599999999996,393.52930644604504
2026-05-13T21:30:00+00:00,1.1847599999999996,1.1850899999999995,1.1847599999999996,1.1849199999999995,449.6303343007632
2026-05-13T22:00:00+00:00,1.1849199999999995,1.1853199999999997,1.1848599999999996,1.1852599999999995,759.6653787774251
2026-05-13T22:30:00+00:00,1.1852599999999995,1.1853499999999997,1.1851599999999995,1.1852699999999998,513.0856829000365
2026-05-13T23:00:00+00:00,1.1852699999999998,1.1853399999999998,1.1851799999999997,1.1851999999999998,663
2026-05-13T23:30:00+00:00,1.1851999999999998,1.1852099999999997,1.1850499999999997,1.1850999999999998,769
2026-05-14T00:00:00+00:00,1.1850999999999998,1.1853599999999997,1.1849299999999998,1.1851599999999998,2425
2026-05-14T00:30:00+00:00,1.1851599999999998,1.1852899999999997,1.1850499999999997,1.1852299999999998,1910
2026-05-14T01:00:00+00:00,1.1852299999999998,1.1852599999999998,1.1849499999999997,1.1851199999999997,2635
2026-05-14T01:30:00+00:00,1.1851199999999997,1.1852799999999997,1.1847799999999997,1.1848999999999998,2278
2026-05-14T02:00:00+00:00,1.1848999999999998,1.1850499999999997,1.1846799999999997,1.1849199999999998,2111
2026-05-14T02:30:00+00:00,1.1849199999999998,1.1849599999999998,1.1847399999999997,1.1847499999999997,1876
2026-05-14T03:00:00+00:00,1.1847499999999997,1.1849799999999997,1.1844799999999998,1.1849599999999998,1685
2026-05-14T03:30:00+00:00,1.1849599999999998,1.1850299999999998,1.1847399999999997,1.1847499999999997,1535
2026-05-14T04:00:00+00:00,1.1847499999999997,1.1851799999999997,1.1846799999999997,1.1850399999999996,2052
2026-05-14T04:30:00+00:00,1.1850399999999996,1.1852499999999997,1.1849399999999997,1.1849599999999998,1250
2026-05-14T05:00:00+00:00,1.1849599999999998,1.1850499999999997,1.1847299999999998,1.1848499999999997,2158
2026-05-14T05:30:00+00:00,1.1848499999999997,1.1851399999999996,1.1845299999999996,1.1845399999999997,2237
2026-05-14T06:00:00+00:00,1.1845399999999997,1.1849899999999998,1.1841899999999999,1.1848499999999997,2863
2026-05-14T06:30:00+00:00,1.1848499999999997,1.1856599999999997,1.1846899999999998,1.1853499999999997,3712
2026-05-14T07:00:00+00:00,1.1853499999999997,1.1853699999999998,1.1844199999999998,1.1846499999999998,4260
2026-05-14T07:30:00+00:00,1.1846499999999998,1.1851399999999996,1.1841099999999998,1.1842599999999996,3767
2026-05-14T08:00:00+00:00,1.1842599999999996,1.1847899999999998,1.1839899999999997,1.1847199999999998,4017
2026-05-14T08:30:00+00:00,1.1847199999999998,1.1848999999999998,1.1843999999999997,1.1846199999999998,3145
2026-05-14T09:00:00+00:00,1.1846199999999998,1.1848399999999997,1.1844299999999996,1.1845099999999997,2658
2026-05-14T09:30:00+00:00,1.1845099999999997,1.1846799999999997,1.1840899999999996,1.1842499999999998,3131
2026-05-14T10:00:00+00:00,1.1842499999999998,1.1847899999999998,1.1841499999999998,1.1844999999999997,3545
2026-05-14T10:30:00+00:00,1.1844999999999997,1.1846099999999997,1.1839799999999998,1.1843899999999998,2936
2026-05-14T11:00:00+00:00,1.1843899999999998,1.1843999999999997,1.1839399999999998,1.1839799999999998,3239
2026-05-14T11:30:00+00:00,1.1839799999999998,1.1840699999999997,1.1834599999999997,1.1834699999999998,2986
2026-05-14T12:00:00+00:00,1.1834699999999998,1.1840599999999997,1.1834499999999997,1.1838999999999997,4223
2026-05-14T12:30:00+00:00,1.1838999999999997,1.1840099999999998,1.1831399999999996,1.1832199999999997,3663
2026-05-14T13:00:00+00:00,1.1832199999999997,1.1833899999999997,1.1827299999999998,1.1829999999999998,4118
2026-05-14T13:30:00+00:00,1.1829999999999998,1.1834799999999996,1.1820699999999997,1.1824899999999998,10428
2026-05-14T14:00:00+00:00,1.1824899999999998,1.1835299999999997,1.1821299999999997,1.1831499999999997,6180
2026-05-14T14:30:00+00:00,1.1831499999999997,1.1831699999999998,1.1813699999999998,1.1813799999999997,7873
2026-05-14T15:00:00+00:00,1.1813799999999997,1.1815999999999998,1.1806599999999998,1.1810499999999997,6470
2026-05-14T15:30:00+00:00,1.1810499999999997,1.1813799999999997,1.1809599999999998,1.1812499999999997,3810
2026-05-14T16:00:00+00:00,1.1812499999999997,1.1816699999999998,1.1807499999999997,1.1809499999999997,4964
2026-05-14T16:30:00+00:00,1.1809499999999997,1.1811699999999998,1.1805999999999996,1.1811599999999998,4252
2026-05-14T17:00:00+00:00,1.1811599999999998,1.1815199999999997,1.1811099999999997,1.1813099999999996,3946
2026-05-14T17:30:00+00:00,1.1813099999999996,1.1815899999999997,1.1811999999999998,1.1813099999999996,2899
2026-05-14T18:00:00+00:00,1.1813099999999996,1.1813699999999998,1.1810099999999997,1.1811899999999997,3392
2026-05-14T18:30:00+00:00,1.1811899999999997,1.1812499999999997,1.1808999999999998,1.1812499999999997,2043
2026-05-14T19:00:00+00:00,1.1812499999999997,1.1814199999999997,1.1808899999999998,1.1808999999999998,1983
2026-05-14T19:30:00+00:00,1.1808999999999998,1.1809999999999998,1.1803699999999997,1.1805999999999996,2900
2026-05-14T20:00:00+00:00,1.1805999999999996,1.1807199999999998,1.1800899999999996,1.1801999999999997,1561
2026-05-14T20:30:00+00:00,1.1801999999999997,1.1804799999999998,1.1801199999999998,1.1804099999999997,1316
2026-05-14T21:00:00+00:00,1.1804099999999997,1.1807599999999996,1.1800699999999997,1.1807599999999996,319.1526677471368
2026-05-14T21:30:00+00:00,1.1807599999999996,1.1808699999999996,1.1803999999999997,1.1804899999999996,545
2026-05-14T22:00:00+00:00,1.1804899999999996,1.1807099999999997,1.1804799999999998,1.1805899999999996,717
2026-05-14T22:30:00+00:00,1.1805899999999996,1.1806999999999996,1.1805299999999996,1.1805499999999998,951
2026-05-14T23:00:00+00:00,1.1805499999999998,1.1805699999999997,1.1798199999999996,1.1800199999999996,1310
2026-05-14T23:30:00+00:00,1.1800199999999996,1.1801099999999998,1.1797399999999996,1.1797999999999997,1287
2026-05-15T00:00:00+00:00,1.1797999999999997,1.1799599999999997,1.1793299999999998,1.1794899999999997,3740
2026-05-15T00:30:00+00:00,1.1794899999999997,1.1795299999999997,1.1788299999999996,1.1791399999999996,3215
2026-05-15T01:00:00+00:00,1.1791399999999996,1.1792499999999997,1.1785099999999997,1.1785299999999996,3801
2026-05-15T01:30:00+00:00,1.1785299999999996,1.1788199999999998,1.1782099999999998,1.1782999999999997,4151
2026-05-15T02:00:00+00:00,1.1782999999999997,1.1789599999999996,1.1781699999999997,1.1787099999999997,2536
2026-05-15T02:30:00+00:00,1.1787099999999997,1.1793499999999997,1.1786299999999996,1.1789599999999996,2549
2026-05-15T03:00:00+00:00,1.1789599999999996,1.1790999999999996,1.1786799999999997,1.1788599999999996,1933
2026-05-15T03:30:00+00:00,1.1788599999999996,1.1789699999999996,1.1786099999999997,1.1788099999999997,1721
2026-05-15T04:00:00+00:00,1.1788099999999997,1.1788699999999996,1.1786599999999996,1.1787599999999996,1217
2026-05-15T04:30:00+00:00,1.1787599999999996,1.1787899999999996,1.1782499999999996,1.1783399999999997,2102
2026-05-15T05:00:00+00:00,1.1783399999999997,1.1784099999999997,1.1778799999999996,1.1783399999999997,3667
2026-05-15T05:30:00+00:00,1.1783399999999997,1.1783699999999997,1.1768599999999996,1.1768699999999996,4790
2026-05-15T06:00:00+00:00,1.1768699999999996,1.1779499999999996,1.1768499999999997,1.1774199999999997,6294
2026-05-15T06:30:00+00:00,1.1774199999999997,1.1779299999999997,1.1768899999999998,1.1770999999999996,4817
2026-05-15T07:00:00+00:00,1.1770999999999996,1.1785099999999997,1.1767899999999996,1.1778699999999998,6322
2026-05-15T07:30:00+00:00,1.1778699999999998,1.1779199999999996,1.1771899999999997,1.1772599999999998,4039
2026-05-15T08:00:00+00:00,1.1772599999999998,1.1774299999999998,1.1767199999999998,1.1768699999999996,4947
2026-05-15T08:30:00+00:00,1.1768699999999996,1.1772499999999997,1.1766499999999998,1.1769099999999997,4880
2026-05-15T09:00:00+00:00,1.1769099999999997,1.1769599999999996,1.1753299999999998,1.1761199999999996,6305
2026-05-15T09:30:00+00:00,1.1761199999999996,1.1764899999999996,1.1757999999999997,1.1763999999999997,5724
2026-05-15T10:00:00+00:00,1.1763999999999997,1.1776699999999998,1.1763299999999997,1.1773499999999997,4726
2026-05-15T10:30:00+00:00,1.1773499999999997,1.1791499999999997,1.1772399999999996,1.1785299999999996,8845
2026-05-15T11:00:00+00:00,1.1785299999999996,1.1786199999999996,1.1775399999999996,1.1775999999999998,5104
2026-05-15T11:30:00+00:00,1.1775999999999998,1.1776499999999996,1.1765199999999996,1.1767699999999996,4640
2026-05-15T12:00:00+00:00,1.1767699999999996,1.1768199999999998,1.1762199999999996,1.1765499999999998,5287
2026-05-15T12:30:00+00:00,1.1765499999999998,1.1765599999999996,1.1754899999999997,1.1762299999999997,5364
2026-05-15T13:00:00+00:00,1.1762299999999997,1.1768299999999996,1.1758999999999997,1.1765199999999996,5935
2026-05-15T13:30:00+00:00,1.1765199999999996,1.1766199999999998,1.1754999999999998,1.1759599999999997,9397
2026-05-15T14:00:00+00:00,1.1759599999999997,1.1773899999999997,1.1757399999999996,1.1768399999999997,9346
2026-05-15T14:30:00+00:00,1.1768399999999997,1.1769999999999996,1.1759599999999997,1.1765499999999998,7912
2026-05-15T15:00:00+00:00,1.1765499999999998,1.1767099999999997,1.1756699999999998,1.1759299999999997,7162
2026-05-15T15:30:00+00:00,1.1759299999999997,1.1762399999999997,1.1756899999999997,1.1762399999999997,5439
2026-05-15T16:00:00+00:00,1.1762399999999997,1.1763799999999998,1.1759099999999996,1.1763699999999997,3925
2026-05-15T16:30:00+00:00,1.1763699999999997,1.1767499999999997,1.1762899999999996,1.1765999999999996,3512
2026-05-15T17:00:00+00:00,1.1765999999999996,1.1771699999999996,1.1764799999999997,1.1768599999999996,3271
2026-05-15T17:30:00+00:00,1.1768599999999996,1.1769499999999997,1.1762699999999997,1.1762999999999997,3260
2026-05-15T18:00:00+00:00,1.1762999999999997,1.1763399999999997,1.1756999999999997,1.1757599999999997,3751
2026-05-15T18:30:00+00:00,1.1757599999999997,1.1759899999999996,1.1752899999999997,1.1757999999999997,3331
2026-05-15T19:00:00+00:00,1.1757999999999997,1.1758699999999997,1.1755599999999997,1.1757399999999996,1937
2026-05-15T19:30:00+00:00,1.1757399999999996,1.1759199999999996,1.1755299999999997,1.1757399999999996,2826
2026-05-15T20:00:00+00:00,1.1757399999999996,1.1758599999999997,1.1755299999999997,1.1756899999999997,1661
2026-05-15T20:30:00+00:00,1.1756899999999997,1.1761799999999996,1.1756899999999997,1.1760999999999997,1541.9418752651677
2026-05-17T21:00:00+00:00,1.1760999999999997,1.1762499999999996,1.1757899999999997,1.1759299999999995,195.71853555633825
2026-05-17T21:30:00+00:00,1.1759299999999995,1.1763999999999994,1.1759299999999995,1.1763199999999994,224.8505475318033
2026-05-17T22:00:00+00:00,1.1763199999999994,1.1767399999999995,1.1762599999999994,1.1763899999999994,1062
2026-05-17T22:30:00+00:00,1.1763899999999994,1.1766999999999994,1.1763399999999995,1.1765999999999994,686
2026-05-17T23:00:00+00:00,1.1765999999999994,1.1766599999999994,1.1762299999999994,1.1762799999999993,1224
2026-05-17T23:30:00+00:00,1.1762799999999993,1.1762899999999994,1.1754899999999995,1.1756799999999994,2721
2026-05-18T00:00:00+00:00,1.1756799999999994,1.1764199999999994,1.1756399999999994,1.1758199999999994,6087
2026-05-18T00:30:00+00:00,1.1758199999999994,1.1759099999999993,1.1751499999999995,1.1754799999999994,3728
2026-05-18T01:00:00+00:00,1.1754799999999994,1.1757099999999994,1.1751599999999995,1.1756099999999994,4698
2026-05-18T01:30:00+00:00,1.1756099999999994,1.1761999999999995,1.1755599999999995,1.1760699999999995,3935
2026-05-18T02:00:00+00:00,1.1760699999999995,1.1761499999999994,1.1756199999999994,1.1760899999999994,2824
2026-05-18T02:30:00+00:00,1.1760899999999994,1.1762699999999995,1.1756999999999995,1.1758699999999995,2351
2026-05-18T03:00:00+00:00,1.1758699999999995,1.1763699999999995,1.1758499999999994,1.1763299999999994,2110
2026-05-18T03:30:00+00:00,1.1763299999999994,1.1765799999999995,1.1761399999999995,1.1765099999999995,2221
2026-05-18T04:00:00+00:00,1.1765099999999995,1.1769299999999994,1.1763999999999994,1.1764699999999995,1930
2026-05-18T04:30:00+00:00,1.1764699999999995,1.1766499999999995,1.1762199999999994,1.1763899999999994,1973
2026-05-18T05:00:00+00:00,1.1763899999999994,1.1765199999999993,1.1760099999999993,1.1763299999999994,3168
2026-05-18T05:30:00+00:00,1.1763299999999994,1.1766399999999995,1.1761699999999995,1.1766299999999994,2698
2026-05-18T06:00:00+00:00,1.1766299999999994,1.1776699999999996,1.1765099999999995,1.1773699999999994,4363
2026-05-18T06:30:00+00:00,1.1773699999999994,1.1779699999999995,1.1773199999999995,1.1778899999999994,4081
2026-05-18T07:00:00+00:00,1.1778899999999994,1.1782499999999994,1.1774799999999994,1.1780199999999994,4742
2026-05-18T07:30:00+00:00,1.1780199999999994,1.1783199999999994,1.1774699999999994,1.1775199999999995,4751
2026-05-18T08:00:00+00:00,1.1775199999999995,1.1780899999999994,1.1772199999999995,1.1780899999999994,3972
2026-05-18T08:30:00+00:00,1.1780899999999994,1.1788299999999994,1.1780199999999994,1.1784599999999994,4248
2026-05-18T09:00:00+00:00,1.1784599999999994,1.1785899999999994,1.1780599999999994,1.1782699999999995,3477
2026-05-18T09:30:00+00:00,1.1782699999999995,1.1784299999999994,1.1778299999999995,1.1778299999999995,2901
2026-05-18T10:00:00+00:00,1.1778299999999995,1.1779999999999995,1.1775299999999995,1.1779299999999995,2948
2026-05-18T10:30:00+00:00,1.1779299999999995,1.1779599999999995,1.1769599999999993,1.1770199999999995,2857
2026-05-18T11:00:00+00:00,1.1770199999999995,1.1776699999999996,1.1769799999999995,1.1773899999999995,3526
2026-05-18T11:30:00+00:00,1.1773899999999995,1.1792899999999995,1.1773499999999995,1.1784899999999994,9234
2026-05-18T12:00:00+00:00,1.1784899999999994,1.1792399999999994,1.1784099999999995,1.1789599999999993,5309
2026-05-18T12:30:00+00:00,1.1789599999999993,1.1800399999999995,1.1788899999999995,1.1794499999999994,8285
2026-05-18T13:00:00+00:00,1.1794499999999994,1.1796999999999995,1.1788399999999994,1.1792999999999993,6437
2026-05-18T13:30:00+00:00,1.1792999999999993,1.1799199999999994,1.1787099999999995,1.1794299999999995,8999
2026-05-18T14:00:00+00:00,1.1794299999999995,1.1796399999999994,1.1785099999999995,1.1788599999999994,8659
2026-05-18T14:30:00+00:00,1.1788599999999994,1.1790599999999996,1.1784499999999996,1.1785099999999995,7219
2026-05-18T15:00:00+00:00,1.1785099999999995,1.1785799999999995,1.1776499999999994,1.1783799999999995,9433
2026-05-18T15:30:00+00:00,1.1783799999999995,1.1796199999999994,1.1781999999999995,1.1791599999999995,6308
2026-05-18T16:00:00+00:00,1.1791599999999995,1.1799399999999995,1.1787199999999995,1.1792899999999995,6744
2026-05-18T16:30:00+00:00,1.1792899999999995,1.1797599999999995,1.1791299999999993,1.1794699999999994,4405
2026-05-18T17:00:00+00:00,1.1794699999999994,1.1796699999999996,1.1792599999999995,1.1794599999999995,3879
2026-05-18T17:30:00+00:00,1.1794599999999995,1.1796499999999994,1.1791199999999995,1.1791199999999995,2780
2026-05-18T18:00:00+00:00,1.1791199999999995,1.1792099999999994,1.1779899999999994,1.1781999999999995,4586
2026-05-18T18:30:00+00:00,1.1781999999999995,1.1782999999999995,1.1771899999999995,1.1772399999999994,4533
2026-05-18T19:00:00+00:00,1.1772399999999994,1.1799199999999994,1.1772399999999994,1.1790699999999994,10491
2026-05-18T19:30:00+00:00,1.1790699999999994,1.1798699999999995,1.1790499999999995,1.1794199999999995,4749
2026-05-18T20:00:00+00:00,1.1794199999999995,1.1803999999999994,1.1794199999999995,1.1802399999999995,1937
2026-05-18T20:30:00+00:00,1.1802399999999995,1.1802499999999994,1.1797699999999995,1.1798799999999994,1623
2026-05-18T21:00:00+00:00,1.1798799999999994,1.1798799999999994,1.1792599999999995,1.1794499999999997,338.017960324937
2026-05-18T21:30:00+00:00,1.1794499999999997,1.1803299999999997,1.1793999999999996,1.1802299999999997,866.3692668228992
2026-05-18T22:00:00+00:00,1.1802299999999997,1.1804899999999996,1.1801099999999998,1.1802299999999997,780
2026-05-18T22:30:00+00:00,1.1802299999999997,1.1803499999999996,1.1800899999999996,1.1801099999999998,576
2026-05-18T23:00:00+00:00,1.1801099999999998,1.1801599999999997,1.1799299999999997,1.1801099999999998,892
2026-05-18T23:30:00+00:00,1.1801099999999998,1.1801399999999997,1.1797899999999997,1.1797999999999997,1138
2026-05-19T00:00:00+00:00,1.1797999999999997,1.1799199999999996,1.1792099999999996,1.1793799999999997,4956
2026-05-19T00:30:00+00:00,1.1793799999999997,1.1793999999999996,1.1786899999999996,1.1787699999999997,3035
2026-05-19T01:00:00+00:00,1.1787699999999997,1.1790299999999996,1.1786199999999996,1.1789399999999997,3581
2026-05-19T01:30:00+00:00,1.1789399999999997,1.1795899999999997,1.1787399999999997,1.1789499999999997,3626
2026-05-19T02:00:00+00:00,1.1789499999999997,1.1790199999999997,1.1783999999999997,1.1788299999999998,3438
2026-05-19T02:30:00+00:00,1.1788299999999998,1.1789899999999998,1.1784899999999998,1.1786499999999998,2693
2026-05-19T03:00:00+00:00,1.1786499999999998,1.1788899999999998,1.1783899999999998,1.1787899999999996,2377
2026-05-19T03:30:00+00:00,1.1787899999999996,1.1788399999999997,1.1784099999999997,1.1784199999999996,2017
2026-05-19T04:00:00+00:00,1.1784199999999996,1.1786299999999996,1.1783599999999996,1.1784199999999996,2012
2026-05-19T04:30:00+00:00,1.1784199999999996,1.1785399999999997,1.1778499999999996,1.1779699999999997,1873
2026-05-19T05:00:00+00:00,1.1779699999999997,1.1782699999999997,1.1776699999999998,1.1778699999999998,2374
2026-05-19T05:30:00+00:00,1.1778699999999998,1.1786099999999997,1.1777499999999996,1.1784999999999999,2732
2026-05-19T06:00:00+00:00,1.1784999999999999,1.1788899999999998,1.1781,1.1785999999999999,4036
2026-05-19T06:30:00+00:00,1.1785999999999999,1.1786199999999998,1.1778899999999999,1.1779699999999997,3740
2026-05-19T07:00:00+00:00,1.1779699999999997,1.1779699999999997,1.1773199999999997,1.1774799999999996,4429
2026-05-19T07:30:00+00:00,1.1774799999999996,1.1780799999999998,1.1773699999999996,1.1778099999999998,4033
2026-05-19T08:00:00+00:00,1.1778099999999998,1.1779199999999996,1.1769299999999998,1.1773399999999998,5150
2026-05-19T08:30:00+00:00,1.1773399999999998,1.1777099999999998,1.1765599999999996,1.1766699999999997,4105
2026-05-19T09:00:00+00:00,1.1766699999999997,1.1766799999999995,1.1758399999999996,1.1761199999999996,4329
2026-05-19T09:30:00+00:00,1.1761199999999996,1.1763999999999997,1.1758299999999995,1.1762899999999996,4345
2026-05-19T10:00:00+00:00,1.1762899999999996,1.1770099999999997,1.1761999999999997,1.1768299999999996,3320
2026-05-19T10:30:00+00:00,1.1768299999999996,1.1768799999999997,1.1754499999999997,1.1765499999999995,6806
2026-05-19T11:00:00+00:00,1.1765499999999995,1.1765799999999997,1.1760399999999995,1.1762399999999997,4307
2026-05-19T11:30:00+00:00,1.1762399999999997,1.1765899999999996,1.1759799999999996,1.1759899999999996,4021
2026-05-19T12:00:00+00:00,1.1759899999999996,1.1767299999999996,1.1758599999999997,1.1766099999999997,5090
2026-05-19T12:30:00+00:00,1.1766099999999997,1.1766999999999996,1.1759399999999995,1.1759999999999997,6503
2026-05-19T13:00:00+00:00,1.1759999999999997,1.1761399999999997,1.1747799999999997,1.1749099999999997,7770
2026-05-19T13:30:00+00:00,1.1749099999999997,1.1759099999999996,1.1745099999999997,1.1757099999999996,10240
2026-05-19T14:00:00+00:00,1.1757099999999996,1.1760299999999997,1.1738299999999997,1.1744199999999996,10178
2026-05-19T14:30:00+00:00,1.1744199999999996,1.1744799999999997,1.1738399999999996,1.1738999999999997,8897
2026-05-19T15:00:00+00:00,1.1738999999999997,1.1741699999999997,1.1735599999999997,1.1739399999999995,6748
2026-05-19T15:30:00+00:00,1.1739399999999995,1.1746399999999997,1.1738099999999996,1.1745399999999997,4959
2026-05-19T16:00:00+00:00,1.1745399999999997,1.1749399999999997,1.1739199999999996,1.1748699999999996,4954
2026-05-19T16:30:00+00:00,1.1748699999999996,1.1752799999999997,1.1747299999999996,1.1750399999999996,4283
2026-05-19T17:00:00+00:00,1.1750399999999996,1.1755699999999996,1.1750199999999997,1.1752799999999997,2930
2026-05-19T17:30:00+00:00,1.1752799999999997,1.1755099999999996,1.1750799999999997,1.1754099999999996,3235
2026-05-19T18:00:00+00:00,1.1754099999999996,1.1758199999999996,1.1751699999999996,1.1751899999999997,3130
2026-05-19T18:30:00+00:00,1.1751899999999997,1.1753199999999997,1.1746099999999997,1.1746799999999997,4019
2026-05-19T19:00:00+00:00,1.1746799999999997,1.1750099999999997,1.1745999999999996,1.1748099999999997,2932
2026-05-19T19:30:00+00:00,1.1748099999999997,1.1751499999999997,1.1747299999999996,1.1749699999999996,3037
2026-05-19T20:00:00+00:00,1.1749699999999996,1.1749999999999996,1.1746899999999996,1.1748299999999996,1158
2026-05-19T20:30:00+00:00,1.1748299999999996,1.1750299999999996,1.1747799999999997,1.1748199999999995,1223
2026-05-19T21:00:00+00:00,1.1748199999999995,1.1748899999999998,1.1742899999999998,1.1748899999999998,325.66732273018624
2026-05-19T21:30:00+00:00,1.1748899999999998,1.1749599999999998,1.1746699999999997,1.1748099999999997,485
2026-05-19T22:00:00+00:00,1.1748099999999997,1.1750099999999997,1.1746999999999999,1.1749899999999998,645
2026-05-19T22:30:00+00:00,1.1749899999999998,1.1750799999999997,1.1748599999999998,1.1750699999999998,674
2026-05-19T23:00:00+00:00,1.1750699999999998,1.1752299999999998,1.1749599999999998,1.1752199999999997,515.6675358539765
2026-05-19T23:30:00+00:00,1.1752199999999997,1.1754699999999998,1.1748099999999997,1.1748599999999998,1404
2026-05-20T00:00:00+00:00,1.1748599999999998,1.1751999999999998,1.1744999999999997,1.1750399999999996,5242
2026-05-20T00:30:00+00:00,1.1750399999999996,1.1752499999999997,1.1742599999999996,1.1743099999999997,3944
2026-05-20T01:00:00+00:00,1.1743099999999997,1.1744199999999998,1.1736999999999997,1.1737699999999998,3945
2026-05-20T01:30:00+00:00,1.1737699999999998,1.1744599999999996,1.1735499999999996,1.1738999999999997,4793
2026-05-20T02:00:00+00:00,1.1738999999999997,1.1744699999999997,1.1738699999999997,1.1740999999999997,3062
2026-05-20T02:30:00+00:00,1.1740999999999997,1.1741399999999997,1.1736299999999997,1.1739599999999997,3693
2026-05-20T03:00:00+00:00,1.1739599999999997,1.1744699999999997,1.1737099999999998,1.1744099999999997,2618
2026-05-20T03:30:00+00:00,1.1744099999999997,1.1747299999999996,1.1743099999999997,1.1744099999999997,2741
2026-05-20T04:00:00+00:00,1.1744099999999997,1.1748499999999997,1.1743999999999997,1.1744799999999997,2228
2026-05-20T04:30:00+00:00,1.1744799999999997,1.1744899999999998,1.1738799999999998,1.1739099999999998,2332
2026-05-20T05:00:00+00:00,1.1739099999999998,1.1743299999999997,1.1736699999999998,1.1736899999999997,2862
2026-05-20T05:30:00+00:00,1.1736899999999997,1.1741099999999998,1.1733599999999997,1.1737099999999998,2974
2026-05-20T06:00:00+00:00,1.1737099999999998,1.1747799999999997,1.1735099999999996,1.1746699999999997,4527
2026-05-20T06:30:00+00:00,1.1746699999999997,1.1746799999999997,1.1734999999999998,1.1738299999999997,3828
2026-05-20T07:00:00+00:00,1.1738299999999997,1.1743299999999997,1.1736899999999997,1.1739099999999998,4011
2026-05-20T07:30:00+00:00,1.1739099999999998,1.1739799999999998,1.1733899999999997,1.1735099999999996,3359
2026-05-20T08:00:00+00:00,1.1735099999999996,1.1736899999999997,1.1725499999999998,1.1730599999999998,4879
2026-05-20T08:30:00+00:00,1.1730599999999998,1.1736099999999996,1.1729599999999998,1.1732299999999998,4012
2026-05-20T09:00:00+00:00,1.1732299999999998,1.1736299999999997,1.1731699999999996,1.1733399999999996,2945
2026-05-20T09:30:00+00:00,1.1733399999999996,1.1734699999999998,1.1729999999999996,1.1729999999999996,2412
2026-05-20T10:00:00+00:00,1.1729999999999996,1.1738399999999998,1.1729299999999998,1.1736699999999998,2778
2026-05-20T10:30:00+00:00,1.1736699999999998,1.1744699999999997,1.1736099999999996,1.1742899999999996,3120
2026-05-20T11:00:00+00:00,1.1742899999999996,1.1744199999999998,1.1738099999999998,1.1744099999999997,2871
2026-05-20T11:30:00+00:00,1.1744099999999997,1.1747399999999997,1.1739899999999996,1.1742799999999998,3550
2026-05-20T12:00:00+00:00,1.1742799999999998,1.1746099999999997,1.1737599999999997,1.1740699999999997,4089
2026-05-20T12:30:00+00:00,1.1740699999999997,1.1743599999999996,1.1735699999999998,1.1737199999999997,3658
2026-05-20T13:00:00+00:00,1.1737199999999997,1.1737299999999997,1.1732199999999997,1.1732599999999997,3684
2026-05-20T13:30:00+00:00,1.1732599999999997,1.1738699999999997,1.1730899999999997,1.1732799999999997,5807
2026-05-20T14:00:00+00:00,1.1732799999999997,1.1761899999999996,1.1724599999999996,1.1754899999999997,14683
2026-05-20T14:30:00+00:00,1.1754899999999997,1.1765799999999997,1.1753399999999996,1.1759799999999998,12547
2026-05-20T15:00:00+00:00,1.1759799999999998,1.1786699999999997,1.1754799999999996,1.1766999999999996,13839
2026-05-20T15:30:00+00:00,1.1766999999999996,1.1776299999999997,1.1759099999999998,1.1760999999999997,7878
2026-05-20T16:00:00+00:00,1.1760999999999997,1.1772599999999998,1.1760699999999997,1.1765599999999996,6076
2026-05-20T16:30:00+00:00,1.1765599999999996,1.1772099999999996,1.1761699999999997,1.1767299999999996,6461
2026-05-20T17:00:00+00:00,1.1767299999999996,1.1768399999999997,1.1760399999999998,1.1766399999999997,5545
2026-05-20T17:30:00+00:00,1.1766399999999997,1.1768799999999997,1.1759299999999997,1.1759699999999997,3957
2026-05-20T18:00:00+00:00,1.1759699999999997,1.1769699999999996,1.1757699999999998,1.1769699999999996,4266
2026-05-20T18:30:00+00:00,1.1769699999999996,1.1777599999999997,1.1768399999999997,1.1772699999999996,3085
2026-05-20T19:00:00+00:00,1.1772699999999996,1.1775999999999998,1.1771599999999998,1.1774599999999997,2272
2026-05-20T19:30:00+00:00,1.1774599999999997,1.1777099999999998,1.1769499999999997,1.1769799999999997,3287
2026-05-20T20:00:00+00:00,1.1769799999999997,1.1770299999999998,1.1767999999999996,1.1768899999999998,2072
2026-05-20T20:30:00+00:00,1.1768899999999998,1.1769199999999997,1.1765099999999997,1.1765399999999997,1955
2026-05-20T21:00:00+00:00,1.1765399999999997,1.1765399999999997,1.1760299999999997,1.1764499999999996,664.7572629339398
2026-05-20T21:30:00+00:00,1.1764499999999996,1.1766999999999996,1.1764299999999996,1.1765699999999997,926
2026-05-20T22:00:00+00:00,1.1765699999999997,1.1769599999999996,1.1765399999999997,1.1768099999999997,745
2026-05-20T22:30:00+00:00,1.1768099999999997,1.1768699999999996,1.1767299999999996,1.1767999999999996,649
2026-05-20T23:00:00+00:00,1.1767999999999996,1.1769199999999997,1.1765699999999997,1.1766299999999996,641
2026-05-20T23:30:00+00:00,1.1766299999999996,1.1768799999999997,1.1764699999999997,1.1766499999999995,939
2026-05-21T00:00:00+00:00,1.1766499999999995,1.1768999999999996,1.1764099999999997,1.1768099999999997,3595
2026-05-21T00:30:00+00:00,1.1768099999999997,1.1770799999999997,1.1766299999999996,1.1770199999999997,1893
2026-05-21T01:00:00+00:00,1.1770199999999997,1.1776999999999997,1.1770199999999997,1.1774599999999997,2105
2026-05-21T01:30:00+00:00,1.1774599999999997,1.1776099999999996,1.1764499999999996,1.1767799999999997,3929
2026-05-21T02:00:00+00:00,1.1767799999999997,1.1770199999999997,1.1762499999999996,1.1762999999999997,2386
2026-05-21T02:30:00+00:00,1.1762999999999997,1.1764099999999997,1.1757399999999996,1.1759299999999997,2413
2026-05-21T03:00:00+00:00,1.1759299999999997,1.1764299999999996,1.1759199999999996,1.1762099999999995,1706
2026-05-21T03:30:00+00:00,1.1762099999999995,1.1763199999999996,1.1759899999999996,1.1760699999999997,1465
2026-05-21T04:00:00+00:00,1.1760699999999997,1.1763399999999997,1.1760099999999996,1.1762899999999996,3887
2026-05-21T04:30:00+00:00,1.1762899999999996,1.1765199999999996,1.1761699999999997,1.1763899999999996,1254
2026-05-21T05:00:00+00:00,1.1763899999999996,1.1765199999999996,1.1760199999999996,1.1760799999999996,3075
2026-05-21T05:30:00+00:00,1.1760799999999996,1.1763999999999997,1.1759599999999997,1.1763599999999996,2709
2026-05-21T06:00:00+00:00,1.1763599999999996,1.1768299999999996,1.1761699999999997,1.1766799999999997,3671
2026-05-21T06:30:00+00:00,1.1766799999999997,1.1767599999999996,1.1757399999999996,1.1761899999999996,3075
2026-05-21T07:00:00+00:00,1.1761899999999996,1.1762799999999995,1.1735799999999996,1.1738699999999997,9182
2026-05-21T07:30:00+00:00,1.1738699999999997,1.1750699999999996,1.1738699999999997,1.1749199999999997,7355
2026-05-21T08:00:00+00:00,1.1749199999999997,1.1777099999999996,1.1747899999999996,1.1775399999999996,8577
2026-05-21T08:30:00+00:00,1.1775399999999996,1.1775399999999996,1.1763199999999996,1.1765399999999997,6460
2026-05-21T09:00:00+00:00,1.1765399999999997,1.1773699999999996,1.1762399999999997,1.1773499999999997,4361
2026-05-21T09:30:00+00:00,1.1773499999999997,1.1775199999999997,1.1767699999999996,1.1769099999999997,3677
2026-05-21T10:00:00+00:00,1.1769099999999997,1.1771999999999996,1.1750299999999996,1.1754899999999997,6137
2026-05-21T10:30:00+00:00,1.1754899999999997,1.1755299999999997,1.1741699999999997,1.1749099999999997,8069
2026-05-21T11:00:00+00:00,1.1749099999999997,1.1757699999999995,1.1747999999999996,1.1754799999999996,5646
2026-05-21T11:30:00+00:00,1.1754799999999996,1.1756199999999997,1.1737799999999996,1.1740699999999997,3885
2026-05-21T12:00:00+00:00,1.1740699999999997,1.1744999999999997,1.1735199999999997,1.1736399999999996,5083
2026-05-21T12:30:00+00:00,1.1736399999999996,1.1750799999999997,1.1736199999999997,1.1738999999999997,7134
2026-05-21T13:00:00+00:00,1.1738999999999997,1.1741799999999996,1.1729199999999997,1.1730999999999996,5691
2026-05-21T13:30:00+00:00,1.1730999999999996,1.1742599999999996,1.1717999999999997,1.1736299999999997,10486
2026-05-21T14:00:00+00:00,1.1736299999999997,1.1737399999999996,1.1725999999999996,1.1730399999999996,9369
2026-05-21T14:30:00+00:00,1.1730399999999996,1.1738299999999997,1.1727699999999996,1.1734599999999997,7366
2026-05-21T15:00:00+00:00,1.1734599999999997,1.1735699999999996,1.1723999999999997,1.1727199999999995,8690
2026-05-21T15:30:00+00:00,1.1727199999999995,1.1730799999999997,1.1724699999999997,1.1730099999999997,5000
2026-05-21T16:00:00+00:00,1.1730099999999997,1.1735299999999997,1.1726299999999996,1.1735199999999997,5485
2026-05-21T16:30:00+00:00,1.1735199999999997,1.1738099999999996,1.1733999999999996,1.1736999999999997,4059
2026-05-21T17:00:00+00:00,1.1736999999999997,1.1761999999999997,1.1734599999999997,1.1759999999999997,13084
2026-05-21T17:30:00+00:00,1.1759999999999997,1.1771799999999997,1.1756499999999996,1.1766499999999995,7449
2026-05-21T18:00:00+00:00,1.1766499999999995,1.1771799999999997,1.1760799999999996,1.1767899999999996,7337
2026-05-21T18:30:00+00:00,1.1767899999999996,1.1768799999999997,1.1748999999999996,1.1753099999999996,7722
2026-05-21T19:00:00+00:00,1.1753099999999996,1.1762499999999996,1.1751499999999997,1.1761699999999997,4555
2026-05-21T19:30:00+00:00,1.1761699999999997,1.1765899999999996,1.1755899999999997,1.1762999999999997,4910
2026-05-21T20:00:00+00:00,1.1762999999999997,1.1764599999999996,1.1757799999999996,1.1760099999999996,1777
2026-05-21T20:30:00+00:00,1.1760099999999996,1.1760599999999997,1.1757899999999997,1.1758599999999997,1292
2026-05-21T21:00:00+00:00,1.1758599999999997,1.1762099999999995,1.1754899999999997,1.1761699999999997,480
2026-05-21T21:30:00+00:00,1.1761699999999997,1.1762299999999997,1.1757199999999997,1.1759299999999997,835
2026-05-21T22:00:00+00:00,1.1759299999999997,1.1761199999999996,1.1757099999999996,1.1758499999999996,552
2026-05-21T22:30:00+00:00,1.1758499999999996,1.1760999999999997,1.1758399999999996,1.1759199999999996,533
2026-05-21T23:00:00+00:00,1.1759199999999996,1.1760199999999996,1.1757699999999995,1.1758999999999997,469
2026-05-21T23:30:00+00:00,1.1758999999999997,1.1760799999999996,1.1758499999999996,1.1759599999999997,739
2026-05-22T00:00:00+00:00,1.1759599999999997,1.1759699999999997,1.1754799999999996,1.1755699999999996,2591
2026-05-22T00:30:00+00:00,1.1755699999999996,1.1757799999999996,1.1753999999999996,1.1756099999999996,1946
2026-05-22T01:00:00+00:00,1.1756099999999996,1.1757499999999996,1.1753899999999997,1.1755799999999996,2021
2026-05-22T01:30:00+00:00,1.1755799999999996,1.1757399999999996,1.1751599999999995,1.1751699999999996,2043
2026-05-22T02:00:00+00:00,1.1751699999999996,1.1753699999999996,1.1751399999999996,1.1753099999999996,1384
2026-05-22T02:30:00+00:00,1.1753099999999996,1.1756099999999996,1.1751599999999995,1.1753499999999997,1257
2026-05-22T03:00:00+00:00,1.1753499999999997,1.1754699999999996,1.1750499999999997,1.1752099999999996,1125
2026-05-22T03:30:00+00:00,1.1752099999999996,1.1753899999999997,1.1751999999999996,1.1753799999999996,1035
2026-05-22T04:00:00+00:00,1.1753799999999996,1.1756699999999995,1.1753099999999996,1.1755199999999997,835
2026-05-22T04:30:00+00:00,1.1755199999999997,1.1757299999999997,1.1754699999999996,1.1756799999999996,650
2026-05-22T05:00:00+00:00,1.1756799999999996,1.1758599999999997,1.1756099999999996,1.1756199999999997,1197
2026-05-22T05:30:00+00:00,1.1756199999999997,1.1758699999999995,1.1748799999999997,1.1750899999999995,2571
2026-05-22T06:00:00+00:00,1.1750899999999995,1.1756199999999997,1.1748999999999996,1.1754099999999996,3567
2026-05-22T06:30:00+00:00,1.1754099999999996,1.1754299999999995,1.1746999999999996,1.1751599999999995,3225
2026-05-22T07:00:00+00:00,1.1751599999999995,1.1751699999999996,1.1742999999999997,1.1750199999999997,3266
2026-05-22T07:30:00+00:00,1.1750199999999997,1.1751099999999997,1.1746399999999997,1.1749999999999996,3598
2026-05-22T08:00:00+00:00,1.1749999999999996,1.1757499999999996,1.1747699999999996,1.1753099999999996,3998
2026-05-22T08:30:00+00:00,1.1753099999999996,1.1754099999999996,1.1744999999999997,1.1749599999999996,4402
2026-05-22T09:00:00+00:00,1.1749599999999996,1.1749799999999997,1.1737799999999996,1.1740999999999997,3637
2026-05-22T09:30:00+00:00,1.1740999999999997,1.1747499999999995,1.1739999999999997,1.1745999999999996,2520
2026-05-22T10:00:00+00:00,1.1745999999999996,1.1749599999999996,1.1741899999999996,1.1741899999999996,2602
2026-05-22T10:30:00+00:00,1.1741899999999996,1.1743199999999996,1.1736899999999997,1.1739199999999996,2888
2026-05-22T11:00:00+00:00,1.1739199999999996,1.1739399999999995,1.1734999999999995,1.1735799999999996,2368
2026-05-22T11:30:00+00:00,1.1735799999999996,1.1743899999999996,1.1735199999999997,1.1738299999999997,3757
2026-05-22T12:00:00+00:00,1.1738299999999997,1.1748899999999995,1.1736199999999997,1.1740199999999996,7378
2026-05-22T12:30:00+00:00,1.1740199999999996,1.1746699999999997,1.1739399999999995,1.1745999999999996,3540
2026-05-22T13:00:00+00:00,1.1745999999999996,1.1760099999999996,1.1745699999999997,1.1752899999999997,6780
2026-05-22T13:30:00+00:00,1.1752899999999997,1.1753399999999996,1.1740999999999997,1.1745199999999996,6323
2026-05-22T14:00:00+00:00,1.1745199999999996,1.1745499999999995,1.1729999999999996,1.1738299999999997,6315
2026-05-22T14:30:00+00:00,1.1738299999999997,1.1744099999999997,1.1736499999999996,1.1739499999999996,5460
2026-05-22T15:00:00+00:00,1.1739499999999996,1.1747299999999996,1.1737499999999996,1.1744399999999997,5153
2026-05-22T15:30:00+00:00,1.1744399999999997,1.1746099999999997,1.1739999999999997,1.1744499999999995,4235
2026-05-22T16:00:00+00:00,1.1744499999999995,1.1751099999999997,1.1741299999999997,1.1750999999999996,3714
2026-05-22T16:30:00+00:00,1.1750999999999996,1.1752899999999997,1.1747099999999997,1.1752899999999997,2779
2026-05-22T17:00:00+00:00,1.1752899999999997,1.1759199999999996,1.1750399999999996,1.1757999999999997,5289
2026-05-22T17:30:00+00:00,1.1757999999999997,1.1760799999999996,1.1752399999999996,1.1755099999999996,4712
2026-05-22T18:00:00+00:00,1.1755099999999996,1.1756899999999997,1.1751199999999997,1.1752299999999996,3230
2026-05-22T18:30:00+00:00,1.1752299999999996,1.1757199999999997,1.1750999999999996,1.1753699999999996,1989
2026-05-22T19:00:00+00:00,1.1753699999999996,1.1755699999999996,1.1749799999999997,1.1749999999999996,2019
2026-05-22T19:30:00+00:00,1.1749999999999996,1.1750599999999995,1.1746899999999996,1.1747599999999996,1364
2026-05-22T20:00:00+00:00,1.1747599999999996,1.1748399999999997,1.1745199999999996,1.1745799999999997,994
2026-05-22T20:30:00+00:00,1.1745799999999997,1.1745799999999997,1.1739999999999997,1.1743499999999996,1757
2026-05-24T21:00:00+00:00,1.1743499999999996,1.1746299999999996,1.1738599999999997,1.1739899999999999,628.8251418420562
2026-05-24T21:30:00+00:00,1.1739899999999999,1.1739899999999999,1.1733799999999999,1.17346,774.470940177569
2026-05-24T22:00:00+00:00,1.17346,1.17475,1.1734099999999998,1.17465,2067
2026-05-24T22:30:00+00:00,1.17465,1.17502,1.1745899999999998,1.1748599999999998,1249
2026-05-24T23:00:00+00:00,1.1748599999999998,1.1751899999999997,1.1748399999999999,1.1750899999999997,1070.6461383704036
2026-05-24T23:30:00+00:00,1.1750899999999997,1.1751099999999997,1.1746899999999998,1.1747599999999998,1487
2026-05-25T00:00:00+00:00,1.1747599999999998,1.1748199999999998,1.1743499999999998,1.1747499999999997,2687
2026-05-25T00:30:00+00:00,1.1747499999999997,1.1754599999999997,1.1740899999999996,1.1742299999999997,3348
2026-05-25T01:00:00+00:00,1.1742299999999997,1.1752599999999997,1.1741199999999998,1.1751799999999997,3640
2026-05-25T01:30:00+00:00,1.1751799999999997,1.1751899999999997,1.1743899999999998,1.1744599999999998,2490
2026-05-25T02:00:00+00:00,1.1744599999999998,1.1748099999999997,1.1744599999999998,1.1747299999999998,1722
2026-05-25T02:30:00+00:00,1.1747299999999998,1.1747399999999997,1.1742399999999997,1.1743299999999997,1389
2026-05-25T03:00:00+00:00,1.1743299999999997,1.1745299999999996,1.1741599999999996,1.1742899999999998,2165
2026-05-25T03:30:00+00:00,1.1742899999999998,1.1745199999999998,1.1741599999999996,1.1742899999999998,1788
2026-05-25T04:00:00+00:00,1.1742899999999998,1.1743299999999997,1.1741299999999997,1.1742699999999997,1233
2026-05-25T04:30:00+00:00,1.1742699999999997,1.1749299999999998,1.1742599999999996,1.1747699999999996,1636
2026-05-25T05:00:00+00:00,1.1747699999999996,1.1750899999999997,1.1746699999999997,1.1748899999999998,1835
2026-05-25T05:30:00+00:00,1.1748899999999998,1.1750499999999997,1.1743699999999997,1.1744799999999997,1946
2026-05-25T06:00:00+00:00,1.1744799999999997,1.1746899999999998,1.1743199999999998,1.1744499999999998,2706
2026-05-25T06:30:00+00:00,1.1744499999999998,1.1750399999999996,1.1743099999999997,1.1746599999999998,2721
2026-05-25T07:00:00+00:00,1.1746599999999998,1.1747599999999998,1.1735199999999997,1.1739399999999998,4331
2026-05-25T07:30:00+00:00,1.1739399999999998,1.1743799999999998,1.1739199999999996,1.1742999999999997,3354
2026-05-25T08:00:00+00:00,1.1742999999999997,1.1746499999999997,1.1738599999999997,1.1745999999999996,2254
2026-05-25T08:30:00+00:00,1.1745999999999996,1.1749999999999998,1.1745799999999997,1.1749299999999998,2486
2026-05-25T09:00:00+00:00,1.1749299999999998,1.1750899999999997,1.1745999999999996,1.1747799999999997,1675
2026-05-25T09:30:00+00:00,1.1747799999999997,1.1750499999999997,1.1746199999999998,1.1747099999999997,1457
2026-05-25T10:00:00+00:00,1.1747099999999997,1.1749999999999998,1.1746999999999996,1.1747499999999997,1588
2026-05-25T10:30:00+00:00,1.1747499999999997,1.1749599999999998,1.1747099999999997,1.1748499999999997,1359
2026-05-25T11:00:00+00:00,1.1748499999999997,1.1750399999999996,1.1745999999999996,1.1750099999999997,1406
2026-05-25T11:30:00+00:00,1.1750099999999997,1.1756499999999996,1.1749099999999997,1.1749599999999998,3101
2026-05-25T12:00:00+00:00,1.1749599999999998,1.1752799999999997,1.1748199999999998,1.1749799999999997,2613
2026-05-25T12:30:00+00:00,1.1749799999999997,1.1758499999999998,1.1749799999999997,1.1753899999999997,3002
2026-05-25T13:00:00+00:00,1.1753899999999997,1.1755399999999998,1.1749299999999998,1.1749699999999996,2412
2026-05-25T13:30:00+00:00,1.1749699999999996,1.1749999999999998,1.1744399999999997,1.1744399999999997,2346
2026-05-25T14:00:00+00:00,1.1744399999999997,1.1748599999999998,1.1743899999999998,1.1746899999999998,2010
2026-05-25T14:30:00+00:00,1.1746899999999998,1.1751999999999998,1.1745799999999997,1.1747799999999997,2827
2026-05-25T15:00:00+00:00,1.1747799999999997,1.1754199999999997,1.1745199999999998,1.1751399999999996,4401
2026-05-25T15:30:00+00:00,1.1751399999999996,1.1751799999999997,1.1747699999999996,1.1747899999999998,1540
2026-05-25T16:00:00+00:00,1.1747899999999998,1.1748299999999998,1.1743499999999998,1.1743899999999998,1600
2026-05-25T16:30:00+00:00,1.1743899999999998,1.1747199999999998,1.1742299999999997,1.1746699999999997,1869
2026-05-25T17:00:00+00:00,1.1746699999999997,1.1749699999999996,1.1745799999999997,1.1749399999999997,921
2026-05-25T17:30:00+00:00,1.1749399999999997,1.1749499999999997,1.1747399999999997,1.1748999999999998,1238
2026-05-25T18:00:00+00:00,1.1748999999999998,1.1749499999999997,1.1747699999999996,1.1748299999999998,1082
2026-05-25T18:30:00+00:00,1.1748299999999998,1.1749499999999997,1.1747099999999997,1.1749099999999997,638
2026-05-25T19:00:00+00:00,1.1749099999999997,1.1749299999999998,1.1747699999999996,1.1748599999999998,729
2026-05-25T19:30:00+00:00,1.1748599999999998,1.1749299999999998,1.1747499999999997,1.1747799999999997,842
2026-05-25T20:00:00+00:00,1.1747799999999997,1.1749199999999997,1.1747599999999998,1.1748899999999998,725
2026-05-25T20:30:00+00:00,1.1748899999999998,1.1749299999999998,1.1745799999999997,1.1745799999999997,1382
2026-05-25T21:00:00+00:00,1.1745799999999997,1.17475,1.1742199999999998,1.17475,602.9005513485877
2026-05-25T21:30:00+00:00,1.17475,1.17499,1.1742599999999999,1.1745999999999999,807.2013333333333
2026-05-25T22:00:00+00:00,1.1745999999999999,1.175,1.17459,1.17476,903
2026-05-25T22:30:00+00:00,1.17476,1.1749399999999999,1.17469,1.1748399999999999,634
2026-05-25T23:00:00+00:00,1.1748399999999999,1.17508,1.17483,1.17488,769
2026-05-25T23:30:00+00:00,1.17488,1.17488,1.17432,1.17435,1132
2026-05-26T00:00:00+00:00,1.17435,1.17474,1.1741599999999999,1.17434,3505
2026-05-26T00:30:00+00:00,1.17434,1.17472,1.17425,1.17464,2397
2026-05-26T01:00:00+00:00,1.17464,1.17474,1.17427,1.1744299999999999,2755
2026-05-26T01:30:00+00:00,1.1744299999999999,1.17445,1.17379,1.17415,2520
2026-05-26T02:00:00+00:00,1.17415,1.17428,1.1739899999999999,1.17407,1760
2026-05-26T02:30:00+00:00,1.17407,1.17421,1.1738899999999999,1.1741599999999999,1491
2026-05-26T03:00:00+00:00,1.1741599999999999,1.17449,1.17414,1.1742299999999999,1093
2026-05-26T03:30:00+00:00,1.1742299999999999,1.17438,1.1741899999999998,1.17435,1000
2026-05-26T04:00:00+00:00,1.17435,1.1743599999999998,1.1740899999999999,1.1741,769.2447492403788
2026-05-26T04:30:00+00:00,1.1741,1.1742,1.17371,1.17374,1450
2026-05-26T05:00:00+00:00,1.17374,1.1738,1.17358,1.17374,1646
2026-05-26T05:30:00+00:00,1.17374,1.17385,1.17351,1.17358,1623
2026-05-26T06:00:00+00:00,1.17358,1.17432,1.17349,1.17406,2793
2026-05-26T06:30:00+00:00,1.17406,1.17453,1.17404,1.17429,3189
2026-05-26T07:00:00+00:00,1.17429,1.17441,1.17317,1.17416,4146
2026-05-26T07:30:00+00:00,1.17416,1.17481,1.17405,1.17448,4212
2026-05-26T08:00:00+00:00,1.17448,1.17498,1.17428,1.1747,3327
2026-05-26T08:30:00+00:00,1.1747,1.17491,1.17421,1.17441,3044
2026-05-26T09:00:00+00:00,1.17441,1.17501,1.17403,1.17496,3380
2026-05-26T09:30:00+00:00,1.17496,1.17518,1.17475,1.17504,2493
2026-05-26T10:00:00+00:00,1.17504,1.17515,1.17475,1.17506,2684
2026-05-26T10:30:00+00:00,1.17506,1.17529,1.17454,1.17493,3689
2026-05-26T11:00:00+00:00,1.17493,1.17526,1.17476,1.17479,2522
2026-05-26T11:30:00+00:00,1.17479,1.17498,1.17412,1.17425,4275
2026-05-26T12:00:00+00:00,1.17425,1.17439,1.17389,1.17429,3526
2026-05-26T12:30:00+00:00,1.17429,1.17443,1.17394,1.17397,3003
2026-05-26T13:00:00+00:00,1.17397,1.17408,1.17343,1.17345,3499
2026-05-26T13:30:00+00:00,1.17345,1.17391,1.17249,1.17335,6766
2026-05-26T14:00:00+00:00,1.17335,1.17375,1.17291,1.17322,5360
2026-05-26T14:30:00+00:00,1.17322,1.17367,1.17305,1.17327,5742
2026-05-26T15:00:00+00:00,1.17327,1.17336,1.1725,1.17286,7864
2026-05-26T15:30:00+00:00,1.17286,1.17301,1.17241,1.17271,4584
2026-05-26T16:00:00+00:00,1.17271,1.17366,1.17271,1.1735,3728
2026-05-26T16:30:00+00:00,1.1735,1.17374,1.17302,1.17317,3057
2026-05-26T17:00:00+00:00,1.17317,1.17355,1.17306,1.17319,3243
2026-05-26T17:30:00+00:00,1.17319,1.17339,1.1729,1.1731800000000001,2848
2026-05-26T18:00:00+00:00,1.1731800000000001,1.17353,1.17311,1.17348,1942
2026-05-26T18:30:00+00:00,1.17348,1.17388,1.17341,1.17373,1945
2026-05-26T19:00:00+00:00,1.17373,1.17382,1.17351,1.17372,1519
2026-05-26T19:30:00+00:00,1.17372,1.17404,1.17372,1.17397,1601
2026-05-26T20:00:00+00:00,1.17397,1.17407,1.17381,1.17381,928
2026-05-26T20:30:00+00:00,1.17381,1.17399,1.1735,1.1735,898
2026-05-26T21:00:00+00:00,1.1735,1.1738,1.17313,1.17377,603
2026-05-26T21:30:00+00:00,1.17377,1.17392,1.17352,1.17362,2029
2026-05-26T22:00:00+00:00,1.17362,1.17414,1.17362,1.17401,655
2026-05-26T22:30:00+00:00,1.17401,1.1741,1.17397,1.1741,302
2026-05-26T23:00:00+00:00,1.1741,1.17446,1.17407,1.17446,410
2026-05-26T23:30:00+00:00,1.17446,1.17476,1.17437,1.17442,707
2026-05-27T00:00:00+00:00,1.17442,1.17484,1.17436,1.17472,2252
2026-05-27T00:30:00+00:00,1.17472,1.17482,1.17453,1.17458,2392
2026-05-27T01:00:00+00:00,1.17458,1.17471,1.17444,1.17448,1721
2026-05-27T01:30:00+00:00,1.17448,1.17449,1.17405,1.17416,2472
2026-05-27T02:00:00+00:00,1.17416,1.1746,1.17415,1.17425,2505
2026-05-27T02:30:00+00:00,1.17425,1.17462,1.17416,1.17461,1529
2026-05-27T03:00:00+00:00,1.17461,1.17503,1.17455,1.17469,1809
2026-05-27T03:30:00+00:00,1.17469,1.17475,1.17445,1.17465,1175
2026-05-27T04:00:00+00:00,1.17465,1.17486,1.1746,1.17472,1131
2026-05-27T04:30:00+00:00,1.17472,1.17501,1.1747,1.17491,1348
2026-05-27T05:00:00+00:00,1.17491,1.17522,1.17487,1.17515,1568
2026-05-27T05:30:00+00:00,1.17515,1.17521,1.17464,1.17474,2416
2026-05-27T06:00:00+00:00,1.17474,1.17492,1.17451,1.17478,3008
2026-05-27T06:30:00+00:00,1.17478,1.1757,1.17465,1.17532,3150
2026-05-27T07:00:00+00:00,1.17532,1.17566,1.17499,1.1753,3524
2026-05-27T07:30:00+00:00,1.1753,1.17556,1.17479,1.17484,3048
2026-05-27T08:00:00+00:00,1.17484,1.1755,1.1746,1.1755,3759
2026-05-27T08:30:00+00:00,1.1755,1.1755,1.17507,1.17527,2876
2026-05-27T09:00:00+00:00,1.17527,1.17547,1.17502,1.1753,2737
2026-05-27T09:30:00+00:00,1.1753,1.17563,1.17511,1.17523,1931
2026-05-27T10:00:00+00:00,1.17523,1.17524,1.17441,1.17452,2334
2026-05-27T10:30:00+00:00,1.17452,1.17483,1.17437,1.17468,2976
2026-05-27T11:00:00+00:00,1.17468,1.17497,1.17439,1.17456,2930
2026-05-27T11:30:00+00:00,1.17456,1.17475,1.17407,1.17455,3548
2026-05-27T12:00:00+00:00,1.17455,1.17677,1.17422,1.1764,12002
2026-05-27T12:30:00+00:00,1.1764,1.17691,1.17495,1.17515,9546
2026-05-27T13:00:00+00:00,1.17515,1.17557,1.17475,1.17489,7944
2026-05-27T13:30:00+00:00,1.17489,1.17539,1.17454,1.1749,7900
2026-05-27T14:00:00+00:00,1.1749,1.176,1.17444,1.17566,8938
2026-05-27T14:30:00+00:00,1.17566,1.17597,1.17325,1.17333,12191
2026-05-27T15:00:00+00:00,1.17333,1.17423,1.17302,1.17416,8252
2026-05-27T15:30:00+00:00,1.17416,1.17441,1.1734,1.1737900000000001,5821
2026-05-27T16:00:00+00:00,1.1737900000000001,1.17399,1.17317,1.17364,4979
2026-05-27T16:30:00+00:00,1.17364,1.17406,1.17354,1.174,3287
2026-05-27T17:00:00+00:00,1.174,1.17407,1.17299,1.17314,5303
2026-05-27T17:30:00+00:00,1.17314,1.17363,1.173,1.17351,4203
2026-05-27T18:00:00+00:00,1.17351,1.17352,1.17303,1.17323,3898
2026-05-27T18:30:00+00:00,1.17323,1.17381,1.17316,1.17372,3077
2026-05-27T19:00:00+00:00,1.17372,1.17398,1.17361,1.17387,2160
2026-05-27T19:30:00+00:00,1.17387,1.17394,1.17345,1.17365,1513
2026-05-27T20:00:00+00:00,1.17365,1.17385,1.17355,1.17357,955
2026-05-27T20:30:00+00:00,1.17357,1.17367,1.17332,1.17332,1121
2026-05-27T21:00:00+00:00,1.17332,1.17363,1.17301,1.17357,217
2026-05-27T21:30:00+00:00,1.17357,1.17377,1.17322,1.17352,1167
2026-05-27T22:00:00+00:00,1.17352,1.17381,1.17344,1.17359,681
2026-05-27T22:30:00+00:00,1.17359,1.17373,1.17336,1.17337,732
2026-05-27T23:00:00+00:00,1.17337,1.17364,1.17293,1.17295,1041
2026-05-27T23:30:00+00:00,1.17295,1.17305,1.17237,1.17252,1586
2026-05-28T00:00:00+00:00,1.17252,1.17312,1.17243,1.1731,3054
2026-05-28T00:30:00+00:00,1.1731,1.17312,1.17245,1.17283,2916
2026-05-28T01:00:00+00:00,1.17283,1.1729,1.17256,1.17263,2378
2026-05-28T01:30:00+00:00,1.17263,1.17274,1.1717,1.17178,2370
2026-05-28T02:00:00+00:00,1.17178,1.17219,1.17172,1.17213,1878
2026-05-28T02:30:00+00:00,1.17213,1.17229,1.17182,1.17204,1815
2026-05-28T03:00:00+00:00,1.17204,1.17215,1.17084,1.17087,2658.4122069880586
2026-05-28T03:30:00+00:00,1.17087,1.17087,1.16947,1.16948,4705
2026-05-28T04:00:00+00:00,1.16948,1.16995,1.1694,1.16958,3334
2026-05-28T04:30:00+00:00,1.16958,1.17004,1.16956,1.16995,1913
2026-05-28T05:00:00+00:00,1.16995,1.17027,1.16968,1.1702,2363
2026-05-28T05:30:00+00:00,1.1702,1.17099,1.1702,1.17071,2893
2026-05-28T06:00:00+00:00,1.17071,1.1717,1.17064,1.17148,3237
2026-05-28T06:30:00+00:00,1.17148,1.17199,1.17132,1.17179,2966
2026-05-28T07:00:00+00:00,1.17179,1.17254,1.17179,1.17204,4593
2026-05-28T07:30:00+00:00,1.17204,1.17216,1.17177,1.17196,3077
2026-05-28T08:00:00+00:00,1.17196,1.17237,1.17144,1.17173,3601
2026-05-28T08:30:00+00:00,1.17173,1.17246,1.17168,1.17234,2914
2026-05-28T09:00:00+00:00,1.17234,1.17269,1.17222,1.17255,2883
2026-05-28T09:30:00+00:00,1.17255,1.17262,1.17207,1.17208,2689
2026-05-28T10:00:00+00:00,1.17208,1.17233,1.17167,1.17224,3026
2026-05-28T10:30:00+00:00,1.17224,1.17225,1.17113,1.17113,3652
2026-05-28T11:00:00+00:00,1.17113,1.17189,1.1711,1.17186,3040
2026-05-28T11:30:00+00:00,1.17186,1.17306,1.17158,1.17247,3713
2026-05-28T12:00:00+00:00,1.17247,1.17333,1.17233,1.17312,3829
2026-05-28T12:30:00+00:00,1.17312,1.17458,1.17309,1.17443,7824
2026-05-28T13:00:00+00:00,1.17443,1.17509,1.17404,1.17407,5483
2026-05-28T13:30:00+00:00,1.17407,1.17463,1.17369,1.17384,6076
2026-05-28T14:00:00+00:00,1.17384,1.17656,1.17347,1.17619,15369
2026-05-28T14:30:00+00:00,1.17619,1.17646,1.17506,1.17556,12256
2026-05-28T15:00:00+00:00,1.17556,1.17631,1.17554,1.17608,6945
2026-05-28T15:30:00+00:00,1.17608,1.17646,1.17553,1.17558,4651
2026-05-28T16:00:00+00:00,1.17558,1.17691,1.1753,1.1765,6492
2026-05-28T16:30:00+00:00,1.1765,1.17675,1.17613,1.17645,5547
2026-05-28T17:00:00+00:00,1.17645,1.17651,1.17585,1.17587,3053
2026-05-28T17:30:00+00:00,1.17587,1.17621,1.17585,1.17612,3201
2026-05-28T18:00:00+00:00,1.17612,1.17631,1.1756,1.17567,4451
2026-05-28T18:30:00+00:00,1.17567,1.17579,1.17543,1.17557,4400
2026-05-28T19:00:00+00:00,1.17557,1.17569,1.17541,1.17566,2164
2026-05-28T19:30:00+00:00,1.17566,1.17593,1.17546,1.17554,3108
2026-05-28T20:00:00+00:00,1.17554,1.17558,1.17527,1.17544,1266
2026-05-28T20:30:00+00:00,1.17544,1.17581,1.17543,1.1758,1011
2026-05-28T21:00:00+00:00,1.1758,1.17603,1.17539,1.17581,515.694353541019
2026-05-28T21:30:00+00:00,1.17581,1.1758499999999998,1.17574,1.17577,1175
2026-05-28T22:00:00+00:00,1.17577,1.17596,1.17577,1.17591,620.1491372843211
2026-05-28T22:30:00+00:00,1.17591,1.17593,1.17576,1.17579,411
2026-05-28T23:00:00+00:00,1.17579,1.17609,1.17579,1.17594,764
2026-05-28T23:30:00+00:00,1.17594,1.17609,1.17584,1.17603,733
2026-05-29T00:00:00+00:00,1.17603,1.17633,1.17597,1.17616,2221
2026-05-29T00:30:00+00:00,1.17616,1.17617,1.17551,1.17565,2059
2026-05-29T01:00:00+00:00,1.17565,1.17642,1.17555,1.17617,3057
2026-05-29T01:30:00+00:00,1.17617,1.17617,1.17511,1.17523,2617
2026-05-29T02:00:00+00:00,1.17523,1.17556,1.17513,1.17542,1929
2026-05-29T02:30:00+00:00,1.17542,1.1757,1.17525,1.17526,1257
2026-05-29T03:00:00+00:00,1.17526,1.17528,1.17473,1.17488,2018
2026-05-29T03:30:00+00:00,1.17488,1.17491,1.17437,1.1745,1832
2026-05-29T04:00:00+00:00,1.1745,1.17469,1.17432,1.17435,1600
2026-05-29T04:30:00+00:00,1.17435,1.1747,1.1742,1.17468,1424
2026-05-29T05:00:00+00:00,1.17468,1.17513,1.17458,1.17493,1390
2026-05-29T05:30:00+00:00,1.17493,1.17505,1.17473,1.17498,1777
2026-05-29T06:00:00+00:00,1.17498,1.17556,1.17498,1.17533,3168
2026-05-29T06:30:00+00:00,1.17533,1.17622,1.17528,1.17611,3404
2026-05-29T07:00:00+00:00,1.17611,1.17611,1.17492,1.17513,4051
2026-05-29T07:30:00+00:00,1.17513,1.17524,1.17455,1.17496,3710
2026-05-29T08:00:00+00:00,1.17496,1.17496,1.17414,1.17466,4489
2026-05-29T08:30:00+00:00,1.17466,1.17474,1.17326,1.17359,4172
2026-05-29T09:00:00+00:00,1.17359,1.17463,1.17344,1.17443,3923
2026-05-29T09:30:00+00:00,1.17443,1.17505,1.17408,1.17493,3506
2026-05-29T10:00:00+00:00,1.17493,1.17529,1.17456,1.17504,3009
2026-05-29T10:30:00+00:00,1.17504,1.17521,1.17485,1.17508,2843
2026-05-29T11:00:00+00:00,1.17508,1.17527,1.17476,1.17511,2918
2026-05-29T11:30:00+00:00,1.17511,1.1756,1.17482,1.17554,3563
2026-05-29T12:00:00+00:00,1.17554,1.17564,1.17506,1.17541,3237
2026-05-29T12:30:00+00:00,1.17541,1.17568,1.1749,1.17567,4060
2026-05-29T13:00:00+00:00,1.17567,1.17608,1.17542,1.17577,4302
2026-05-29T13:30:00+00:00,1.17577,1.176,1.17527,1.1755,5146
2026-05-29T14:00:00+00:00,1.1755,1.17587,1.17495,1.17538,5561
2026-05-29T14:30:00+00:00,1.17538,1.17822,1.17481,1.17763,12751
2026-05-29T15:00:00+00:00,1.17763,1.17897,1.17749,1.17829,8664
2026-05-29T15:30:00+00:00,1.17829,1.17935,1.17819,1.17858,9259
2026-05-29T16:00:00+00:00,1.17858,1.1787,1.17755,1.17776,4005
2026-05-29T16:30:00+00:00,1.17776,1.17825,1.17743,1.17798,8223
2026-05-29T17:00:00+00:00,1.17798,1.1781,1.17736,1.17755,2869
2026-05-29T17:30:00+00:00,1.17755,1.1776,1.17698,1.177,3237
2026-05-29T18:00:00+00:00,1.177,1.17737,1.17692,1.17723,2779
2026-05-29T18:30:00+00:00,1.17723,1.17764,1.17681,1.1772,3592
2026-05-29T19:00:00+00:00,1.1772,1.17773,1.17719,1.17758,1737
2026-05-29T19:30:00+00:00,1.17758,1.17765,1.17714,1.17723,2823
2026-05-29T20:00:00+00:00,1.17723,1.17726,1.17686,1.1769,1375
2026-05-29T20:30:00+00:00,1.1769,1.17703,1.17653,1.17657,1983
2026-05-31T21:00:00+00:00,1.17657,1.1769500000000002,1.17653,1.17684,150.93100824279708
2026-05-31T21:30:00+00:00,1.17684,1.1776100000000003,1.1768,1.1773500000000003,390.47640913274694
2026-05-31T22:00:00+00:00,1.1773500000000003,1.1774700000000002,1.1767800000000004,1.1769900000000002,1251
2026-05-31T22:30:00+00:00,1.1769900000000002,1.1771800000000003,1.1768300000000003,1.1771000000000003,1645
2026-05-31T23:00:00+00:00,1.1771000000000003,1.1772300000000002,1.1770000000000003,1.1771800000000003,2118
2026-05-31T23:30:00+00:00,1.1771800000000003,1.1772300000000002,1.1765100000000004,1.1765200000000002,2704
2026-06-01T00:00:00+00:00,1.1765200000000002,1.1770500000000004,1.1762200000000003,1.1764300000000003,4466
2026-06-01T00:30:00+00:00,1.1764300000000003,1.1765200000000002,1.1761600000000003,1.1764300000000003,2962
2026-06-01T01:00:00+00:00,1.1764300000000003,1.1764900000000003,1.1760300000000004,1.1760500000000003,2557
2026-06-01T01:30:00+00:00,1.1760500000000003,1.1762000000000004,1.1758600000000003,1.1761500000000003,2003
2026-06-01T02:00:00+00:00,1.1761500000000003,1.1762000000000004,1.1760400000000002,1.1761200000000003,1303
2026-06-01T02:30:00+00:00,1.1761200000000003,1.1763700000000004,1.1760300000000004,1.1763200000000003,1540
2026-06-01T03:00:00+00:00,1.1763200000000003,1.1765700000000003,1.1760000000000004,1.1764300000000003,2105
2026-06-01T03:30:00+00:00,1.1764300000000003,1.1765200000000002,1.1758300000000004,1.1760400000000002,1485
2026-06-01T04:00:00+00:00,1.1760400000000002,1.1764000000000003,1.1759900000000003,1.1764000000000003,1040
2026-06-01T04:30:00+00:00,1.1764000000000003,1.1765200000000002,1.1762800000000002,1.1764800000000002,1239
2026-06-01T05:00:00+00:00,1.1764800000000002,1.1769100000000003,1.1764400000000004,1.1768100000000004,1799
2026-06-01T05:30:00+00:00,1.1768100000000004,1.1770100000000003,1.1767000000000003,1.1767900000000002,1630
2026-06-01T06:00:00+00:00,1.1767900000000002,1.1772700000000003,1.1766800000000002,1.1768300000000003,3989
2026-06-01T06:30:00+00:00,1.1768300000000003,1.1781400000000002,1.1767600000000003,1.1781300000000003,5286
2026-06-01T07:00:00+00:00,1.1781300000000003,1.1781300000000003,1.1772300000000002,1.1775000000000002,4348
2026-06-01T07:30:00+00:00,1.1775000000000002,1.1775700000000002,1.1768400000000003,1.1773200000000004,2829
2026-06-01T08:00:00+00:00,1.1773200000000004,1.1776800000000003,1.1771600000000002,1.1775500000000003,3128
2026-06-01T08:30:00+00:00,1.1775500000000003,1.1776700000000002,1.1770000000000003,1.1774400000000003,2871
2026-06-01T09:00:00+00:00,1.1774400000000003,1.1777300000000004,1.1764900000000003,1.1766500000000002,3309
2026-06-01T09:30:00+00:00,1.1766500000000002,1.1768000000000003,1.1765200000000002,1.1767500000000002,2993
2026-06-01T10:00:00+00:00,1.1767500000000002,1.1767800000000004,1.1763800000000002,1.1765100000000004,2341
2026-06-01T10:30:00+00:00,1.1765100000000004,1.1766900000000002,1.1762700000000004,1.1764100000000002,2435
2026-06-01T11:00:00+00:00,1.1764100000000002,1.1764700000000003,1.1758300000000004,1.1763000000000003,2467
2026-06-01T11:30:00+00:00,1.1763000000000003,1.1764800000000002,1.1759500000000003,1.1762900000000003,2655
2026-06-01T12:00:00+00:00,1.1762900000000003,1.1766800000000002,1.1762200000000003,1.1766500000000002,2986
2026-06-01T12:30:00+00:00,1.1766500000000002,1.1767100000000004,1.1761800000000002,1.1764000000000003,4255
2026-06-01T13:00:00+00:00,1.1764000000000003,1.1764900000000003,1.1742000000000004,1.1743800000000002,12680
2026-06-01T13:30:00+00:00,1.1743800000000002,1.1746200000000002,1.1726700000000003,1.1726900000000002,10419
2026-06-01T14:00:00+00:00,1.1726900000000002,1.1734900000000004,1.1723100000000002,1.1731000000000003,10459
2026-06-01T14:30:00+00:00,1.1731000000000003,1.1735000000000002,1.1727600000000002,1.1734100000000003,6945
2026-06-01T15:00:00+00:00,1.1734100000000003,1.1739400000000002,1.1731700000000003,1.1738300000000004,8209
2026-06-01T15:30:00+00:00,1.1738300000000004,1.1745400000000004,1.1738300000000004,1.1739700000000002,7911
2026-06-01T16:00:00+00:00,1.1739700000000002,1.1742800000000002,1.1733000000000002,1.1738100000000002,4002
2026-06-01T16:30:00+00:00,1.1738100000000002,1.1747100000000004,1.1737400000000002,1.1746400000000004,6889
2026-06-01T17:00:00+00:00,1.1746400000000004,1.1748600000000002,1.1741800000000002,1.1748600000000002,4781
2026-06-01T17:30:00+00:00,1.1748600000000002,1.1754600000000002,1.1746300000000003,1.1751500000000004,5121
2026-06-01T18:00:00+00:00,1.1751500000000004,1.1752000000000002,1.1749600000000002,1.1749800000000004,2401
2026-06-01T18:30:00+00:00,1.1749800000000004,1.1751400000000003,1.1747200000000002,1.1747400000000003,1840
2026-06-01T19:00:00+00:00,1.1747400000000003,1.1750400000000003,1.1746200000000002,1.1748700000000003,2255
2026-06-01T19:30:00+00:00,1.1748700000000003,1.1750100000000003,1.1743200000000003,1.1748300000000003,3200
2026-06-01T20:00:00+00:00,1.1748300000000003,1.1750500000000004,1.1747200000000002,1.1748300000000003,982
2026-06-01T20:30:00+00:00,1.1748300000000003,1.1749900000000002,1.1747600000000002,1.1748300000000003,1197
2026-06-01T21:00:00+00:00,1.1748300000000003,1.1749200000000002,1.1743400000000004,1.1748200000000002,260.3377674603006
2026-06-01T21:30:00+00:00,1.1748200000000002,1.1751300000000002,1.1747400000000003,1.1749500000000004,898
2026-06-01T22:00:00+00:00,1.1749500000000004,1.1751300000000002,1.1749000000000003,1.1749700000000003,477.0230020642878
2026-06-01T22:30:00+00:00,1.1749700000000003,1.1750800000000003,1.1749500000000004,1.1750600000000002,487
2026-06-01T23:00:00+00:00,1.1750600000000002,1.1752500000000003,1.1750600000000002,1.1751400000000003,429
2026-06-01T23:30:00+00:00,1.1751400000000003,1.1752800000000003,1.1749500000000004,1.1752000000000002,910
2026-06-02T00:00:00+00:00,1.1752000000000002,1.1752200000000004,1.1746400000000004,1.1749700000000003,2183
2026-06-02T00:30:00+00:00,1.1749700000000003,1.1751300000000002,1.1745900000000002,1.1748000000000003,2082
2026-06-02T01:00:00+00:00,1.1748000000000003,1.1753600000000002,1.1747900000000002,1.1750200000000002,2453
2026-06-02T01:30:00+00:00,1.1750200000000002,1.1752000000000002,1.1745200000000002,1.1747200000000002,1982
2026-06-02T02:00:00+00:00,1.1747200000000002,1.1750700000000003,1.1746900000000002,1.1750400000000003,1423
2026-06-02T02:30:00+00:00,1.1750400000000003,1.1751200000000004,1.1746900000000002,1.1747500000000002,1126
2026-06-02T03:00:00+00:00,1.1747500000000002,1.1750400000000003,1.1747500000000002,1.1749800000000004,1398
2026-06-02T03:30:00+00:00,1.1749800000000004,1.1751900000000002,1.1749300000000003,1.1750800000000003,1021
2026-06-02T04:00:00+00:00,1.1750800000000003,1.1753000000000002,1.1750800000000003,1.1752500000000003,1115
2026-06-02T04:30:00+00:00,1.1752500000000003,1.1755400000000003,1.1752400000000003,1.1754400000000003,1241
2026-06-02T05:00:00+00:00,1.1754400000000003,1.1756300000000002,1.1753400000000003,1.1754300000000002,1336
2026-06-02T05:30:00+00:00,1.1754300000000002,1.1755400000000003,1.1752900000000004,1.1753800000000003,1095
2026-06-02T06:00:00+00:00,1.1753800000000003,1.1766900000000002,1.1753800000000003,1.1765700000000003,3773
2026-06-02T06:30:00+00:00,1.1765700000000003,1.1768900000000002,1.1764600000000003,1.1767000000000003,4007
2026-06-02T07:00:00+00:00,1.1767000000000003,1.1767400000000003,1.1761500000000003,1.1763400000000004,3571
2026-06-02T07:30:00+00:00,1.1763400000000004,1.1766100000000004,1.1762400000000002,1.1765200000000002,2927
2026-06-02T08:00:00+00:00,1.1765200000000002,1.1769200000000002,1.1761500000000003,1.1762900000000003,3533
2026-06-02T08:30:00+00:00,1.1762900000000003,1.1764400000000004,1.1758700000000002,1.1760200000000003,2321
2026-06-02T09:00:00+00:00,1.1760200000000003,1.1760400000000002,1.1756800000000003,1.1760000000000004,2624
2026-06-02T09:30:00+00:00,1.1760000000000004,1.1761500000000003,1.1757600000000004,1.1759800000000002,2617
2026-06-02T10:00:00+00:00,1.1759800000000002,1.1762100000000002,1.1755000000000002,1.1759200000000003,2430
2026-06-02T10:30:00+00:00,1.1759200000000003,1.1762800000000002,1.1758300000000004,1.1760400000000002,2231
2026-06-02T11:00:00+00:00,1.1760400000000002,1.1763500000000002,1.1760300000000004,1.1763400000000004,2645
2026-06-02T11:30:00+00:00,1.1763400000000004,1.1769400000000003,1.1762900000000003,1.1766200000000002,2502
2026-06-02T12:00:00+00:00,1.1766200000000002,1.1770600000000002,1.1764000000000003,1.1769000000000003,3053
2026-06-02T12:30:00+00:00,1.1769000000000003,1.1772300000000002,1.1765800000000002,1.1767200000000002,3974
2026-06-02T13:00:00+00:00,1.1767200000000002,1.1769000000000003,1.1762200000000003,1.1762200000000003,4886
2026-06-02T13:30:00+00:00,1.1762200000000003,1.1764800000000002,1.1756200000000003,1.1759600000000003,4965
2026-06-02T14:00:00+00:00,1.1759600000000003,1.1760300000000004,1.1752800000000003,1.1756300000000002,5456
2026-06-02T14:30:00+00:00,1.1756300000000002,1.1766500000000002,1.1755900000000004,1.1760300000000004,4694
2026-06-02T15:00:00+00:00,1.1760300000000004,1.1761800000000002,1.1752100000000003,1.1753500000000003,6615
2026-06-02T15:30:00+00:00,1.1753500000000003,1.1758400000000002,1.1753000000000002,1.1757200000000003,5260
2026-06-02T16:00:00+00:00,1.1757200000000003,1.1757800000000003,1.1747000000000003,1.1747300000000003,3178
2026-06-02T16:30:00+00:00,1.1747300000000003,1.1748200000000002,1.1743500000000002,1.1745000000000003,2955
2026-06-02T17:00:00+00:00,1.1745000000000003,1.1746400000000004,1.1739800000000002,1.1741000000000004,2497
2026-06-02T17:30:00+00:00,1.1741000000000004,1.1741900000000003,1.1736800000000003,1.1738100000000002,2103
2026-06-02T18:00:00+00:00,1.1738100000000002,1.1739300000000004,1.1730100000000003,1.1737100000000003,2588
2026-06-02T18:30:00+00:00,1.1737100000000003,1.1746700000000003,1.1737100000000003,1.1745100000000004,2742
2026-06-02T19:00:00+00:00,1.1745100000000004,1.1749700000000003,1.1745100000000004,1.1748400000000003,2100
2026-06-02T19:30:00+00:00,1.1748400000000003,1.1749300000000003,1.1747400000000003,1.1749000000000003,1401
2026-06-02T20:00:00+00:00,1.1749000000000003,1.1751400000000003,1.1748100000000004,1.1748500000000002,924
2026-06-02T20:30:00+00:00,1.1748500000000002,1.1749000000000003,1.1746500000000002,1.1748300000000003,1333
2026-06-02T21:00:00+00:00,1.1748300000000003,1.1749300000000003,1.1743100000000002,1.1749000000000003,453.40482993824315
2026-06-02T21:30:00+00:00,1.1749000000000003,1.1750500000000001,1.1747100000000001,1.1747100000000001,367
2026-06-02T22:00:00+00:00,1.1747100000000001,1.1748600000000002,1.1745100000000002,1.1746900000000002,626
2026-06-02T22:30:00+00:00,1.1746900000000002,1.1747600000000002,1.1744700000000001,1.1745100000000002,737
2026-06-02T23:00:00+00:00,1.1745100000000002,1.1745900000000002,1.1740800000000002,1.17416,1511
2026-06-02T23:30:00+00:00,1.17416,1.1742100000000002,1.17382,1.1739700000000002,1685
2026-06-03T00:00:00+00:00,1.1739700000000002,1.1745800000000002,1.17389,1.1745700000000001,2280
2026-06-03T00:30:00+00:00,1.1745700000000001,1.1749300000000003,1.1745400000000001,1.1747500000000002,1820
2026-06-03T01:00:00+00:00,1.1747500000000002,1.1749500000000002,1.1744800000000002,1.1749100000000001,2280
2026-06-03T01:30:00+00:00,1.1749100000000001,1.17521,1.1746100000000002,1.1748100000000001,2246
2026-06-03T02:00:00+00:00,1.1748100000000001,1.1750500000000001,1.1746900000000002,1.1747100000000001,1276
2026-06-03T02:30:00+00:00,1.1747100000000001,1.1748200000000002,1.17433,1.17467,1817
2026-06-03T03:00:00+00:00,1.17467,1.1748100000000001,1.1745600000000003,1.1745700000000001,1377
2026-06-03T03:30:00+00:00,1.1745700000000001,1.1748000000000003,1.1744800000000002,1.1745900000000002,1038
2026-06-03T04:00:00+00:00,1.1745900000000002,1.1746600000000003,1.1743400000000002,1.1743400000000002,1000
2026-06-03T04:30:00+00:00,1.1743400000000002,1.1744500000000002,1.1742900000000003,1.1744100000000002,934
2026-06-03T05:00:00+00:00,1.1744100000000002,1.1745700000000001,1.1740300000000001,1.1740900000000003,1257
2026-06-03T05:30:00+00:00,1.1740900000000003,1.1742600000000003,1.17372,1.17372,1904
2026-06-03T06:00:00+00:00,1.17372,1.1740900000000003,1.1730900000000002,1.1734600000000002,4121
2026-06-03T06:30:00+00:00,1.1734600000000002,1.17372,1.1731700000000003,1.1734900000000001,4134
2026-06-03T07:00:00+00:00,1.1734900000000001,1.1739300000000001,1.1731700000000003,1.1732400000000003,3628
2026-06-03T07:30:00+00:00,1.1732400000000003,1.1742900000000003,1.1731400000000003,1.1734600000000002,5449
2026-06-03T08:00:00+00:00,1.1734600000000002,1.1735400000000002,1.1728200000000002,1.1730500000000001,3615
2026-06-03T08:30:00+00:00,1.1730500000000001,1.1734000000000002,1.1723600000000003,1.1726600000000003,4407
2026-06-03T09:00:00+00:00,1.1726600000000003,1.17345,1.1726400000000001,1.1730900000000002,3136
2026-06-03T09:30:00+00:00,1.1730900000000002,1.1734200000000001,1.1728200000000002,1.17321,3109
2026-06-03T10:00:00+00:00,1.17321,1.1741500000000002,1.1731300000000002,1.1734000000000002,5809
2026-06-03T10:30:00+00:00,1.1734000000000002,1.1736300000000002,1.1733000000000002,1.1734800000000003,2649
2026-06-03T11:00:00+00:00,1.1734800000000003,1.1738800000000003,1.1733900000000002,1.1738700000000002,2465
2026-06-03T11:30:00+00:00,1.1738700000000002,1.1741200000000003,1.1734900000000001,1.1736400000000002,2939
2026-06-03T12:00:00+00:00,1.1736400000000002,1.1737100000000003,1.1725400000000001,1.1725500000000002,4195
2026-06-03T12:30:00+00:00,1.1725500000000002,1.1725500000000002,1.1715100000000003,1.1719100000000002,5032
2026-06-03T13:00:00+00:00,1.1719100000000002,1.17233,1.1715900000000001,1.1722700000000001,4864
2026-06-03T13:30:00+00:00,1.1722700000000001,1.1724900000000003,1.1717300000000002,1.1721200000000003,6647
2026-06-03T14:00:00+00:00,1.1721200000000003,1.1727100000000001,1.1718000000000002,1.17223,7709
2026-06-03T14:30:00+00:00,1.17223,1.1730900000000002,1.1713300000000002,1.1730900000000002,8556
2026-06-03T15:00:00+00:00,1.1730900000000002,1.1731500000000001,1.1720900000000003,1.1726100000000002,7617
2026-06-03T15:30:00+00:00,1.1726100000000002,1.1728900000000002,1.1722600000000003,1.17233,4908
2026-06-03T16:00:00+00:00,1.17233,1.1723600000000003,1.1714200000000001,1.1718000000000002,4447
2026-06-03T16:30:00+00:00,1.1718000000000002,1.1720300000000001,1.1713700000000002,1.1718800000000003,3802
2026-06-03T17:00:00+00:00,1.1718800000000003,1.1722200000000003,1.1715600000000002,1.1715900000000001,2766
2026-06-03T17:30:00+00:00,1.1715900000000001,1.17182,1.1715400000000002,1.1716900000000001,1626
2026-06-03T18:00:00+00:00,1.1716900000000001,1.17179,1.1713600000000002,1.1716400000000002,1847
2026-06-03T18:30:00+00:00,1.1716400000000002,1.17185,1.1714000000000002,1.1717,2029.1873872670185
2026-06-03T19:00:00+00:00,1.1717,1.17197,1.17158,1.1716,2160
2026-06-03T19:30:00+00:00,1.1716,1.17179,1.1715900000000001,1.17167,2002
2026-06-03T20:00:00+00:00,1.17167,1.1719300000000001,1.17157,1.17182,1177
2026-06-03T20:30:00+00:00,1.17182,1.17189,1.1715900000000001,1.17161,1194
2026-06-03T21:00:00+00:00,1.17161,1.1716199999999999,1.1714,1.1715199999999997,415.03160561415234
2026-06-03T21:30:00+00:00,1.1715199999999997,1.1718899999999999,1.1715199999999997,1.1716899999999997,860.2435328498108
2026-06-03T22:00:00+00:00,1.1716899999999997,1.1718699999999997,1.1713799999999996,1.1715999999999998,907.0705472941851
2026-06-03T22:30:00+00:00,1.1715999999999998,1.1731599999999993,1.1715799999999996,1.1725099999999993,1770.576104449946
2026-06-03T23:00:00+00:00,1.1725099999999993,1.1727599999999994,1.1720699999999993,1.1724699999999995,1721
2026-06-03T23:30:00+00:00,1.1724699999999995,1.1730199999999993,1.1724099999999993,1.1728299999999994,1247
2026-06-04T00:00:00+00:00,1.1728299999999994,1.1731899999999993,1.1724799999999993,1.1728899999999993,3436
2026-06-04T00:30:00+00:00,1.1728899999999993,1.1731199999999993,1.1725099999999993,1.1725899999999994,2561
2026-06-04T01:00:00+00:00,1.1725899999999994,1.1727799999999995,1.1723199999999994,1.1727199999999993,2502
2026-06-04T01:30:00+00:00,1.1727199999999993,1.1729499999999995,1.1726499999999993,1.1728899999999993,2063
2026-06-04T02:00:00+00:00,1.1728899999999993,1.1729699999999994,1.1725599999999994,1.1727099999999995,2213
2026-06-04T02:30:00+00:00,1.1727099999999995,1.1730599999999993,1.1726999999999994,1.1729399999999994,1214
2026-06-04T03:00:00+00:00,1.1729399999999994,1.1729399999999994,1.1721899999999994,1.1722799999999993,1415
2026-06-04T03:30:00+00:00,1.1722799999999993,1.1725599999999994,1.1722099999999993,1.1725299999999994,1367
2026-06-04T04:00:00+00:00,1.1725299999999994,1.1725499999999993,1.1723299999999994,1.1725199999999993,1063
2026-06-04T04:30:00+00:00,1.1725199999999993,1.1732299999999993,1.1725199999999993,1.1729099999999995,2122
2026-06-04T05:00:00+00:00,1.1729099999999995,1.1729799999999995,1.1724899999999994,1.1725099999999993,1707
2026-06-04T05:30:00+00:00,1.1725099999999993,1.1729699999999994,1.1724599999999994,1.1729099999999995,2049
2026-06-04T06:00:00+00:00,1.1729099999999995,1.1732099999999994,1.1726499999999993,1.1729799999999995,3069
2026-06-04T06:30:00+00:00,1.1729799999999995,1.1734299999999993,1.1727199999999993,1.1730099999999994,3770
2026-06-04T07:00:00+00:00,1.1730099999999994,1.1732099999999994,1.1723099999999993,1.1725699999999994,3464
2026-06-04T07:30:00+00:00,1.1725699999999994,1.1726499999999993,1.1717799999999994,1.1723299999999994,3896
2026-06-04T08:00:00+00:00,1.1723299999999994,1.1730299999999994,1.1722899999999994,1.1729799999999995,4022
2026-06-04T08:30:00+00:00,1.1729799999999995,1.1733399999999994,1.1726199999999993,1.1732499999999995,3782
2026-06-04T09:00:00+00:00,1.1732499999999995,1.1741899999999994,1.1732399999999994,1.1739999999999995,4448
2026-06-04T09:30:00+00:00,1.1739999999999995,1.1747799999999995,1.1738599999999995,1.1745099999999993,3968
2026-06-04T10:00:00+00:00,1.1745099999999993,1.1749999999999994,1.1744499999999993,1.1748199999999993,3429
2026-06-04T10:30:00+00:00,1.1748199999999993,1.1753499999999995,1.1747099999999995,1.1749799999999995,3710
2026-06-04T11:00:00+00:00,1.1749799999999995,1.1762699999999995,1.1749699999999994,1.1759999999999995,4929
2026-06-04T11:30:00+00:00,1.1759999999999995,1.1764799999999993,1.1756299999999993,1.1761099999999993,5453
2026-06-04T12:00:00+00:00,1.1761099999999993,1.1764599999999994,1.1753699999999994,1.1757499999999994,5809
2026-06-04T12:30:00+00:00,1.1757499999999994,1.1762799999999993,1.1756199999999994,1.1756199999999994,4735
2026-06-04T13:00:00+00:00,1.1756199999999994,1.1759299999999995,1.1753299999999993,1.1755899999999995,6726
2026-06-04T13:30:00+00:00,1.1755899999999995,1.1759099999999993,1.1754099999999994,1.1755399999999994,8264
2026-06-04T14:00:00+00:00,1.1755399999999994,1.1759199999999994,1.1750699999999994,1.1750999999999994,4487
2026-06-04T14:30:00+00:00,1.1750999999999994,1.1752599999999993,1.1748399999999994,1.1749899999999993,4068
2026-06-04T15:00:00+00:00,1.1749899999999993,1.1750899999999993,1.1741699999999995,1.1742899999999994,4478
2026-06-04T15:30:00+00:00,1.1742899999999994,1.1749299999999994,1.1741799999999993,1.1747599999999994,3313
2026-06-04T16:00:00+00:00,1.1747599999999994,1.1749099999999995,1.1745699999999994,1.1747499999999993,2098
2026-06-04T16:30:00+00:00,1.1747499999999993,1.1748299999999994,1.1742499999999993,1.1742699999999995,3408
2026-06-04T17:00:00+00:00,1.1742699999999995,1.1743299999999994,1.1739299999999995,1.1739599999999994,1798
2026-06-04T17:30:00+00:00,1.1739599999999994,1.1741399999999993,1.1738799999999994,1.1739999999999995,1783
2026-06-04T18:00:00+00:00,1.1739999999999995,1.1741899999999994,1.1735899999999995,1.1735899999999995,1216
2026-06-04T18:30:00+00:00,1.1735899999999995,1.1737399999999993,1.1732699999999994,1.1734299999999993,1858
2026-06-04T19:00:00+00:00,1.1734299999999993,1.1735499999999994,1.1730699999999994,1.1731699999999994,1967
2026-06-04T19:30:00+00:00,1.1731699999999994,1.1732499999999995,1.1729899999999993,1.1731799999999994,1590
2026-06-04T20:00:00+00:00,1.1731799999999994,1.1732899999999993,1.1727999999999994,1.1728599999999993,1105
2026-06-04T20:30:00+00:00,1.1728599999999993,1.1731399999999994,1.1727299999999994,1.1729599999999993,927
2026-06-04T21:00:00+00:00,1.1729599999999993,1.1732999999999993,1.1727499999999993,1.1732399999999994,549
2026-06-04T21:30:00+00:00,1.1732399999999994,1.1734299999999993,1.1729299999999994,1.1730699999999992,580.3322188117759
2026-06-04T22:00:00+00:00,1.1730699999999992,1.1732399999999992,1.1730699999999992,1.1731799999999992,401
2026-06-04T22:30:00+00:00,1.1731799999999992,1.1731999999999994,1.1729799999999992,1.1730999999999994,327.42614601018676
2026-06-04T23:00:00+00:00,1.1730999999999994,1.1732499999999992,1.1730899999999993,1.1731899999999993,436.24871940808197
2026-06-04T23:30:00+00:00,1.1731899999999993,1.1732299999999993,1.1730699999999992,1.1731099999999992,592
2026-06-05T00:00:00+00:00,1.1731099999999992,1.1732899999999993,1.1729799999999992,1.1731799999999992,2666
2026-06-05T00:30:00+00:00,1.1731799999999992,1.1732399999999992,1.1729699999999992,1.1731599999999993,1874
2026-06-05T01:00:00+00:00,1.1731599999999993,1.1732899999999993,1.1728599999999993,1.1730499999999993,2934
2026-06-05T01:30:00+00:00,1.1730499999999993,1.1733799999999992,1.1729999999999994,1.1732399999999992,2161
2026-06-05T02:00:00+00:00,1.1732399999999992,1.1735399999999994,1.1731299999999993,1.1734799999999992,1720
2026-06-05T02:30:00+00:00,1.1734799999999992,1.1734899999999993,1.1732299999999993,1.1732899999999993,1602
2026-06-05T03:00:00+00:00,1.1732899999999993,1.1734499999999992,1.1732399999999992,1.1733399999999994,1725
2026-06-05T03:30:00+00:00,1.1733399999999994,1.1733999999999993,1.1732399999999992,1.1733599999999993,1167
2026-06-05T04:00:00+00:00,1.1733599999999993,1.1735299999999993,1.1732599999999993,1.1732599999999993,1504
2026-06-05T04:30:00+00:00,1.1732599999999993,1.1735799999999992,1.1732599999999993,1.1734799999999992,1457
2026-06-05T05:00:00+00:00,1.1734799999999992,1.1735299999999993,1.1733799999999992,1.1734799999999992,1318
2026-06-05T05:30:00+00:00,1.1734799999999992,1.1738099999999994,1.1734199999999992,1.1734399999999994,1489
2026-06-05T06:00:00+00:00,1.1734399999999994,1.1736899999999992,1.1731799999999992,1.1736699999999993,2838
2026-06-05T06:30:00+00:00,1.1736699999999993,1.1741599999999992,1.1736299999999993,1.1741099999999993,3018
2026-06-05T07:00:00+00:00,1.1741099999999993,1.1748999999999994,1.1740499999999994,1.1748999999999994,3158
2026-06-05T07:30:00+00:00,1.1748999999999994,1.1755999999999993,1.1748199999999993,1.1750899999999993,3372
2026-06-05T08:00:00+00:00,1.1750899999999993,1.1758799999999994,1.1750699999999992,1.1756799999999992,3862
2026-06-05T08:30:00+00:00,1.1756799999999992,1.1758599999999992,1.1755299999999993,1.1755499999999992,2749
2026-06-05T09:00:00+00:00,1.1755499999999992,1.1763199999999994,1.1753499999999992,1.1758299999999993,4351
2026-06-05T09:30:00+00:00,1.1758299999999993,1.1759299999999993,1.1756199999999992,1.1757499999999992,2181
2026-06-05T10:00:00+00:00,1.1757499999999992,1.1761299999999992,1.1757299999999993,1.1760899999999992,2081
2026-06-05T10:30:00+00:00,1.1760899999999992,1.1763199999999994,1.1757599999999993,1.1758999999999993,2307
2026-06-05T11:00:00+00:00,1.1758999999999993,1.1759399999999993,1.1754199999999992,1.1757899999999992,2591
2026-06-05T11:30:00+00:00,1.1757899999999992,1.1760799999999993,1.1753299999999993,1.1760399999999993,3344
2026-06-05T12:00:00+00:00,1.1760399999999993,1.1761799999999993,1.1752799999999992,1.1752999999999993,3847
2026-06-05T12:30:00+00:00,1.1752999999999993,1.1753099999999992,1.1705099999999993,1.1705399999999992,15088
2026-06-05T13:00:00+00:00,1.1705399999999992,1.1718399999999993,1.1702699999999993,1.1703499999999993,14669
2026-06-05T13:30:00+00:00,1.1703499999999993,1.1705599999999994,1.1690599999999993,1.1690699999999994,11124
2026-06-05T14:00:00+00:00,1.1690699999999994,1.1699399999999993,1.1672699999999994,1.1674699999999993,11374
2026-06-05T14:30:00+00:00,1.1674699999999993,1.1680599999999992,1.1668199999999993,1.1677799999999994,8747
2026-06-05T15:00:00+00:00,1.1677799999999994,1.1678899999999992,1.1662699999999993,1.1665399999999992,8468
2026-06-05T15:30:00+00:00,1.1665399999999992,1.1666899999999993,1.1650299999999993,1.1651399999999992,5709
2026-06-05T16:00:00+00:00,1.1651399999999992,1.1651399999999992,1.1641999999999992,1.1645699999999992,6150
2026-06-05T16:30:00+00:00,1.1645699999999992,1.1651899999999993,1.1641399999999993,1.1650999999999994,4404
2026-06-05T17:00:00+00:00,1.1650999999999994,1.1651799999999992,1.1644799999999993,1.1645999999999992,4207
2026-06-05T17:30:00+00:00,1.1645999999999992,1.1646399999999992,1.1638099999999993,1.1643099999999993,4139
2026-06-05T18:00:00+00:00,1.1643099999999993,1.1644799999999993,1.1638299999999993,1.1641299999999992,4975
2026-06-05T18:30:00+00:00,1.1641299999999992,1.1647899999999993,1.1639699999999993,1.1641899999999992,4646
2026-06-05T19:00:00+00:00,1.1641899999999992,1.1642399999999993,1.1637199999999992,1.1640799999999993,3627
2026-06-05T19:30:00+00:00,1.1640799999999993,1.1646299999999994,1.1639399999999993,1.1644199999999993,3569
2026-06-05T20:00:00+00:00,1.1644199999999993,1.1644299999999992,1.1636899999999992,1.1642399999999993,1938
2026-06-05T20:30:00+00:00,1.1642399999999993,1.1644799999999993,1.1636999999999993,1.1639399999999993,2227.4762995191204
2026-06-07T21:00:00+00:00,1.1639399999999993,1.1643299999999996,1.1639299999999995,1.1642499999999996,326.98799110783244
2026-06-07T21:30:00+00:00,1.1642499999999996,1.1645699999999999,1.1640799999999998,1.1644299999999999,336.13700842556557
2026-06-07T22:00:00+00:00,1.1644299999999999,1.1653799999999999,1.16437,1.16485,2645
2026-06-07T22:30:00+00:00,1.16485,1.16515,1.1645299999999998,1.16481,2192
2026-06-07T23:00:00+00:00,1.16481,1.1655299999999997,1.16481,1.16532,1936
2026-06-07T23:30:00+00:00,1.16532,1.1657699999999998,1.1652699999999998,1.16569,1680
2026-06-08T00:00:00+00:00,1.16569,1.1659699999999997,1.1655699999999998,1.16576,2371
2026-06-08T00:30:00+00:00,1.16576,1.16685,1.1657399999999998,1.1668299999999998,3302
2026-06-08T01:00:00+00:00,1.1668299999999998,1.1669699999999998,1.1652799999999999,1.1654499999999999,6755
2026-06-08T01:30:00+00:00,1.1654499999999999,1.1662,1.1646599999999998,1.1661299999999999,7440
2026-06-08T02:00:00+00:00,1.1661299999999999,1.1664999999999999,1.1655399999999998,1.1664099999999997,4356
2026-06-08T02:30:00+00:00,1.1664099999999997,1.1666599999999998,1.1660799999999998,1.1663499999999998,3197
2026-06-08T03:00:00+00:00,1.1663499999999998,1.1664099999999997,1.1661,1.16624,2077
2026-06-08T03:30:00+00:00,1.16624,1.1667399999999999,1.1662199999999998,1.1667299999999998,1431
2026-06-08T04:00:00+00:00,1.1667299999999998,1.1668299999999998,1.1664799999999997,1.1668299999999998,1309
2026-06-08T04:30:00+00:00,1.1668299999999998,1.1668899999999998,1.1664999999999999,1.1666299999999998,1985
2026-06-08T05:00:00+00:00,1.1666299999999998,1.1674799999999999,1.1666299999999998,1.16695,2618
2026-06-08T05:30:00+00:00,1.16695,1.16698,1.1652699999999998,1.16542,4588
2026-06-08T06:00:00+00:00,1.16542,1.1659799999999998,1.1650999999999998,1.1658499999999998,5344
2026-06-08T06:30:00+00:00,1.1658499999999998,1.1658499999999998,1.16485,1.16502,5224
2026-06-08T07:00:00+00:00,1.16502,1.1661799999999998,1.1649199999999997,1.1658399999999998,6699
2026-06-08T07:30:00+00:00,1.1658399999999998,1.1661499999999998,1.1651399999999998,1.16515,4970
2026-06-08T08:00:00+00:00,1.16515,1.16583,1.1649199999999997,1.1654699999999998,5603
2026-06-08T08:30:00+00:00,1.1654699999999998,1.16559,1.1642799999999998,1.1643199999999998,6229
2026-06-08T09:00:00+00:00,1.1643199999999998,1.16461,1.1636799999999998,1.1637099999999998,4679
2026-06-08T09:30:00+00:00,1.1637099999999998,1.16495,1.1634699999999998,1.1647399999999999,7449
2026-06-08T10:00:00+00:00,1.1647399999999999,1.1655099999999998,1.16451,1.16525,4841
2026-06-08T10:30:00+00:00,1.16525,1.16671,1.1650599999999998,1.1659399999999998,6867
2026-06-08T11:00:00+00:00,1.1659399999999998,1.1677099999999998,1.16583,1.16756,8761
2026-06-08T11:30:00+00:00,1.16756,1.1678799999999998,1.1668399999999999,1.1671599999999998,5103
2026-06-08T12:00:00+00:00,1.1671599999999998,1.1678499999999998,1.16715,1.1674099999999998,6537
2026-06-08T12:30:00+00:00,1.1674099999999998,1.16786,1.1670099999999999,1.1676999999999997,4439
2026-06-08T13:00:00+00:00,1.1676999999999997,1.1689599999999998,1.1676299999999997,1.16844,6971
2026-06-08T13:30:00+00:00,1.16844,1.1687499999999997,1.1676399999999998,1.1676399999999998,7444
2026-06-08T14:00:00+00:00,1.1676399999999998,1.1679499999999998,1.1666699999999999,1.16715,6566
2026-06-08T14:30:00+00:00,1.16715,1.1677699999999998,1.1667599999999998,1.1677699999999998,7302
2026-06-08T15:00:00+00:00,1.1677699999999998,1.1682799999999998,1.1674399999999998,1.16746,6220
2026-06-08T15:30:00+00:00,1.16746,1.1682,1.16715,1.1679199999999998,4574
2026-06-08T16:00:00+00:00,1.1679199999999998,1.1681099999999998,1.1675999999999997,1.1676099999999998,3384
2026-06-08T16:30:00+00:00,1.1676099999999998,1.16786,1.16739,1.16739,3179
2026-06-08T17:00:00+00:00,1.16739,1.16766,1.1673099999999998,1.1674499999999999,3444
2026-06-08T17:30:00+00:00,1.1674499999999999,1.1675699999999998,1.1670599999999998,1.16729,2853
2026-06-08T18:00:00+00:00,1.16729,1.1676999999999997,1.16729,1.16756,2890
2026-06-08T18:30:00+00:00,1.16756,1.1676799999999998,1.1662599999999999,1.1663299999999999,3396
2026-06-08T19:00:00+00:00,1.1663299999999999,1.1668599999999998,1.1663099999999997,1.1666999999999998,2783
2026-06-08T19:30:00+00:00,1.1666999999999998,1.1669299999999998,1.1664199999999998,1.1665699999999999,3382
2026-06-08T20:00:00+00:00,1.1665699999999999,1.1668699999999999,1.1665299999999998,1.1667599999999998,1345
2026-06-08T20:30:00+00:00,1.1667599999999998,1.1668899999999998,1.1665899999999998,1.1668399999999999,1015
2026-06-08T21:00:00+00:00,1.1668399999999999,1.1675499999999999,1.1665999999999999,1.1668599999999998,398.7457833814654
2026-06-08T21:30:00+00:00,1.1668599999999998,1.1672299999999998,1.1668599999999998,1.1671899999999997,909
2026-06-08T22:00:00+00:00,1.1671899999999997,1.1671899999999997,1.16681,1.1668299999999998,753
2026-06-08T22:30:00+00:00,1.1668299999999998,1.1669199999999997,1.1667699999999999,1.1668699999999999,516
2026-06-08T23:00:00+00:00,1.1668699999999999,1.1669299999999998,1.1666199999999998,1.1666299999999998,788
2026-06-08T23:30:00+00:00,1.1666299999999998,1.16664,1.1663099999999997,1.1663399999999997,1038
2026-06-09T00:00:00+00:00,1.1663399999999997,1.16654,1.1662199999999998,1.1664099999999997,3525
2026-06-09T00:30:00+00:00,1.1664099999999997,1.1666799999999997,1.1662899999999998,1.1666499999999997,2580
2026-06-09T01:00:00+00:00,1.1666499999999997,1.1671999999999998,1.1665599999999998,1.16708,3289
2026-06-09T01:30:00+00:00,1.16708,1.1674799999999999,1.1670299999999998,1.1674799999999999,2280
2026-06-09T02:00:00+00:00,1.1674799999999999,1.1675599999999997,1.1671799999999999,1.16742,2100
2026-06-09T02:30:00+00:00,1.16742,1.16749,1.16725,1.1672799999999999,2075
2026-06-09T03:00:00+00:00,1.1672799999999999,1.16752,1.1670099999999999,1.1671899999999997,2064
2026-06-09T03:30:00+00:00,1.1671899999999997,1.1673499999999999,1.1670199999999997,1.1673299999999998,1644
2026-06-09T04:00:00+00:00,1.1673299999999998,1.1677199999999999,1.1672199999999997,1.1677099999999998,1411
2026-06-09T04:30:00+00:00,1.1677099999999998,1.1683499999999998,1.16759,1.1680799999999998,1736
2026-06-09T05:00:00+00:00,1.1680799999999998,1.16813,1.1674799999999999,1.1677099999999998,2407
2026-06-09T05:30:00+00:00,1.1677099999999998,1.1682799999999998,1.1676799999999998,1.1679999999999997,3502
2026-06-09T06:00:00+00:00,1.1679999999999997,1.1688699999999999,1.1678699999999997,1.1685099999999997,3704
2026-06-09T06:30:00+00:00,1.1685099999999997,1.1685099999999997,1.1678999999999997,1.1679199999999998,4363
2026-06-09T07:00:00+00:00,1.1679199999999998,1.1682099999999997,1.1672599999999997,1.1675099999999998,4797
2026-06-09T07:30:00+00:00,1.1675099999999998,1.1679099999999998,1.1673599999999997,1.1674499999999999,3738
2026-06-09T08:00:00+00:00,1.1674499999999999,1.1680799999999998,1.1671599999999998,1.1679799999999998,4715
2026-06-09T08:30:00+00:00,1.1679799999999998,1.1687899999999998,1.1679399999999998,1.1685899999999998,3100
2026-06-09T09:00:00+00:00,1.1685899999999998,1.16949,1.1685499999999998,1.1691199999999997,3046
2026-06-09T09:30:00+00:00,1.1691199999999997,1.1699099999999998,1.1690699999999998,1.1696699999999998,3148
2026-06-09T10:00:00+00:00,1.1696699999999998,1.1701499999999998,1.1695299999999997,1.1700499999999998,3399
2026-06-09T10:30:00+00:00,1.1700499999999998,1.1704999999999999,1.1699999999999997,1.1700599999999999,2234
2026-06-09T11:00:00+00:00,1.1700599999999999,1.1707899999999998,1.1700599999999999,1.1707599999999998,2054
2026-06-09T11:30:00+00:00,1.1707599999999998,1.1709499999999997,1.1702199999999998,1.1707899999999998,2801
2026-06-09T12:00:00+00:00,1.1707899999999998,1.1710199999999997,1.1704399999999997,1.1704599999999998,3797
2026-06-09T12:30:00+00:00,1.1704599999999998,1.1710199999999997,1.1704499999999998,1.1708899999999998,2877
2026-06-09T13:00:00+00:00,1.1708899999999998,1.1713299999999998,1.1706499999999997,1.17074,4410
2026-06-09T13:30:00+00:00,1.17074,1.1711699999999998,1.1698899999999999,1.1701599999999999,7307
2026-06-09T14:00:00+00:00,1.1701599999999999,1.1708599999999998,1.1693399999999998,1.1698299999999997,8936
2026-06-09T14:30:00+00:00,1.1698299999999997,1.1704599999999998,1.16959,1.16976,9508
2026-06-09T15:00:00+00:00,1.16976,1.1702499999999998,1.1692899999999997,1.1693599999999997,7307
2026-06-09T15:30:00+00:00,1.1693599999999997,1.1695299999999997,1.1681,1.1690399999999999,7873
2026-06-09T16:00:00+00:00,1.1690399999999999,1.1692599999999997,1.1676099999999998,1.16813,8359
2026-06-09T16:30:00+00:00,1.16813,1.16827,1.16637,1.1676199999999999,14019
2026-06-09T17:00:00+00:00,1.1676199999999999,1.1688299999999998,1.16752,1.1686099999999997,7836
2026-06-09T17:30:00+00:00,1.1686099999999997,1.1687899999999998,1.1681499999999998,1.1683299999999999,5416
2026-06-09T18:00:00+00:00,1.1683299999999999,1.1688299999999998,1.1681499999999998,1.1686799999999997,4656
2026-06-09T18:30:00+00:00,1.1686799999999997,1.1688299999999998,1.1683399999999997,1.1685099999999997,3359
2026-06-09T19:00:00+00:00,1.1685099999999997,1.1685699999999999,1.1677299999999997,1.1678199999999999,3459
2026-06-09T19:30:00+00:00,1.1678199999999999,1.1679099999999998,1.16749,1.1676799999999998,4229
2026-06-09T20:00:00+00:00,1.1676799999999998,1.1680799999999998,1.16759,1.1678499999999998,1606
2026-06-09T20:30:00+00:00,1.1678499999999998,1.1679699999999997,1.1677999999999997,1.1678099999999998,794
2026-06-09T21:00:00+00:00,1.1678099999999998,1.1678099999999998,1.1673999999999998,1.1674299999999997,341.0951188009207
2026-06-09T21:30:00+00:00,1.1674299999999997,1.1674499999999999,1.1670199999999997,1.1672299999999998,506
2026-06-09T22:00:00+00:00,1.1672299999999998,1.1675599999999997,1.1671299999999998,1.1675499999999999,908
2026-06-09T22:30:00+00:00,1.1675499999999999,1.1675699999999998,1.1671399999999998,1.1671799999999999,825
2026-06-09T23:00:00+00:00,1.1671799999999999,1.16742,1.1669999999999998,1.1670199999999997,840
2026-06-09T23:30:00+00:00,1.1670199999999997,1.1672399999999998,1.1668399999999999,1.1670399999999999,1707
2026-06-10T00:00:00+00:00,1.1670399999999999,1.1677199999999999,1.1668899999999998,1.1676599999999997,3950
2026-06-10T00:30:00+00:00,1.1676599999999997,1.1678699999999997,1.1668499999999997,1.1677399999999998,4730
2026-06-10T01:00:00+00:00,1.1677399999999998,1.1678099999999998,1.1673299999999998,1.1674699999999998,3876
2026-06-10T01:30:00+00:00,1.1674699999999998,1.1675699999999998,1.1670599999999998,1.1672899999999997,3946
2026-06-10T02:00:00+00:00,1.1672899999999997,1.1678199999999999,1.1672199999999997,1.1678199999999999,2584
2026-06-10T02:30:00+00:00,1.1678199999999999,1.16803,1.1676999999999997,1.1677699999999998,2577
2026-06-10T03:00:00+00:00,1.1677699999999998,1.1685199999999998,1.16776,1.1681899999999998,2809
2026-06-10T03:30:00+00:00,1.1681899999999998,1.16874,1.16803,1.1685499999999998,2346
2026-06-10T04:00:00+00:00,1.1685499999999998,1.1685799999999997,1.1682099999999997,1.1683899999999998,2108
2026-06-10T04:30:00+00:00,1.1683899999999998,1.1683999999999999,1.1679799999999998,1.1681699999999997,2270
2026-06-10T05:00:00+00:00,1.1681699999999997,1.1684999999999999,1.1680599999999999,1.1684799999999997,2697
2026-06-10T05:30:00+00:00,1.1684799999999997,1.16908,1.1684499999999998,1.1689499999999997,2793
2026-06-10T06:00:00+00:00,1.1689499999999997,1.16935,1.1687899999999998,1.1690899999999997,3970
2026-06-10T06:30:00+00:00,1.1690899999999997,1.1691799999999999,1.1683499999999998,1.1684099999999997,3858
2026-06-10T07:00:00+00:00,1.1684099999999997,1.1693899999999997,1.1681899999999998,1.1688899999999998,4540
2026-06-10T07:30:00+00:00,1.1688899999999998,1.1690499999999997,1.1686999999999999,1.16891,3624
2026-06-10T08:00:00+00:00,1.16891,1.1689499999999997,1.1683399999999997,1.1688399999999999,5124
2026-06-10T08:30:00+00:00,1.1688399999999999,1.1688899999999998,1.1683599999999998,1.1688899999999998,4357
2026-06-10T09:00:00+00:00,1.1688899999999998,1.1692099999999999,1.1685899999999998,1.1687899999999998,4118
2026-06-10T09:30:00+00:00,1.1687899999999998,1.1694999999999998,1.1687799999999997,1.16932,4133
2026-06-10T10:00:00+00:00,1.16932,1.1694499999999999,1.1689999999999998,1.1691199999999997,2944
2026-06-10T10:30:00+00:00,1.1691199999999997,1.1692399999999998,1.1685599999999998,1.16874,3500
2026-06-10T11:00:00+00:00,1.16874,1.1687799999999997,1.1671299999999998,1.1678499999999998,11053
2026-06-10T11:30:00+00:00,1.1678499999999998,1.1679999999999997,1.1670699999999998,1.1671899999999997,5226
2026-06-10T12:00:00+00:00,1.1671899999999997,1.1682,1.1671299999999998,1.16813,5139
2026-06-10T12:30:00+00:00,1.16813,1.1699999999999997,1.1677799999999998,1.16837,10004
2026-06-10T13:00:00+00:00,1.16837,1.16949,1.16827,1.1692399999999998,5748
2026-06-10T13:30:00+00:00,1.1692399999999998,1.1708399999999999,1.1691699999999998,1.1697699999999998,8965
2026-06-10T14:00:00+00:00,1.1697699999999998,1.1702399999999997,1.1690699999999998,1.1692299999999998,9614
2026-06-10T14:30:00+00:00,1.1692299999999998,1.1694799999999999,1.1685299999999998,1.16874,8281
2026-06-10T15:00:00+00:00,1.16874,1.1691899999999997,1.1682299999999999,1.1689899999999998,7699
2026-06-10T15:30:00+00:00,1.1689899999999998,1.1692099999999999,1.1669499999999997,1.1684599999999998,11706
2026-06-10T16:00:00+00:00,1.1684599999999998,1.1694299999999997,1.16837,1.1692399999999998,6218
2026-06-10T16:30:00+00:00,1.1692399999999998,1.1694799999999999,1.16874,1.16891,4330
2026-06-10T17:00:00+00:00,1.16891,1.1691999999999998,1.1683799999999998,1.1684899999999998,4468
2026-06-10T17:30:00+00:00,1.1684899999999998,1.1688499999999997,1.1679899999999999,1.1687799999999997,5013
2026-06-10T18:00:00+00:00,1.1687799999999997,1.1692899999999997,1.1685599999999998,1.1686099999999997,4679
2026-06-10T18:30:00+00:00,1.1686099999999997,1.16874,1.1683399999999997,1.1683499999999998,3877
2026-06-10T19:00:00+00:00,1.1683499999999998,1.1684099999999997,1.1677899999999999,1.1678899999999999,3149
2026-06-10T19:30:00+00:00,1.1678899999999999,1.1682499999999998,1.1676299999999997,1.1676699999999998,3663
2026-06-10T20:00:00+00:00,1.1676699999999998,1.1676799999999998,1.1672199999999997,1.1674399999999998,1675
2026-06-10T20:30:00+00:00,1.1674399999999998,1.16752,1.1670099999999999,1.1670699999999998,1542
2026-06-10T21:00:00+00:00,1.1670699999999998,1.16749,1.16691,1.1671299999999996,324.25779925149675
2026-06-10T21:30:00+00:00,1.1671299999999996,1.1673799999999996,1.1669599999999996,1.1670399999999996,322.1434053906226
2026-06-10T22:00:00+00:00,1.1670399999999996,1.1670999999999996,1.1663899999999996,1.1666299999999996,1657
2026-06-10T22:30:00+00:00,1.1666299999999996,1.1672299999999998,1.1665099999999997,1.1665399999999997,2472
2026-06-10T23:00:00+00:00,1.1665399999999997,1.1671999999999998,1.1661099999999998,1.1671199999999997,4382.614852398524
2026-06-10T23:30:00+00:00,1.1671199999999997,1.1673299999999998,1.1667699999999999,1.1670799999999997,2365
2026-06-11T00:00:00+00:00,1.1670799999999997,1.1678199999999999,1.1670799999999997,1.1676699999999998,4880
2026-06-11T00:30:00+00:00,1.1676699999999998,1.1678499999999998,1.1674399999999998,1.1677899999999999,3203
2026-06-11T01:00:00+00:00,1.1677899999999999,1.1691199999999997,1.1677099999999998,1.1690299999999998,4360
2026-06-11T01:30:00+00:00,1.1690299999999998,1.1691499999999997,1.1688099999999997,1.1689499999999997,2659
2026-06-11T02:00:00+00:00,1.1689499999999997,1.1689699999999998,1.1682599999999999,1.1683399999999997,3207
2026-06-11T02:30:00+00:00,1.1683399999999997,1.1684399999999997,1.1681599999999999,1.1683499999999998,2919
2026-06-11T03:00:00+00:00,1.1683499999999998,1.1684599999999998,1.1679899999999999,1.1682699999999997,2207
2026-06-11T03:30:00+00:00,1.1682699999999997,1.1683299999999999,1.1680499999999998,1.1680899999999999,2009
2026-06-11T04:00:00+00:00,1.1680899999999999,1.1682899999999998,1.1677999999999997,1.1682199999999998,2174
2026-06-11T04:30:00+00:00,1.1682199999999998,1.1685899999999998,1.1681599999999999,1.1683799999999998,2251
2026-06-11T05:00:00+00:00,1.1683799999999998,1.1686799999999997,1.1682199999999998,1.1685599999999998,2566
2026-06-11T05:30:00+00:00,1.1685599999999998,1.1686899999999998,1.1680999999999997,1.1682799999999998,2712
2026-06-11T06:00:00+00:00,1.1682799999999998,1.1683,1.1677799999999998,1.1678799999999998,2843
2026-06-11T06:30:00+00:00,1.1678799999999998,1.1682399999999997,1.1675899999999997,1.1677099999999998,2493
2026-06-11T07:00:00+00:00,1.1677099999999998,1.1690999999999998,1.1676799999999998,1.1688799999999997,3763
2026-06-11T07:30:00+00:00,1.1688799999999997,1.1689799999999997,1.1679699999999997,1.1680499999999998,3376
2026-06-11T08:00:00+00:00,1.1680499999999998,1.1680899999999999,1.1673999999999998,1.1674399999999998,3750
2026-06-11T08:30:00+00:00,1.1674399999999998,1.1675799999999998,1.1666099999999997,1.1667699999999999,3431
2026-06-11T09:00:00+00:00,1.1667699999999999,1.1672499999999997,1.1665399999999997,1.1667999999999998,2626
2026-06-11T09:30:00+00:00,1.1667999999999998,1.1672799999999999,1.1665899999999998,1.1669499999999997,2919
2026-06-11T10:00:00+00:00,1.1669499999999997,1.1669999999999998,1.1658699999999997,1.1660799999999998,3582
2026-06-11T10:30:00+00:00,1.1660799999999998,1.1667299999999998,1.1660299999999997,1.1666799999999997,2639
2026-06-11T11:00:00+00:00,1.1666799999999997,1.1674999999999998,1.1666799999999997,1.1673099999999998,3236
2026-06-11T11:30:00+00:00,1.1673099999999998,1.1677199999999999,1.1670999999999998,1.1673799999999999,3057
2026-06-11T12:00:00+00:00,1.1673799999999999,1.1675899999999997,1.1651699999999998,1.1661699999999997,7544
2026-06-11T12:30:00+00:00,1.1661699999999997,1.1679099999999998,1.16552,1.1675299999999997,9909
2026-06-11T13:00:00+00:00,1.1675299999999997,1.1676099999999998,1.1653099999999998,1.1665799999999997,7572
2026-06-11T13:30:00+00:00,1.1665799999999997,1.16752,1.1662099999999997,1.1665099999999997,9075
2026-06-11T14:00:00+00:00,1.1665099999999997,1.1665999999999999,1.1656099999999998,1.1657099999999998,6446
2026-06-11T14:30:00+00:00,1.1657099999999998,1.1657699999999998,1.1650199999999997,1.1654899999999997,5171
2026-06-11T15:00:00+00:00,1.1654899999999997,1.1659899999999999,1.1649599999999998,1.1657599999999997,6720
2026-06-11T15:30:00+00:00,1.1657599999999997,1.1658599999999997,1.1649499999999997,1.1649999999999998,5515
2026-06-11T16:00:00+00:00,1.1649999999999998,1.1651699999999998,1.1642599999999999,1.1644899999999998,3983
2026-06-11T16:30:00+00:00,1.1644899999999998,1.1647799999999997,1.1643399999999997,1.1644599999999998,3559
2026-06-11T17:00:00+00:00,1.1644599999999998,1.1659499999999998,1.1638299999999997,1.1658199999999999,6434
2026-06-11T17:30:00+00:00,1.1658199999999999,1.1701799999999998,1.1658199999999999,1.1686599999999998,19931
2026-06-11T18:00:00+00:00,1.1686599999999998,1.1695899999999997,1.1676699999999998,1.1691099999999999,10021
2026-06-11T18:30:00+00:00,1.1691099999999999,1.1702099999999998,1.1683499999999998,1.1693399999999998,5375
2026-06-11T19:00:00+00:00,1.1693399999999998,1.1716899999999997,1.1693299999999998,1.1716299999999997,6830
2026-06-11T19:30:00+00:00,1.1716299999999997,1.1725199999999998,1.1712799999999999,1.1714399999999998,6376
2026-06-11T20:00:00+00:00,1.1714399999999998,1.1718999999999997,1.1713399999999998,1.1715999999999998,2487
2026-06-11T20:30:00+00:00,1.1715999999999998,1.1717199999999999,1.1711899999999997,1.1714099999999998,2066
2026-06-11T21:00:00+00:00,1.1714099999999998,1.1715799999999998,1.1710499999999997,1.17129,388.7312381124924
2026-06-11T21:30:00+00:00,1.17129,1.17149,1.1711399999999998,1.1711999999999998,437
2026-06-11T22:00:00+00:00,1.1711999999999998,1.1717399999999998,1.1708699999999999,1.1710599999999998,1312
2026-06-11T22:30:00+00:00,1.1710599999999998,1.1720599999999999,1.17088,1.1720499999999998,1520
2026-06-11T23:00:00+00:00,1.1720499999999998,1.1722199999999998,1.1712599999999997,1.1713399999999998,1870
2026-06-11T23:30:00+00:00,1.1713399999999998,1.1713699999999998,1.1709999999999998,1.17112,1766
2026-06-12T00:00:00+00:00,1.17112,1.1712299999999998,1.1704499999999998,1.1705899999999998,4617
2026-06-12T00:30:00+00:00,1.1705899999999998,1.17074,1.1701799999999998,1.1705299999999998,3626
2026-06-12T01:00:00+00:00,1.1705299999999998,1.1705699999999999,1.1697199999999999,1.1697699999999998,3646
2026-06-12T01:30:00+00:00,1.1697699999999998,1.1702,1.16976,1.1698899999999999,3291
2026-06-12T02:00:00+00:00,1.1698899999999999,1.1705999999999999,1.16983,1.1700399999999997,2546
2026-06-12T02:30:00+00:00,1.1700399999999997,1.1702899999999998,1.16993,1.1702299999999999,1942
2026-06-12T03:00:00+00:00,1.1702299999999999,1.17068,1.17007,1.1705999999999999,2517
2026-06-12T03:30:00+00:00,1.1705999999999999,1.1710899999999997,1.1705699999999999,1.1707599999999998,3057
2026-06-12T04:00:00+00:00,1.1707599999999998,1.1708199999999997,1.1704299999999999,1.1707299999999998,1975
2026-06-12T04:30:00+00:00,1.1707299999999998,1.1710699999999998,1.17061,1.17071,1880
2026-06-12T05:00:00+00:00,1.17071,1.1709399999999999,1.1699899999999999,1.1700799999999998,3199
2026-06-12T05:30:00+00:00,1.1700799999999998,1.1702199999999998,1.16929,1.16932,3557
2026-06-12T06:00:00+00:00,1.16932,1.1703899999999998,1.1693099999999998,1.1703099999999997,4014
2026-06-12T06:30:00+00:00,1.1703099999999997,1.1709899999999998,1.17007,1.1708599999999998,4811
2026-06-12T07:00:00+00:00,1.1708599999999998,1.1709199999999997,1.1696099999999998,1.1696099999999998,4847
2026-06-12T07:30:00+00:00,1.1696099999999998,1.1703,1.1692699999999998,1.1702099999999998,6392
2026-06-12T08:00:00+00:00,1.1702099999999998,1.1721199999999998,1.1701,1.1711799999999999,9251
2026-06-12T08:30:00+00:00,1.1711799999999999,1.1719,1.1710899999999997,1.1712399999999998,5457
2026-06-12T09:00:00+00:00,1.1712399999999998,1.17251,1.1709199999999997,1.17237,6084
2026-06-12T09:30:00+00:00,1.17237,1.1724599999999998,1.1715999999999998,1.17197,4306
2026-06-12T10:00:00+00:00,1.17197,1.1721199999999998,1.1704499999999998,1.1709899999999998,5662
2026-06-12T10:30:00+00:00,1.1709899999999998,1.17152,1.1707599999999998,1.1709599999999998,4155
2026-06-12T11:00:00+00:00,1.1709599999999998,1.17135,1.1707299999999998,1.1710299999999998,4089
2026-06-12T11:30:00+00:00,1.1710299999999998,1.1714999999999998,1.1706199999999998,1.1706999999999999,3715
2026-06-12T12:00:00+00:00,1.1706999999999999,1.17081,1.1696999999999997,1.1697099999999998,5050
2026-06-12T12:30:00+00:00,1.1697099999999998,1.1701,1.1695699999999998,1.1699099999999998,4921
2026-06-12T13:00:00+00:00,1.1699099999999998,1.1712099999999999,1.1697399999999998,1.1711699999999998,5630
2026-06-12T13:30:00+00:00,1.1711699999999998,1.1714699999999998,1.16993,1.1704999999999999,10035
2026-06-12T14:00:00+00:00,1.1704999999999999,1.1713099999999999,1.1701799999999998,1.1704999999999999,7603
2026-06-12T14:30:00+00:00,1.1704999999999999,1.1714699999999998,1.1703899999999998,1.1708899999999998,11177
2026-06-12T15:00:00+00:00,1.1708899999999998,1.1719,1.1707199999999998,1.1718099999999998,7557
2026-06-12T15:30:00+00:00,1.1718099999999998,1.1719199999999999,1.1708599999999998,1.1708599999999998,6825
2026-06-12T16:00:00+00:00,1.1708599999999998,1.1713399999999998,1.1704999999999999,1.17081,7438
2026-06-12T16:30:00+00:00,1.17081,1.17112,1.17074,1.17102,4164
2026-06-12T17:00:00+00:00,1.17102,1.17132,1.17074,1.17112,3242
2026-06-12T17:30:00+00:00,1.17112,1.1712099999999999,1.1709199999999997,1.17102,2510
2026-06-12T18:00:00+00:00,1.17102,1.1711699999999998,1.1707999999999998,1.1710999999999998,3032
2026-06-12T18:30:00+00:00,1.1710999999999998,1.17142,1.1709899999999998,1.1710399999999999,2115
2026-06-12T19:00:00+00:00,1.1710399999999999,1.1713299999999998,1.1708899999999998,1.1710399999999999,2264
2026-06-12T19:30:00+00:00,1.1710399999999999,1.1710699999999998,1.1704299999999999,1.17071,3164
2026-06-12T20:00:00+00:00,1.17071,1.17074,1.1703599999999998,1.1703799999999998,1582
2026-06-12T20:30:00+00:00,1.1703799999999998,1.1704899999999998,1.1700499999999998,1.1702199999999998,1769.32592970811
2026-06-14T21:00:00+00:00,1.1702199999999998,1.1725499999999995,1.1702199999999998,1.1725499999999995,740.4665529823733
2026-06-14T21:30:00+00:00,1.1725499999999995,1.1738099999999996,1.1722299999999997,1.1737199999999997,801.0642160659888
2026-06-14T22:00:00+00:00,1.1737199999999997,1.1749999999999996,1.1732799999999997,1.1741099999999995,4518
2026-06-14T22:30:00+00:00,1.1741099999999995,1.1744099999999995,1.1736299999999995,1.1741099999999995,3369
2026-06-14T23:00:00+00:00,1.1741099999999995,1.1741899999999996,1.1736199999999997,1.1736599999999997,2163
2026-06-14T23:30:00+00:00,1.1736599999999997,1.1741699999999995,1.1734699999999996,1.1735399999999996,2460
2026-06-15T00:00:00+00:00,1.1735399999999996,1.1744299999999996,1.1735299999999995,1.1739799999999996,4903
2026-06-15T00:30:00+00:00,1.1739799999999996,1.1740099999999996,1.1730499999999997,1.1731399999999996,2926
2026-06-15T01:00:00+00:00,1.1731399999999996,1.1731899999999995,1.1726699999999997,1.1730699999999996,2927
2026-06-15T01:30:00+00:00,1.1730699999999996,1.1734199999999997,1.1728399999999997,1.1730599999999995,2106
2026-06-15T02:00:00+00:00,1.1730599999999995,1.1731899999999995,1.1726899999999996,1.1730499999999997,2020
2026-06-15T02:30:00+00:00,1.1730499999999997,1.1733999999999996,1.1730199999999995,1.1732099999999996,1407
2026-06-15T03:00:00+00:00,1.1732099999999996,1.1734499999999997,1.1730999999999996,1.1734399999999996,1570
2026-06-15T03:30:00+00:00,1.1734399999999996,1.1737799999999996,1.1733799999999996,1.1736799999999996,1627
2026-06-15T04:00:00+00:00,1.1736799999999996,1.1741499999999996,1.1735699999999996,1.1741399999999995,1503
2026-06-15T04:30:00+00:00,1.1741399999999995,1.1745899999999996,1.1741199999999996,1.1745099999999995,1277
2026-06-15T05:00:00+00:00,1.1745099999999995,1.1754599999999995,1.1745099999999995,1.1750899999999995,2153
2026-06-15T05:30:00+00:00,1.1750899999999995,1.1752199999999995,1.1746299999999996,1.1749399999999997,2046
2026-06-15T06:00:00+00:00,1.1749399999999997,1.1750499999999995,1.1739199999999996,1.1740399999999995,3712
2026-06-15T06:30:00+00:00,1.1740399999999995,1.1741099999999995,1.1733199999999997,1.1738899999999997,4110
2026-06-15T07:00:00+00:00,1.1738899999999997,1.1743099999999995,1.1733999999999996,1.1741099999999995,5222
2026-06-15T07:30:00+00:00,1.1741099999999995,1.1741899999999996,1.1736399999999996,1.1738699999999995,4066
2026-06-15T08:00:00+00:00,1.1738699999999995,1.1742699999999997,1.1736799999999996,1.1740199999999996,3939
2026-06-15T08:30:00+00:00,1.1740199999999996,1.1742799999999995,1.1729599999999996,1.1733899999999995,3884
2026-06-15T09:00:00+00:00,1.1733899999999995,1.1743299999999997,1.1733199999999997,1.1737899999999997,3517
2026-06-15T09:30:00+00:00,1.1737899999999997,1.1742899999999996,1.1737599999999997,1.1739399999999995,2873
2026-06-15T10:00:00+00:00,1.1739399999999995,1.1743999999999997,1.1735799999999996,1.1742899999999996,2952
2026-06-15T10:30:00+00:00,1.1742899999999996,1.1746999999999996,1.1742499999999996,1.1743099999999995,2751
2026-06-15T11:00:00+00:00,1.1743099999999995,1.1746699999999997,1.1739299999999997,1.1739599999999997,3340
2026-06-15T11:30:00+00:00,1.1739599999999997,1.1746499999999995,1.1738199999999996,1.1741499999999996,4107
2026-06-15T12:00:00+00:00,1.1741499999999996,1.1744699999999997,1.1736799999999996,1.1742099999999995,4421
2026-06-15T12:30:00+00:00,1.1742099999999995,1.1752199999999995,1.1740899999999996,1.1747999999999996,4050
2026-06-15T13:00:00+00:00,1.1747999999999996,1.1750499999999995,1.1744599999999996,1.1749199999999995,5497
2026-06-15T13:30:00+00:00,1.1749199999999995,1.1753099999999996,1.1745599999999996,1.1749399999999997,6281
2026-06-15T14:00:00+00:00,1.1749399999999997,1.1751199999999995,1.1741399999999995,1.1744899999999996,5520
2026-06-15T14:30:00+00:00,1.1744899999999996,1.1745899999999996,1.1738199999999996,1.1740299999999997,6592
2026-06-15T15:00:00+00:00,1.1740299999999997,1.1740299999999997,1.1733999999999996,1.1735799999999996,4236
2026-06-15T15:30:00+00:00,1.1735799999999996,1.1736099999999996,1.1729099999999997,1.1730999999999996,2989
2026-06-15T16:00:00+00:00,1.1730999999999996,1.1737399999999996,1.1729899999999995,1.1737399999999996,2694
2026-06-15T16:30:00+00:00,1.1737399999999996,1.1737699999999995,1.1730699999999996,1.1735999999999995,2870
2026-06-15T17:00:00+00:00,1.1735999999999995,1.1736599999999997,1.1731299999999996,1.1733099999999996,2295
2026-06-15T17:30:00+00:00,1.1733099999999996,1.1733399999999996,1.1730599999999995,1.1731899999999995,1835
2026-06-15T18:00:00+00:00,1.1731899999999995,1.1735599999999995,1.1730199999999995,1.1730299999999996,2375
2026-06-15T18:30:00+00:00,1.1730299999999996,1.1731199999999995,1.1726499999999995,1.1727299999999996,2837
2026-06-15T19:00:00+00:00,1.1727299999999996,1.1728799999999997,1.1722699999999997,1.1724199999999996,2658
2026-06-15T19:30:00+00:00,1.1724199999999996,1.1726799999999995,1.1716999999999995,1.1717799999999996,2973
2026-06-15T20:00:00+00:00,1.1717799999999996,1.1721699999999995,1.1716199999999997,1.1721699999999995,1328
2026-06-15T20:30:00+00:00,1.1721699999999995,1.1722599999999996,1.1719699999999995,1.1722499999999996,1166
2026-06-15T21:00:00+00:00,1.1722499999999996,1.1722599999999996,1.1715299999999997,1.1715399999999998,597.6634911116294
2026-06-15T21:30:00+00:00,1.1715399999999998,1.1722699999999997,1.1715299999999997,1.1718599999999997,1040.100129477773
2026-06-15T22:00:00+00:00,1.1718599999999997,1.1720399999999995,1.1714999999999995,1.1716299999999997,752
2026-06-15T22:30:00+00:00,1.1716299999999997,1.1719099999999996,1.1715799999999996,1.1718099999999996,575
2026-06-15T23:00:00+00:00,1.1718099999999996,1.1721399999999997,1.1717999999999997,1.1720799999999996,550
2026-06-15T23:30:00+00:00,1.1720799999999996,1.1723199999999996,1.1720199999999996,1.1720799999999996,755
2026-06-16T00:00:00+00:00,1.1720799999999996,1.1721599999999996,1.1717399999999996,1.1718199999999996,1976
2026-06-16T00:30:00+00:00,1.1718199999999996,1.1723099999999995,1.1717999999999997,1.1722499999999996,2193
2026-06-16T01:00:00+00:00,1.1722499999999996,1.1724699999999997,1.1718999999999997,1.1720599999999997,2972
2026-06-16T01:30:00+00:00,1.1720599999999997,1.1721999999999997,1.1716499999999996,1.1717299999999997,2177
2026-06-16T02:00:00+00:00,1.1717299999999997,1.1717499999999996,1.1712299999999995,1.1715799999999996,1766
2026-06-16T02:30:00+00:00,1.1715799999999996,1.1718899999999997,1.1715699999999996,1.1717299999999997,1614
2026-06-16T03:00:00+00:00,1.1717299999999997,1.1717999999999997,1.1713499999999997,1.1715099999999996,2051
2026-06-16T03:30:00+00:00,1.1715099999999996,1.1718199999999996,1.1715099999999996,1.1715899999999997,1529
2026-06-16T04:00:00+00:00,1.1715899999999997,1.1716399999999996,1.1705299999999996,1.1707799999999997,2161
2026-06-16T04:30:00+00:00,1.1707799999999997,1.1710099999999997,1.1705999999999996,1.1708399999999997,1950
2026-06-16T05:00:00+00:00,1.1708399999999997,1.1710399999999996,1.1706599999999996,1.1708899999999995,1596
2026-06-16T05:30:00+00:00,1.1708899999999995,1.1710199999999997,1.1704799999999995,1.1704899999999996,2047
2026-06-16T06:00:00+00:00,1.1704899999999996,1.1708399999999997,1.1704299999999996,1.1708099999999997,2540
2026-06-16T06:30:00+00:00,1.1708099999999997,1.1717099999999996,1.1707299999999996,1.1716799999999996,4063
2026-06-16T07:00:00+00:00,1.1716799999999996,1.1720999999999997,1.1714499999999997,1.1720599999999997,4020
2026-06-16T07:30:00+00:00,1.1720599999999997,1.1725099999999997,1.1718899999999997,1.1725099999999997,3114
2026-06-16T08:00:00+00:00,1.1725099999999997,1.1731499999999997,1.1722699999999997,1.1731099999999997,3575
2026-06-16T08:30:00+00:00,1.1731099999999997,1.1736099999999996,1.1728599999999996,1.1735299999999995,2713
2026-06-16T09:00:00+00:00,1.1735299999999995,1.1738799999999996,1.1729999999999996,1.1731199999999997,3349
2026-06-16T09:30:00+00:00,1.1731199999999997,1.1732899999999997,1.1729299999999996,1.1730499999999997,2717
2026-06-16T10:00:00+00:00,1.1730499999999997,1.1742499999999996,1.1729999999999996,1.1738699999999995,3109
2026-06-16T10:30:00+00:00,1.1738699999999995,1.1742099999999995,1.1737199999999997,1.1741399999999995,2679
2026-06-16T11:00:00+00:00,1.1741399999999995,1.1741399999999995,1.1732899999999997,1.1733699999999996,2620
2026-06-16T11:30:00+00:00,1.1733699999999996,1.1736199999999997,1.1726699999999997,1.1728599999999996,3172
2026-06-16T12:00:00+00:00,1.1728599999999996,1.1728899999999995,1.1720899999999996,1.1724599999999996,3645
2026-06-16T12:30:00+00:00,1.1724599999999996,1.1731399999999996,1.1724099999999997,1.1729099999999997,4156
2026-06-16T13:00:00+00:00,1.1729099999999997,1.1732099999999996,1.1724699999999997,1.1727299999999996,4355
2026-06-16T13:30:00+00:00,1.1727299999999996,1.1733099999999996,1.1720699999999997,1.1722199999999996,5439
2026-06-16T14:00:00+00:00,1.1722199999999996,1.1726699999999997,1.1717499999999996,1.1720099999999996,5637
2026-06-16T14:30:00+00:00,1.1720099999999996,1.1737999999999997,1.1717499999999996,1.1736499999999996,6513
2026-06-16T15:00:00+00:00,1.1736499999999996,1.1737599999999997,1.1729299999999996,1.1731699999999996,4566
2026-06-16T15:30:00+00:00,1.1731699999999996,1.1748199999999995,1.1730799999999997,1.1743599999999996,6021
2026-06-16T16:00:00+00:00,1.1743599999999996,1.1749299999999996,1.1742199999999996,1.1746399999999997,4770
2026-06-16T16:30:00+00:00,1.1746399999999997,1.1747199999999995,1.1741199999999996,1.1742799999999995,3049
2026-06-16T17:00:00+00:00,1.1742799999999995,1.1743399999999997,1.1740299999999997,1.1741399999999995,2305
2026-06-16T17:30:00+00:00,1.1741399999999995,1.1742599999999996,1.1740299999999997,1.1740899999999996,1943
2026-06-16T18:00:00+00:00,1.1740899999999996,1.1743699999999997,1.1739099999999996,1.1739799999999996,2346
2026-06-16T18:30:00+00:00,1.1739799999999996,1.1740799999999996,1.1735899999999997,1.1740099999999996,1990
2026-06-16T19:00:00+00:00,1.1740099999999996,1.1743399999999997,1.1739899999999996,1.1740999999999997,2416
2026-06-16T19:30:00+00:00,1.1740999999999997,1.1741299999999997,1.1735299999999995,1.1737699999999995,2612
2026-06-16T20:00:00+00:00,1.1737699999999995,1.1739199999999996,1.1736199999999997,1.1738899999999997,1030
2026-06-16T20:30:00+00:00,1.1738899999999997,1.1739099999999996,1.1735999999999995,1.1737899999999997,1233
2026-06-16T21:00:00+00:00,1.1737899999999997,1.1739999999999995,1.1734199999999997,1.1739399999999995,2018.7914764079148
2026-06-16T21:30:00+00:00,1.1739399999999995,1.1740499999999996,1.1735999999999995,1.1736299999999995,621
2026-06-16T22:00:00+00:00,1.1736299999999995,1.1740199999999996,1.1736299999999995,1.1739999999999995,683
2026-06-16T22:30:00+00:00,1.1739999999999995,1.1742199999999996,1.1739899999999996,1.1741499999999996,496
2026-06-16T23:00:00+00:00,1.1741499999999996,1.1743799999999995,1.1740899999999996,1.1743399999999995,911
2026-06-16T23:30:00+00:00,1.1743399999999995,1.1743999999999997,1.1738099999999996,1.1738799999999996,1610
2026-06-17T00:00:00+00:00,1.1738799999999996,1.1745799999999995,1.1737699999999995,1.1744599999999996,2189
2026-06-17T00:30:00+00:00,1.1744599999999996,1.1745099999999995,1.1741499999999996,1.1743699999999997,1655
2026-06-17T01:00:00+00:00,1.1743699999999997,1.1745199999999996,1.1741199999999996,1.1741199999999996,1596
2026-06-17T01:30:00+00:00,1.1741199999999996,1.1743199999999996,1.1739399999999995,1.1741499999999996,1288
2026-06-17T02:00:00+00:00,1.1741499999999996,1.1744199999999996,1.1740999999999995,1.1742799999999995,1124
2026-06-17T02:30:00+00:00,1.1742799999999995,1.1743199999999996,1.1738299999999995,1.1738299999999995,967
2026-06-17T03:00:00+00:00,1.1738299999999995,1.1740299999999997,1.1737499999999996,1.1739799999999996,1015
2026-06-17T03:30:00+00:00,1.1739799999999996,1.1741399999999995,1.1739299999999997,1.1739499999999996,1000
2026-06-17T04:00:00+00:00,1.1739499999999996,1.1742599999999996,1.1739099999999996,1.1740599999999997,991
2026-06-17T04:30:00+00:00,1.1740599999999997,1.1742199999999996,1.1739699999999995,1.1741499999999996,1010
2026-06-17T05:00:00+00:00,1.1741499999999996,1.1743499999999996,1.1740299999999997,1.1741399999999995,1133
2026-06-17T05:30:00+00:00,1.1741399999999995,1.1744099999999995,1.1739599999999997,1.1741199999999996,1537
2026-06-17T06:00:00+00:00,1.1741199999999996,1.1743899999999996,1.1734899999999995,1.1735199999999997,3005
2026-06-17T06:30:00+00:00,1.1735199999999997,1.1737999999999995,1.1732899999999995,1.1737099999999996,3015
2026-06-17T07:00:00+00:00,1.1737099999999996,1.1743999999999997,1.1735899999999997,1.1736099999999996,3294
2026-06-17T07:30:00+00:00,1.1736099999999996,1.1738199999999996,1.1733599999999995,1.1737499999999996,2803
2026-06-17T08:00:00+00:00,1.1737499999999996,1.1737599999999997,1.1727199999999995,1.1731299999999996,3190
2026-06-17T08:30:00+00:00,1.1731299999999996,1.1732399999999996,1.1729199999999995,1.1730899999999995,2728
2026-06-17T09:00:00+00:00,1.1730899999999995,1.1735099999999996,1.1729999999999996,1.1733799999999996,2141
2026-06-17T09:30:00+00:00,1.1733799999999996,1.1734899999999995,1.1730499999999995,1.1733099999999996,2131
2026-06-17T10:00:00+00:00,1.1733099999999996,1.1733799999999996,1.1724999999999997,1.1725299999999996,2631
2026-06-17T10:30:00+00:00,1.1725299999999996,1.1729899999999995,1.1724699999999997,1.1726199999999996,2458
2026-06-17T11:00:00+00:00,1.1726199999999996,1.1726399999999997,1.1718599999999997,1.1718999999999995,2437
2026-06-17T11:30:00+00:00,1.1718999999999995,1.1720699999999995,1.1714499999999997,1.1720699999999995,3032
2026-06-17T12:00:00+00:00,1.1720699999999995,1.1727299999999996,1.1719799999999996,1.1725299999999996,3279
2026-06-17T12:30:00+00:00,1.1725299999999996,1.1731899999999995,1.1721699999999995,1.1731299999999996,2906
2026-06-17T13:00:00+00:00,1.1731299999999996,1.1731999999999996,1.1726999999999996,1.1727399999999997,3107
2026-06-17T13:30:00+00:00,1.1727399999999997,1.1730599999999995,1.1724699999999997,1.1725999999999996,5368
2026-06-17T14:00:00+00:00,1.1725999999999996,1.1727599999999996,1.1719399999999995,1.1721699999999995,4975
2026-06-17T14:30:00+00:00,1.1721699999999995,1.1724799999999995,1.1709999999999996,1.1718499999999996,7900
2026-06-17T15:00:00+00:00,1.1718499999999996,1.1723099999999995,1.1716099999999996,1.1721799999999996,5201
2026-06-17T15:30:00+00:00,1.1721799999999996,1.1723099999999995,1.1718299999999995,1.1721599999999996,3057
2026-06-17T16:00:00+00:00,1.1721599999999996,1.1722399999999995,1.1718299999999995,1.1720999999999997,2733
2026-06-17T16:30:00+00:00,1.1720999999999997,1.1722099999999995,1.1717999999999995,1.1720899999999996,2188
2026-06-17T17:00:00+00:00,1.1720899999999996,1.1721099999999995,1.1716699999999995,1.1719799999999996,2613
2026-06-17T17:30:00+00:00,1.1719799999999996,1.1725399999999997,1.1719499999999996,1.1723999999999997,2548
2026-06-17T18:00:00+00:00,1.1723999999999997,1.1723999999999997,1.1670699999999996,1.1677899999999997,22897
2026-06-17T18:30:00+00:00,1.1677899999999997,1.1695599999999995,1.1664499999999995,1.1667799999999995,27783
2026-06-17T19:00:00+00:00,1.1667799999999995,1.1671099999999996,1.1624699999999997,1.1624899999999996,25311
2026-06-17T19:30:00+00:00,1.1624899999999996,1.1626599999999996,1.1606999999999996,1.1623299999999996,19128
2026-06-17T20:00:00+00:00,1.1623299999999996,1.1628999999999996,1.1616099999999996,1.1628899999999995,4020
2026-06-17T20:30:00+00:00,1.1628899999999995,1.1634599999999995,1.1627899999999995,1.1630199999999995,2667
2026-06-17T21:00:00+00:00,1.1630199999999995,1.1630599999999995,1.1627699999999994,1.1629999999999996,449.7953713180164
2026-06-17T21:30:00+00:00,1.1629999999999996,1.1630599999999995,1.1627199999999995,1.1630199999999995,371
2026-06-17T22:00:00+00:00,1.1630199999999995,1.1632299999999995,1.1627999999999994,1.1629699999999994,1373
2026-06-17T22:30:00+00:00,1.1629699999999994,1.1633199999999995,1.1629399999999994,1.1632099999999994,1065
2026-06-17T23:00:00+00:00,1.1632099999999994,1.1635999999999995,1.1631999999999993,1.1633899999999995,908.4848064381852
2026-06-17T23:30:00+00:00,1.1633899999999995,1.1635099999999994,1.1631199999999995,1.1634399999999994,1669
2026-06-18T00:00:00+00:00,1.1634399999999994,1.1648199999999995,1.1634199999999995,1.1637999999999995,5546
2026-06-18T00:30:00+00:00,1.1637999999999995,1.1644199999999993,1.1636699999999995,1.1642999999999994,4195
2026-06-18T01:00:00+00:00,1.1642999999999994,1.1649399999999994,1.1642799999999995,1.1648699999999994,3233
2026-06-18T01:30:00+00:00,1.1648699999999994,1.1649899999999995,1.1643499999999993,1.1644099999999995,2707
2026-06-18T02:00:00+00:00,1.1644099999999995,1.1645799999999995,1.1640599999999994,1.1643899999999994,2034
2026-06-18T02:30:00+00:00,1.1643899999999994,1.1648399999999994,1.1642899999999994,1.1645399999999995,1731
2026-06-18T03:00:00+00:00,1.1645399999999995,1.1650899999999995,1.1645299999999994,1.1650199999999995,1678
2026-06-18T03:30:00+00:00,1.1650199999999995,1.1651899999999995,1.1648399999999994,1.1650999999999994,1313
2026-06-18T04:00:00+00:00,1.1650999999999994,1.1653999999999993,1.1648199999999995,1.1650199999999995,2119
2026-06-18T04:30:00+00:00,1.1650199999999995,1.1652699999999994,1.1649199999999995,1.1650599999999993,2109
2026-06-18T05:00:00+00:00,1.1650599999999993,1.1652399999999994,1.1645299999999994,1.1645499999999995,2138
2026-06-18T05:30:00+00:00,1.1645499999999995,1.1646199999999993,1.1637799999999994,1.1638199999999994,2429
2026-06-18T06:00:00+00:00,1.1638199999999994,1.1654699999999993,1.1637999999999995,1.1654599999999995,4895
2026-06-18T06:30:00+00:00,1.1654599999999995,1.1655799999999994,1.1646299999999994,1.1647099999999995,5056
2026-06-18T07:00:00+00:00,1.1647099999999995,1.1650599999999993,1.1635599999999995,1.1638099999999993,5405
2026-06-18T07:30:00+00:00,1.1638099999999993,1.1648399999999994,1.1633999999999993,1.1640399999999995,5437
2026-06-18T08:00:00+00:00,1.1640399999999995,1.1641599999999994,1.1628499999999995,1.1629999999999994,6500
2026-06-18T08:30:00+00:00,1.1629999999999994,1.1630899999999995,1.1609599999999993,1.1610199999999995,6365
2026-06-18T09:00:00+00:00,1.1610199999999995,1.1613399999999994,1.1602099999999995,1.1603699999999995,8041
2026-06-18T09:30:00+00:00,1.1603699999999995,1.1610999999999994,1.1602199999999994,1.1604199999999993,4642
2026-06-18T10:00:00+00:00,1.1604199999999993,1.1604899999999994,1.1589599999999993,1.1598999999999995,6861
2026-06-18T10:30:00+00:00,1.1598999999999995,1.1600199999999994,1.1587099999999995,1.1588399999999994,5575
2026-06-18T11:00:00+00:00,1.1588399999999994,1.1594399999999994,1.1581799999999993,1.1589899999999995,6794
2026-06-18T11:30:00+00:00,1.1589899999999995,1.1593099999999994,1.1582999999999994,1.1584799999999995,5821
2026-06-18T12:00:00+00:00,1.1584799999999995,1.1608999999999994,1.1580799999999993,1.1598799999999994,7932
2026-06-18T12:30:00+00:00,1.1598799999999994,1.1600799999999993,1.1591299999999993,1.1596899999999994,7398
2026-06-18T13:00:00+00:00,1.1596899999999994,1.1599399999999995,1.1590399999999994,1.1598899999999994,8779
2026-06-18T13:30:00+00:00,1.1598899999999994,1.1611599999999995,1.1598299999999995,1.1599699999999995,9144
2026-06-18T14:00:00+00:00,1.1599699999999995,1.1604899999999994,1.1595299999999995,1.1602099999999995,7733
2026-06-18T14:30:00+00:00,1.1602099999999995,1.1615099999999994,1.1597199999999994,1.1613899999999995,7331
2026-06-18T15:00:00+00:00,1.1613899999999995,1.1615099999999994,1.1603299999999994,1.1605299999999994,7659
2026-06-18T15:30:00+00:00,1.1605299999999994,1.1605899999999993,1.1596599999999995,1.1596799999999994,6536
2026-06-18T16:00:00+00:00,1.1596799999999994,1.1599799999999993,1.1590799999999994,1.1597699999999995,6043
2026-06-18T16:30:00+00:00,1.1597699999999995,1.1598099999999993,1.1588999999999994,1.1592799999999994,4568
2026-06-18T17:00:00+00:00,1.1592799999999994,1.1601099999999995,1.1590699999999994,1.1599099999999993,3696
2026-06-18T17:30:00+00:00,1.1599099999999993,1.1599099999999993,1.1589899999999995,1.1589999999999994,2989
2026-06-18T18:00:00+00:00,1.1589999999999994,1.1593199999999995,1.1587899999999993,1.1590599999999995,3194
2026-06-18T18:30:00+00:00,1.1590599999999995,1.1592799999999994,1.1586499999999995,1.1587099999999995,3112
2026-06-18T19:00:00+00:00,1.1587099999999995,1.1587699999999994,1.1578799999999994,1.1579799999999993,4876
2026-06-18T19:30:00+00:00,1.1579799999999993,1.1590399999999994,1.1579599999999994,1.1585299999999994,6180
2026-06-18T20:00:00+00:00,1.1585299999999994,1.1590699999999994,1.1583199999999994,1.1589699999999994,1979
2026-06-18T20:30:00+00:00,1.1589699999999994,1.1590099999999994,1.1584299999999994,1.1585399999999995,1382
2026-06-18T21:00:00+00:00,1.1585399999999995,1.1593799999999994,1.1583699999999995,1.1585999999999994,340
2026-06-18T21:30:00+00:00,1.1585999999999994,1.1589999999999994,1.1585699999999994,1.1588199999999995,869
2026-06-18T22:00:00+00:00,1.1588199999999995,1.1590399999999994,1.1586199999999993,1.1587599999999993,1203
2026-06-18T22:30:00+00:00,1.1587599999999993,1.1590899999999995,1.1587499999999995,1.1590599999999995,718
2026-06-18T23:00:00+00:00,1.1590599999999995,1.1590799999999994,1.1587599999999993,1.1588099999999995,1013
2026-06-18T23:30:00+00:00,1.1588099999999995,1.1588599999999993,1.1584499999999995,1.1585699999999994,961
2026-06-19T00:00:00+00:00,1.1585699999999994,1.1592099999999994,1.1585699999999994,1.1588299999999994,2846
2026-06-19T00:30:00+00:00,1.1588299999999994,1.1593199999999995,1.1588199999999995,1.1589399999999994,2590
2026-06-19T01:00:00+00:00,1.1589399999999994,1.1590899999999995,1.1586899999999993,1.1588799999999995,2336
2026-06-19T01:30:00+00:00,1.1588799999999995,1.1588799999999995,1.1580199999999994,1.1580699999999995,2037
2026-06-19T02:00:00+00:00,1.1580699999999995,1.1585199999999993,1.1579299999999995,1.1584699999999994,1814
2026-06-19T02:30:00+00:00,1.1584699999999994,1.1585399999999995,1.1581599999999994,1.1581999999999995,1479
2026-06-19T03:00:00+00:00,1.1581999999999995,1.1582299999999994,1.1571099999999994,1.1571499999999995,2543
2026-06-19T03:30:00+00:00,1.1571499999999995,1.1573999999999993,1.1569399999999994,1.1569999999999994,2325
2026-06-19T04:00:00+00:00,1.1569999999999994,1.1570499999999995,1.1565399999999995,1.1567099999999995,2373
2026-06-19T04:30:00+00:00,1.1567099999999995,1.1570999999999994,1.1554799999999994,1.1556199999999994,2858
2026-06-19T05:00:00+00:00,1.1556199999999994,1.1556599999999995,1.1545399999999995,1.1550099999999994,4828
2026-06-19T05:30:00+00:00,1.1550099999999994,1.1561299999999994,1.1546199999999995,1.1558299999999995,4505
2026-06-19T06:00:00+00:00,1.1558299999999995,1.1566599999999994,1.1557699999999995,1.1564499999999995,4790
2026-06-19T06:30:00+00:00,1.1564499999999995,1.1569799999999995,1.1556499999999994,1.1569599999999993,3677
2026-06-19T07:00:00+00:00,1.1569599999999993,1.1576799999999994,1.1569299999999993,1.1573499999999994,4551
2026-06-19T07:30:00+00:00,1.1573499999999994,1.1576399999999993,1.1571299999999993,1.1573999999999993,3846
2026-06-19T08:00:00+00:00,1.1573999999999993,1.1587799999999995,1.1573899999999995,1.1585499999999995,4549
2026-06-19T08:30:00+00:00,1.1585499999999995,1.1593399999999994,1.1584799999999995,1.1591899999999995,3429
2026-06-19T09:00:00+00:00,1.1591899999999995,1.1591899999999995,1.1585999999999994,1.1587999999999994,3615
2026-06-19T09:30:00+00:00,1.1587999999999994,1.1592199999999995,1.1586699999999994,1.1586999999999994,2909
2026-06-19T10:00:00+00:00,1.1586999999999994,1.1589599999999993,1.1579999999999995,1.1583999999999994,3063
2026-06-19T10:30:00+00:00,1.1583999999999994,1.1590999999999994,1.1582599999999994,1.1589999999999994,3411
2026-06-19T11:00:00+00:00,1.1589999999999994,1.1595499999999994,1.1588799999999995,1.1590599999999995,2949
2026-06-19T11:30:00+00:00,1.1590599999999995,1.1593199999999995,1.1586599999999994,1.1588699999999994,2463
2026-06-19T12:00:00+00:00,1.1588699999999994,1.1595699999999993,1.1588699999999994,1.1591699999999994,3317
2026-06-19T12:30:00+00:00,1.1591699999999994,1.1602399999999995,1.1589699999999994,1.1598499999999994,5573
2026-06-19T13:00:00+00:00,1.1598499999999994,1.1600099999999993,1.1587699999999994,1.1591799999999994,4512
2026-06-19T13:30:00+00:00,1.1591799999999994,1.1593799999999994,1.1584299999999994,1.1590599999999995,4210
2026-06-19T14:00:00+00:00,1.1590599999999995,1.1592499999999994,1.1585499999999995,1.1589199999999995,3883
2026-06-19T14:30:00+00:00,1.1589199999999995,1.1597699999999995,1.1589199999999995,1.1596099999999994,5142
2026-06-19T15:00:00+00:00,1.1596099999999994,1.1603699999999995,1.1595799999999994,1.1596699999999995,4117
2026-06-19T15:30:00+00:00,1.1596699999999995,1.1596699999999995,1.1590099999999994,1.1592399999999994,1871
2026-06-19T16:00:00+00:00,1.1592399999999994,1.1596699999999995,1.1589499999999995,1.1596199999999994,1643
2026-06-19T16:30:00+00:00,1.1596199999999994,1.1596899999999994,1.1591699999999994,1.1596499999999994,1439
2026-06-19T17:00:00+00:00,1.1596499999999994,1.1599599999999994,1.1595399999999993,1.1597599999999995,2252
2026-06-19T17:30:00+00:00,1.1597599999999995,1.1603899999999994,1.1596799999999994,1.1602399999999995,1732
2026-06-19T18:00:00+00:00,1.1602399999999995,1.1605399999999995,1.1601399999999995,1.1604799999999995,1099.8875450334535
2026-06-19T18:30:00+00:00,1.1604799999999995,1.1608299999999994,1.1602599999999994,1.1604199999999993,2290
2026-06-19T19:00:00+00:00,1.1604199999999993,1.1606199999999993,1.1603899999999994,1.1605199999999996,1164.7163964029687
2026-06-19T19:30:00+00:00,1.1605199999999996,1.1605499999999995,1.1602499999999996,1.1603099999999995,751.2392799618065
2026-06-19T20:00:00+00:00,1.1603099999999995,1.1604899999999996,1.1598199999999996,1.1600399999999995,1736
2026-06-19T20:30:00+00:00,1.1600399999999995,1.1602599999999996,1.1591699999999996,1.1593599999999997,499.414709107973
2026-06-21T21:00:00+00:00,1.1593599999999997,1.1601699999999997,1.1593599999999997,1.1595699999999995,269.09801946463017
2026-06-21T21:30:00+00:00,1.1595699999999995,1.1605799999999997,1.1594899999999997,1.1599899999999999,396.1154574495323
2026-06-21T22:00:00+00:00,1.1599899999999999,1.1607999999999998,1.1595199999999997,1.1604399999999997,1513
2026-06-21T22:30:00+00:00,1.1604399999999997,1.1604799999999997,1.1601899999999998,1.1602999999999997,790
2026-06-21T23:00:00+00:00,1.1602999999999997,1.1607199999999998,1.1602699999999997,1.1604299999999999,1424
2026-06-21T23:30:00+00:00,1.1604299999999999,1.1604799999999997,1.1598999999999997,1.1603499999999998,1660
2026-06-22T00:00:00+00:00,1.1603499999999998,1.1606299999999998,1.1602199999999998,1.1603699999999997,3635
2026-06-22T00:30:00+00:00,1.1603699999999997,1.1607599999999998,1.1598599999999997,1.1607399999999997,3225
2026-06-22T01:00:00+00:00,1.1607399999999997,1.1614599999999997,1.1607299999999998,1.1609399999999999,5112
2026-06-22T01:30:00+00:00,1.1609399999999999,1.1609599999999998,1.1604399999999997,1.1604499999999998,2826
2026-06-22T02:00:00+00:00,1.1604499999999998,1.1605999999999999,1.1601099999999998,1.1603799999999997,2499
2026-06-22T02:30:00+00:00,1.1603799999999997,1.1608699999999998,1.1603799999999997,1.1606299999999998,1785
2026-06-22T03:00:00+00:00,1.1606299999999998,1.1607799999999997,1.1603099999999997,1.1603899999999998,2049
2026-06-22T03:30:00+00:00,1.1603899999999998,1.1604599999999998,1.1595199999999997,1.1597199999999999,1926
2026-06-22T04:00:00+00:00,1.1597199999999999,1.1597799999999998,1.1593899999999997,1.1596399999999998,2093
2026-06-22T04:30:00+00:00,1.1596399999999998,1.1597899999999999,1.1594099999999998,1.1596999999999997,2215
2026-06-22T05:00:00+00:00,1.1596999999999997,1.1600399999999997,1.1595799999999998,1.1600299999999997,2237
2026-06-22T05:30:00+00:00,1.1600299999999997,1.1603799999999997,1.1594999999999998,1.1595299999999997,2604
2026-06-22T06:00:00+00:00,1.1595299999999997,1.1600899999999998,1.1593899999999997,1.1599099999999998,4444
2026-06-22T06:30:00+00:00,1.1599099999999998,1.1604299999999999,1.1593299999999997,1.1600999999999997,4372
2026-06-22T07:00:00+00:00,1.1600999999999997,1.1603599999999998,1.1592899999999997,1.1592999999999998,5231
2026-06-22T07:30:00+00:00,1.1592999999999998,1.1592999999999998,1.1585199999999998,1.1586799999999997,4403
2026-06-22T08:00:00+00:00,1.1586799999999997,1.1593999999999998,1.1582499999999998,1.1588899999999998,4872
2026-06-22T08:30:00+00:00,1.1588899999999998,1.1593799999999999,1.1584899999999998,1.1591899999999997,4584
2026-06-22T09:00:00+00:00,1.1591899999999997,1.1603999999999999,1.1591299999999998,1.1598599999999997,4244
2026-06-22T09:30:00+00:00,1.1598599999999997,1.1603299999999999,1.1596299999999997,1.1598899999999999,3337
2026-06-22T10:00:00+00:00,1.1598899999999999,1.1604499999999998,1.1597499999999998,1.1601099999999998,3768
2026-06-22T10:30:00+00:00,1.1601099999999998,1.1601499999999998,1.1595499999999999,1.1597299999999997,2995
2026-06-22T11:00:00+00:00,1.1597299999999997,1.1601099999999998,1.1590299999999998,1.1593099999999998,4336
2026-06-22T11:30:00+00:00,1.1593099999999998,1.1595799999999998,1.1588499999999997,1.1589599999999998,2938
2026-06-22T12:00:00+00:00,1.1589599999999998,1.1602799999999998,1.1588599999999998,1.1600699999999997,4504
2026-06-22T12:30:00+00:00,1.1600699999999997,1.1602799999999998,1.1595699999999998,1.1595899999999997,4277
2026-06-22T13:00:00+00:00,1.1595899999999997,1.1595999999999997,1.1575799999999998,1.1577099999999998,9516
2026-06-22T13:30:00+00:00,1.1577099999999998,1.1583799999999997,1.1569299999999998,1.1569599999999998,6727
2026-06-22T14:00:00+00:00,1.1569599999999998,1.1580099999999998,1.1566599999999998,1.1577999999999997,9714
2026-06-22T14:30:00+00:00,1.1577999999999997,1.1591399999999998,1.1571899999999997,1.1585699999999999,10803
2026-06-22T15:00:00+00:00,1.1585699999999999,1.1591199999999997,1.1581499999999998,1.1582299999999999,6167
2026-06-22T15:30:00+00:00,1.1582299999999999,1.1582899999999998,1.1571299999999998,1.1572799999999999,4297
2026-06-22T16:00:00+00:00,1.1572799999999999,1.1573299999999997,1.1567399999999997,1.1567799999999997,4210
2026-06-22T16:30:00+00:00,1.1567799999999997,1.1572999999999998,1.1566299999999998,1.1571999999999998,3213
2026-06-22T17:00:00+00:00,1.1571999999999998,1.1574399999999998,1.1570499999999997,1.1570499999999997,2592
2026-06-22T17:30:00+00:00,1.1570499999999997,1.1571599999999997,1.1568099999999997,1.1569999999999998,1922
2026-06-22T18:00:00+00:00,1.1569999999999998,1.1572499999999997,1.1567899999999998,1.1568499999999997,2111
2026-06-22T18:30:00+00:00,1.1568499999999997,1.1568899999999998,1.1563199999999998,1.1565299999999998,2400
2026-06-22T19:00:00+00:00,1.1565299999999998,1.1566399999999997,1.1561999999999997,1.1562099999999997,2318
2026-06-22T19:30:00+00:00,1.1562099999999997,1.1566499999999997,1.1559899999999999,1.1565899999999998,2559
2026-06-22T20:00:00+00:00,1.1565899999999998,1.1570299999999998,1.1565499999999997,1.1568499999999997,1201
2026-06-22T20:30:00+00:00,1.1568499999999997,1.1569899999999997,1.1566799999999997,1.1568599999999998,1184
2026-06-22T21:00:00+00:00,1.1568599999999998,1.1568599999999998,1.1562199999999998,1.1566599999999998,392
2026-06-22T21:30:00+00:00,1.1566599999999998,1.1569599999999998,1.1565099999999997,1.1568399999999999,612
2026-06-22T22:00:00+00:00,1.1568399999999999,1.1569899999999997,1.1567399999999997,1.1567599999999998,1013
2026-06-22T22:30:00+00:00,1.1567599999999998,1.1568499999999997,1.1566299999999998,1.1568399999999999,561
2026-06-22T23:00:00+00:00,1.1568399999999999,1.1570099999999999,1.1566799999999997,1.1567399999999997,722
2026-06-22T23:30:00+00:00,1.1567399999999997,1.1568199999999997,1.1566499999999997,1.1567699999999999,827
2026-06-23T00:00:00+00:00,1.1567699999999999,1.1567699999999999,1.1563399999999997,1.1566299999999998,2778
2026-06-23T00:30:00+00:00,1.1566299999999998,1.1568699999999998,1.1565299999999998,1.1567799999999997,2549
2026-06-23T01:00:00+00:00,1.1567799999999997,1.1568799999999997,1.1563599999999998,1.1564699999999997,2535
2026-06-23T01:30:00+00:00,1.1564699999999997,1.1569199999999997,1.1563299999999999,1.1567599999999998,2739
2026-06-23T02:00:00+00:00,1.1567599999999998,1.1572799999999999,1.1567399999999997,1.1570999999999998,2215
2026-06-23T02:30:00+00:00,1.1570999999999998,1.1571599999999997,1.1566499999999997,1.1566799999999997,1748
2026-06-23T03:00:00+00:00,1.1566799999999997,1.1567999999999998,1.1559599999999999,1.1566399999999997,2574
2026-06-23T03:30:00+00:00,1.1566399999999997,1.1570799999999997,1.1564899999999998,1.1570499999999997,1666
2026-06-23T04:00:00+00:00,1.1570499999999997,1.1571099999999999,1.1565499999999997,1.1566499999999997,1819
2026-06-23T04:30:00+00:00,1.1566499999999997,1.1566899999999998,1.1560499999999998,1.1561899999999998,1422
2026-06-23T05:00:00+00:00,1.1561899999999998,1.1565899999999998,1.1559899999999999,1.1565299999999998,2026
2026-06-23T05:30:00+00:00,1.1565299999999998,1.1566499999999997,1.1560299999999997,1.1563899999999998,2463
2026-06-23T06:00:00+00:00,1.1563899999999998,1.1570999999999998,1.1562799999999998,1.1567599999999998,3636
2026-06-23T06:30:00+00:00,1.1567599999999998,1.1569699999999998,1.1560299999999997,1.1563899999999998,4270
2026-06-23T07:00:00+00:00,1.1563899999999998,1.1579999999999997,1.1563299999999999,1.1578299999999997,6666
2026-06-23T07:30:00+00:00,1.1578299999999997,1.1578299999999997,1.1550699999999998,1.1552599999999997,6441
2026-06-23T08:00:00+00:00,1.1552599999999997,1.1558499999999998,1.1545699999999999,1.1548599999999998,5905
2026-06-23T08:30:00+00:00,1.1548599999999998,1.1550299999999998,1.1545499999999997,1.1549199999999997,4461
2026-06-23T09:00:00+00:00,1.1549199999999997,1.1552099999999998,1.1546899999999998,1.1550599999999998,3688
2026-06-23T09:30:00+00:00,1.1550599999999998,1.1552299999999998,1.1547699999999999,1.1551899999999997,3255
2026-06-23T10:00:00+00:00,1.1551899999999997,1.1553699999999998,1.1545699999999999,1.1546099999999997,3126
2026-06-23T10:30:00+00:00,1.1546099999999997,1.1548199999999997,1.1536499999999998,1.1541599999999999,4026
2026-06-23T11:00:00+00:00,1.1541599999999999,1.1543699999999997,1.1535999999999997,1.1536399999999998,3712
2026-06-23T11:30:00+00:00,1.1536399999999998,1.1537099999999998,1.1525199999999998,1.1526599999999998,3759
2026-06-23T12:00:00+00:00,1.1526599999999998,1.1535499999999999,1.1523599999999998,1.1525099999999997,5262
2026-06-23T12:30:00+00:00,1.1525099999999997,1.1532699999999998,1.1524899999999998,1.1529799999999997,4824
2026-06-23T13:00:00+00:00,1.1529799999999997,1.1535699999999998,1.1525999999999998,1.1531999999999998,5383
2026-06-23T13:30:00+00:00,1.1531999999999998,1.1540999999999997,1.1529699999999998,1.1530699999999998,7126
2026-06-23T14:00:00+00:00,1.1530699999999998,1.1532199999999997,1.1516999999999997,1.1520599999999999,7794
2026-06-23T14:30:00+00:00,1.1520599999999999,1.1525799999999997,1.1516699999999997,1.1522899999999998,7117
2026-06-23T15:00:00+00:00,1.1522899999999998,1.1526499999999997,1.1516599999999997,1.1521799999999998,5509
2026-06-23T15:30:00+00:00,1.1521799999999998,1.1525899999999998,1.1518599999999997,1.1523899999999998,3982
2026-06-23T16:00:00+00:00,1.1523899999999998,1.1524699999999997,1.1519699999999997,1.1520799999999998,3704
2026-06-23T16:30:00+00:00,1.1520799999999998,1.1524799999999997,1.1519499999999998,1.1520499999999998,2791
2026-06-23T17:00:00+00:00,1.1520499999999998,1.1521799999999998,1.1517499999999998,1.1519499999999998,2500
2026-06-23T17:30:00+00:00,1.1519499999999998,1.1522599999999998,1.1519399999999997,1.1520499999999998,2203
2026-06-23T18:00:00+00:00,1.1520499999999998,1.1521599999999999,1.1519599999999999,1.1519899999999998,1669
2026-06-23T18:30:00+00:00,1.1519899999999998,1.1520699999999997,1.1516999999999997,1.1519699999999997,2135
2026-06-23T19:00:00+00:00,1.1519699999999997,1.1523799999999997,1.1519499999999998,1.1522299999999999,2518
2026-06-23T19:30:00+00:00,1.1522299999999999,1.1522899999999998,1.1519899999999998,1.1519899999999998,2301
2026-06-23T20:00:00+00:00,1.1519899999999998,1.1521499999999998,1.1518799999999998,1.1520699999999997,1327
2026-06-23T20:30:00+00:00,1.1520699999999997,1.1523099999999997,1.1519899999999998,1.1521699999999997,921
2026-06-23T21:00:00+00:00,1.1521699999999997,1.1524599999999998,1.1519699999999997,1.1523999999999999,237
2026-06-23T21:30:00+00:00,1.1523999999999999,1.1524499999999998,1.1523599999999998,1.1523799999999997,353
2026-06-23T22:00:00+00:00,1.1523799999999997,1.1524099999999997,1.1519599999999999,1.1520399999999997,726
2026-06-23T22:30:00+00:00,1.1520399999999997,1.1523199999999998,1.1520399999999997,1.1522099999999997,587.5275149642788
2026-06-23T23:00:00+00:00,1.1522099999999997,1.1523399999999997,1.1520999999999997,1.1521199999999998,572.9378427787934
2026-06-23T23:30:00+00:00,1.1521199999999998,1.1524299999999996,1.1519699999999997,1.1519799999999998,1465
2026-06-24T00:00:00+00:00,1.1519799999999998,1.1522999999999997,1.1514099999999996,1.1515399999999998,4291
2026-06-24T00:30:00+00:00,1.1515399999999998,1.1519099999999998,1.1514299999999997,1.1517099999999998,3068
2026-06-24T01:00:00+00:00,1.1517099999999998,1.1517299999999997,1.1511799999999996,1.1512599999999997,3320
2026-06-24T01:30:00+00:00,1.1512599999999997,1.1517699999999997,1.1511899999999997,1.1517299999999997,3012
2026-06-24T02:00:00+00:00,1.1517299999999997,1.1517699999999997,1.1515199999999997,1.1515799999999996,2036
2026-06-24T02:30:00+00:00,1.1515799999999996,1.1517299999999997,1.1507499999999997,1.1508299999999998,2353
2026-06-24T03:00:00+00:00,1.1508299999999998,1.1509299999999998,1.1502099999999997,1.1505699999999996,3805
2026-06-24T03:30:00+00:00,1.1505699999999996,1.1509599999999998,1.1504599999999996,1.1508099999999997,2239
2026-06-24T04:00:00+00:00,1.1508099999999997,1.1508399999999996,1.1501999999999997,1.1505199999999998,1972
2026-06-24T04:30:00+00:00,1.1505199999999998,1.1506199999999998,1.1502799999999997,1.1503799999999997,1550
2026-06-24T05:00:00+00:00,1.1503799999999997,1.1508799999999997,1.1503599999999996,1.1507099999999997,2151
2026-06-24T05:30:00+00:00,1.1507099999999997,1.1509199999999997,1.1505599999999998,1.1508799999999997,2083
2026-06-24T06:00:00+00:00,1.1508799999999997,1.1515999999999997,1.1505399999999997,1.1506199999999998,4222
2026-06-24T06:30:00+00:00,1.1506199999999998,1.1508899999999997,1.1498299999999997,1.1500099999999998,4173
2026-06-24T07:00:00+00:00,1.1500099999999998,1.1501699999999997,1.1492299999999998,1.1496199999999996,4737
2026-06-24T07:30:00+00:00,1.1496199999999996,1.1501699999999997,1.1492099999999996,1.1492299999999998,4660
2026-06-24T08:00:00+00:00,1.1492299999999998,1.1496699999999997,1.1478699999999997,1.1493899999999997,5824
2026-06-24T08:30:00+00:00,1.1493899999999997,1.1496399999999998,1.1484699999999997,1.1493599999999997,4600
2026-06-24T09:00:00+00:00,1.1493599999999997,1.1494599999999997,1.1485399999999997,1.1488399999999996,4549
2026-06-24T09:30:00+00:00,1.1488399999999996,1.1490799999999997,1.1485199999999998,1.1486799999999997,3827
2026-06-24T10:00:00+00:00,1.1486799999999997,1.1487299999999998,1.1479999999999997,1.1481599999999996,3458
2026-06-24T10:30:00+00:00,1.1481599999999996,1.1486199999999998,1.1479199999999996,1.1480499999999998,3428
2026-06-24T11:00:00+00:00,1.1480499999999998,1.1485599999999998,1.1477899999999996,1.1484799999999997,3577
2026-06-24T11:30:00+00:00,1.1484799999999997,1.1489799999999997,1.1478799999999998,1.1481099999999997,5814
2026-06-24T12:00:00+00:00,1.1481099999999997,1.1486899999999998,1.1478099999999998,1.1479299999999997,5570
2026-06-24T12:30:00+00:00,1.1479299999999997,1.1479899999999996,1.1465999999999996,1.1469899999999997,7142
2026-06-24T13:00:00+00:00,1.1469899999999997,1.1479399999999997,1.1465399999999997,1.1478599999999997,7150
2026-06-24T13:30:00+00:00,1.1478599999999997,1.1488599999999998,1.1474599999999997,1.1484999999999996,10541
2026-06-24T14:00:00+00:00,1.1484999999999996,1.1493099999999996,1.1479699999999997,1.1485399999999997,9231
2026-06-24T14:30:00+00:00,1.1485399999999997,1.1487399999999997,1.1476699999999997,1.1482599999999996,7095
2026-06-24T15:00:00+00:00,1.1482599999999996,1.1502799999999997,1.1480899999999996,1.1496299999999997,7393
2026-06-24T15:30:00+00:00,1.1496299999999997,1.1496399999999998,1.1487399999999997,1.1488899999999997,4579
2026-06-24T16:00:00+00:00,1.1488899999999997,1.1502499999999998,1.1487699999999996,1.1502299999999996,3980
2026-06-24T16:30:00+00:00,1.1502299999999996,1.1508699999999996,1.1498599999999997,1.1500399999999997,4014
2026-06-24T17:00:00+00:00,1.1500399999999997,1.1502099999999997,1.1491599999999997,1.1492699999999998,3521
2026-06-24T17:30:00+00:00,1.1492699999999998,1.1500299999999997,1.1489899999999997,1.1490499999999997,4323
2026-06-24T18:00:00+00:00,1.1490499999999997,1.1499099999999998,1.1490499999999997,1.1498499999999996,3835
2026-06-24T18:30:00+00:00,1.1498499999999996,1.1501699999999997,1.1494199999999997,1.1495899999999997,2924
2026-06-24T19:00:00+00:00,1.1495899999999997,1.1499499999999998,1.1491799999999996,1.1495599999999997,3314
2026-06-24T19:30:00+00:00,1.1495599999999997,1.1498499999999996,1.1493899999999997,1.1494199999999997,2848
2026-06-24T20:00:00+00:00,1.1494199999999997,1.1498899999999996,1.1493099999999996,1.1498499999999996,2079
2026-06-24T20:30:00+00:00,1.1498499999999996,1.1501299999999997,1.1497399999999998,1.1498499999999996,2409
2026-06-24T21:00:00+00:00,1.1498499999999996,1.1504099999999997,1.1495199999999997,1.1495399999999998,417.5235102504032
2026-06-24T21:30:00+00:00,1.1495399999999998,1.1502199999999998,1.1494399999999998,1.15011,1836.8606713982624
2026-06-24T22:00:00+00:00,1.15011,1.1502999999999999,1.14991,1.1499499999999998,625
2026-06-24T22:30:00+00:00,1.1499499999999998,1.15014,1.14987,1.1499,525.5439945880466
2026-06-24T23:00:00+00:00,1.1499,1.1500299999999999,1.14977,1.14988,632
2026-06-24T23:30:00+00:00,1.14988,1.15,1.14966,1.14978,834
2026-06-25T00:00:00+00:00,1.14978,1.1499,1.1493,1.1494,2894
2026-06-25T00:30:00+00:00,1.1494,1.14981,1.14915,1.14974,2176
2026-06-25T01:00:00+00:00,1.14974,1.1511099999999999,1.1497199999999999,1.1504999999999999,3774.4718661520255
2026-06-25T01:30:00+00:00,1.1504999999999999,1.1507199999999997,1.1493099999999992,1.1494099999999992,3099.779858821431
2026-06-25T02:00:00+00:00,1.1494099999999992,1.1500899999999992,1.1492599999999993,1.1500399999999993,2794
2026-06-25T02:30:00+00:00,1.1500399999999993,1.1501599999999992,1.1497399999999993,1.1499599999999992,1972
2026-06-25T03:00:00+00:00,1.1499599999999992,1.1503599999999992,1.1498899999999992,1.1501599999999992,2575
2026-06-25T03:30:00+00:00,1.1501599999999992,1.1506999999999992,1.1501299999999992,1.1505999999999992,1983
2026-06-25T04:00:00+00:00,1.1505999999999992,1.1506799999999993,1.1503999999999992,1.1505799999999993,1842
2026-06-25T04:30:00+00:00,1.1505799999999993,1.1506299999999992,1.1502099999999993,1.1503199999999991,1324
2026-06-25T05:00:00+00:00,1.1503199999999991,1.1504199999999993,1.1499799999999991,1.1500499999999991,2014
2026-06-25T05:30:00+00:00,1.1500499999999991,1.1501699999999992,1.1495799999999992,1.1497199999999992,2282
2026-06-25T06:00:00+00:00,1.1497199999999992,1.1500999999999992,1.1495099999999991,1.1498599999999992,3104
2026-06-25T06:30:00+00:00,1.1498599999999992,1.1498599999999992,1.1488299999999991,1.1488799999999992,4229
2026-06-25T07:00:00+00:00,1.1488799999999992,1.1496499999999992,1.1480799999999993,1.1487899999999993,5665
2026-06-25T07:30:00+00:00,1.1487899999999993,1.1495599999999992,1.1487899999999993,1.1495399999999991,3720
2026-06-25T08:00:00+00:00,1.1495399999999991,1.1503999999999992,1.1494799999999992,1.1503999999999992,4182
2026-06-25T08:30:00+00:00,1.1503999999999992,1.1508399999999992,1.1502499999999993,1.1503699999999992,3978
2026-06-25T09:00:00+00:00,1.1503699999999992,1.1506499999999993,1.1499299999999992,1.1505799999999993,3240
2026-06-25T09:30:00+00:00,1.1505799999999993,1.1509999999999991,1.1497699999999993,1.1497899999999992,3012
2026-06-25T10:00:00+00:00,1.1497899999999992,1.1497999999999993,1.1489199999999993,1.1490799999999992,3118
2026-06-25T10:30:00+00:00,1.1490799999999992,1.1491599999999993,1.1478899999999992,1.1481799999999993,3168
2026-06-25T11:00:00+00:00,1.1481799999999993,1.1481899999999992,1.1473199999999992,1.1473299999999993,3105
2026-06-25T11:30:00+00:00,1.1473299999999993,1.1474999999999993,1.1469399999999992,1.1473599999999993,4249
2026-06-25T12:00:00+00:00,1.1473599999999993,1.1478799999999991,1.1472299999999993,1.1476199999999992,3848
2026-06-25T12:30:00+00:00,1.1476199999999992,1.1500599999999992,1.1476199999999992,1.1489499999999992,12484
2026-06-25T13:00:00+00:00,1.1489499999999992,1.1501699999999992,1.1485299999999992,1.1501299999999992,7617
2026-06-25T13:30:00+00:00,1.1501299999999992,1.1505799999999993,1.1494999999999993,1.1499599999999992,10096
2026-06-25T14:00:00+00:00,1.1499599999999992,1.1519499999999991,1.1498899999999992,1.1507599999999991,11334
2026-06-25T14:30:00+00:00,1.1507599999999991,1.1517599999999992,1.1506099999999992,1.1510899999999993,8961
2026-06-25T15:00:00+00:00,1.1510899999999993,1.1523899999999991,1.1509599999999993,1.1523099999999993,9525
2026-06-25T15:30:00+00:00,1.1523099999999993,1.1524099999999993,1.1514199999999992,1.1520299999999992,6075
2026-06-25T16:00:00+00:00,1.1520299999999992,1.1522499999999993,1.1515799999999992,1.1521299999999992,4705
2026-06-25T16:30:00+00:00,1.1521299999999992,1.1521499999999991,1.1509299999999991,1.1509999999999991,3809
2026-06-25T17:00:00+00:00,1.1509999999999991,1.1513099999999992,1.1507799999999992,1.1509899999999993,3492
2026-06-25T17:30:00+00:00,1.1509899999999993,1.1513699999999991,1.1507599999999991,1.1510299999999993,2791
2026-06-25T18:00:00+00:00,1.1510299999999993,1.1516599999999992,1.1505899999999991,1.1515199999999992,4086
2026-06-25T18:30:00+00:00,1.1515199999999992,1.1515199999999992,1.1508599999999993,1.1508999999999991,3315
2026-06-25T19:00:00+00:00,1.1508999999999991,1.1513599999999993,1.1506799999999993,1.1513599999999993,2954
2026-06-25T19:30:00+00:00,1.1513599999999993,1.1516399999999993,1.1504499999999993,1.1508699999999992,3340
2026-06-25T20:00:00+00:00,1.1508699999999992,1.1510499999999992,1.1507599999999991,1.1508999999999991,1520
2026-06-25T20:30:00+00:00,1.1508999999999991,1.1509399999999992,1.1505199999999993,1.1505499999999993,907
2026-06-25T21:00:00+00:00,1.1505499999999993,1.1508699999999992,1.1500799999999993,1.1503999999999992,573.4835285582903
2026-06-25T21:30:00+00:00,1.1503999999999992,1.1508699999999992,1.1503299999999992,1.1507399999999992,888
2026-06-25T22:00:00+00:00,1.1507399999999992,1.1509199999999993,1.1504699999999992,1.1504699999999992,692
2026-06-25T22:30:00+00:00,1.1504699999999992,1.1506799999999993,1.1502999999999992,1.1505899999999991,1316
2026-06-25T23:00:00+00:00,1.1505899999999991,1.1506699999999992,1.1499499999999991,1.1500699999999993,1819
2026-06-25T23:30:00+00:00,1.1500699999999993,1.1501099999999993,1.1496299999999993,1.1497399999999993,1539
2026-06-26T00:00:00+00:00,1.1497399999999993,1.1500899999999992,1.1496999999999993,1.1500799999999993,3702
2026-06-26T00:30:00+00:00,1.1500799999999993,1.1502999999999992,1.1499099999999993,1.1500899999999992,3022
2026-06-26T01:00:00+00:00,1.1500899999999992,1.1505099999999993,1.1500299999999992,1.1501699999999992,3252
2026-06-26T01:30:00+00:00,1.1501699999999992,1.1502399999999993,1.1492399999999992,1.1495699999999993,3690
2026-06-26T02:00:00+00:00,1.1495699999999993,1.1498899999999992,1.1490199999999993,1.1491599999999993,3484
2026-06-26T02:30:00+00:00,1.1491599999999993,1.1496299999999993,1.1491199999999993,1.1495199999999992,2809
2026-06-26T03:00:00+00:00,1.1495199999999992,1.1500799999999993,1.1494499999999992,1.1500099999999993,2604
2026-06-26T03:30:00+00:00,1.1500099999999993,1.1507599999999991,1.1498099999999993,1.1507499999999993,3004
2026-06-26T04:00:00+00:00,1.1507499999999993,1.1510799999999992,1.1505499999999993,1.1509799999999992,2478
2026-06-26T04:30:00+00:00,1.1509799999999992,1.1513199999999992,1.1504599999999991,1.1512999999999993,2222
2026-06-26T05:00:00+00:00,1.1512999999999993,1.1514599999999993,1.1511099999999992,1.1513699999999991,2292
2026-06-26T05:30:00+00:00,1.1513699999999991,1.1518199999999992,1.1512599999999993,1.1514199999999992,2932
2026-06-26T06:00:00+00:00,1.1514199999999992,1.1515799999999992,1.1508999999999991,1.1514799999999992,3479
2026-06-26T06:30:00+00:00,1.1514799999999992,1.1518399999999993,1.1507599999999991,1.1511299999999993,4547
2026-06-26T07:00:00+00:00,1.1511299999999993,1.1514599999999993,1.1509099999999992,1.1511199999999993,4346
2026-06-26T07:30:00+00:00,1.1511199999999993,1.1524699999999992,1.1510799999999992,1.1522599999999992,4126
2026-06-26T08:00:00+00:00,1.1522599999999992,1.1538599999999992,1.1519099999999993,1.1538199999999992,7190
2026-06-26T08:30:00+00:00,1.1538199999999992,1.1543599999999992,1.1531399999999992,1.1537299999999993,5134
2026-06-26T09:00:00+00:00,1.1537299999999993,1.1539699999999993,1.1531399999999992,1.1539299999999992,4754
2026-06-26T09:30:00+00:00,1.1539299999999992,1.1548099999999992,1.1536299999999993,1.1542899999999992,3993
2026-06-26T10:00:00+00:00,1.1542899999999992,1.1544299999999992,1.1536199999999992,1.1539499999999991,4378
2026-06-26T10:30:00+00:00,1.1539499999999991,1.1542799999999993,1.1537699999999993,1.1540799999999993,4001
2026-06-26T11:00:00+00:00,1.1540799999999993,1.1542399999999993,1.1536099999999991,1.1541899999999992,3967
2026-06-26T11:30:00+00:00,1.1541899999999992,1.1542099999999993,1.1529799999999992,1.1534299999999993,4645
2026-06-26T12:00:00+00:00,1.1534299999999993,1.1542599999999992,1.1533599999999993,1.1540199999999992,4219
2026-06-26T12:30:00+00:00,1.1540199999999992,1.1569999999999991,1.1537499999999992,1.1563199999999991,7399
2026-06-26T13:00:00+00:00,1.1563199999999991,1.1565799999999993,1.1547699999999992,1.1557599999999992,10084
2026-06-26T13:30:00+00:00,1.1557599999999992,1.1560899999999992,1.1552699999999991,1.1560899999999992,8439
2026-06-26T14:00:00+00:00,1.1560899999999992,1.1564699999999992,1.1553199999999992,1.1553799999999992,7218
2026-06-26T14:30:00+00:00,1.1553799999999992,1.1556499999999992,1.1529599999999993,1.1530099999999992,9038
2026-06-26T15:00:00+00:00,1.1530099999999992,1.1542199999999991,1.1528199999999993,1.1540699999999993,6253
2026-06-26T15:30:00+00:00,1.1540699999999993,1.1544099999999993,1.1530899999999993,1.1538899999999992,6211
2026-06-26T16:00:00+00:00,1.1538899999999992,1.1539399999999993,1.1526299999999992,1.1527199999999993,4398
2026-06-26T16:30:00+00:00,1.1527199999999993,1.1530599999999993,1.1518999999999993,1.1525899999999991,3548
2026-06-26T17:00:00+00:00,1.1525899999999991,1.1529199999999993,1.1524699999999992,1.1524799999999993,2493
2026-06-26T17:30:00+00:00,1.1524799999999993,1.1525999999999992,1.1520799999999993,1.1522499999999993,2682
2026-06-26T18:00:00+00:00,1.1522499999999993,1.1527099999999992,1.1521399999999993,1.1525399999999992,2344
2026-06-26T18:30:00+00:00,1.1525399999999992,1.1527299999999991,1.1521699999999993,1.1521899999999992,1791
2026-06-26T19:00:00+00:00,1.1521899999999992,1.1523199999999991,1.1517199999999992,1.1517799999999991,1900
2026-06-26T19:30:00+00:00,1.1517799999999991,1.1525299999999992,1.1516899999999992,1.1522899999999991,2281
2026-06-26T20:00:00+00:00,1.1522899999999991,1.1527699999999992,1.1521199999999991,1.1525899999999991,1723
2026-06-26T20:30:00+00:00,1.1525899999999991,1.1527999999999992,1.1516699999999993,1.1518399999999993,2833.2909765589648
2026-06-28T21:00:00+00:00,1.1518399999999993,1.1518399999999993,1.1503899999999991,1.1506199999999993,168.2621795123349
2026-06-28T21:30:00+00:00,1.1506199999999993,1.1510699999999991,1.1503299999999992,1.1503899999999994,590.0656924666055
2026-06-28T22:00:00+00:00,1.1503899999999994,1.1511099999999992,1.1503899999999994,1.1507599999999993,913
2026-06-28T22:30:00+00:00,1.1507599999999993,1.1510599999999993,1.1507599999999993,1.1509699999999992,530
2026-06-28T23:00:00+00:00,1.1509699999999992,1.1511299999999993,1.1508899999999993,1.1509399999999992,852
2026-06-28T23:30:00+00:00,1.1509399999999992,1.1510699999999994,1.1506499999999993,1.1509499999999993,1258
2026-06-29T00:00:00+00:00,1.1509499999999993,1.1512799999999992,1.1507499999999993,1.1509099999999992,4559
2026-06-29T00:30:00+00:00,1.1509099999999992,1.1513499999999992,1.1507999999999992,1.1511799999999992,3433
2026-06-29T01:00:00+00:00,1.1511799999999992,1.1514099999999992,1.1508799999999992,1.1512999999999993,3867
2026-06-29T01:30:00+00:00,1.1512999999999993,1.1515199999999992,1.1508799999999992,1.1509399999999992,3708
2026-06-29T02:00:00+00:00,1.1509399999999992,1.1517799999999994,1.1508899999999993,1.1517099999999993,3233
2026-06-29T02:30:00+00:00,1.1517099999999993,1.1517199999999992,1.1511699999999994,1.1511799999999992,2472
2026-06-29T03:00:00+00:00,1.1511799999999992,1.1514299999999993,1.1510899999999993,1.1512399999999994,1551
2026-06-29T03:30:00+00:00,1.1512399999999994,1.1514299999999993,1.1507399999999992,1.1507399999999992,1924
2026-06-29T04:00:00+00:00,1.1507399999999992,1.1508999999999994,1.1505399999999992,1.1507799999999992,1684
2026-06-29T04:30:00+00:00,1.1507799999999992,1.1509499999999993,1.1505199999999993,1.1506999999999992,1932
2026-06-29T05:00:00+00:00,1.1506999999999992,1.1511499999999992,1.1506699999999992,1.1510999999999993,2292
2026-06-29T05:30:00+00:00,1.1510999999999993,1.1519399999999993,1.1510999999999993,1.1518699999999993,2655
2026-06-29T06:00:00+00:00,1.1518699999999993,1.1522099999999993,1.1516999999999993,1.1521799999999993,3005
2026-06-29T06:30:00+00:00,1.1521799999999993,1.1539299999999992,1.1520899999999992,1.1536599999999992,5109
2026-06-29T07:00:00+00:00,1.1536599999999992,1.1537399999999993,1.1529199999999993,1.1532499999999992,5073
2026-06-29T07:30:00+00:00,1.1532499999999992,1.1535199999999992,1.1524399999999992,1.1526699999999992,4098
2026-06-29T08:00:00+00:00,1.1526699999999992,1.1531699999999994,1.1521899999999992,1.1525899999999993,4342
2026-06-29T08:30:00+00:00,1.1525899999999993,1.1529599999999993,1.1516799999999994,1.1520199999999992,3715
2026-06-29T09:00:00+00:00,1.1520199999999992,1.1526699999999992,1.1518699999999993,1.1524299999999992,3659
2026-06-29T09:30:00+00:00,1.1524299999999992,1.1528299999999994,1.1520999999999992,1.1527599999999993,3871
2026-06-29T10:00:00+00:00,1.1527599999999993,1.1529499999999993,1.1523899999999994,1.1525799999999993,2764
2026-06-29T10:30:00+00:00,1.1525799999999993,1.1529899999999993,1.1523999999999992,1.1528799999999992,3217
2026-06-29T11:00:00+00:00,1.1528799999999992,1.1531999999999993,1.1526399999999992,1.1527099999999992,3358
2026-06-29T11:30:00+00:00,1.1527099999999992,1.1535899999999992,1.1523099999999993,1.1533199999999992,4542
2026-06-29T12:00:00+00:00,1.1533199999999992,1.1533299999999993,1.1524899999999993,1.1527499999999993,4280
2026-06-29T12:30:00+00:00,1.1527499999999993,1.1530899999999993,1.1524699999999992,1.1526899999999993,4362
2026-06-29T13:00:00+00:00,1.1526899999999993,1.1529699999999992,1.1524899999999993,1.1529099999999992,4007
2026-06-29T13:30:00+00:00,1.1529099999999992,1.1536399999999993,1.1525599999999994,1.1534299999999993,6918
2026-06-29T14:00:00+00:00,1.1534299999999993,1.1544799999999993,1.1528599999999993,1.1539499999999994,10490
2026-06-29T14:30:00+00:00,1.1539499999999994,1.1547599999999993,1.1535899999999992,1.1546199999999993,8172
2026-06-29T15:00:00+00:00,1.1546199999999993,1.1548199999999993,1.1540699999999993,1.1546699999999992,5380
2026-06-29T15:30:00+00:00,1.1546699999999992,1.1549299999999993,1.1543199999999993,1.1547999999999992,5117
2026-06-29T16:00:00+00:00,1.1547999999999992,1.1551999999999993,1.1547499999999993,1.1547799999999993,3209
2026-06-29T16:30:00+00:00,1.1547799999999993,1.1554799999999992,1.1547799999999993,1.1550099999999992,2837
2026-06-29T17:00:00+00:00,1.1550099999999992,1.1551499999999992,1.1545599999999994,1.1546699999999992,2383
2026-06-29T17:30:00+00:00,1.1546699999999992,1.1552399999999992,1.1545799999999993,1.1550999999999993,2384
2026-06-29T18:00:00+00:00,1.1550999999999993,1.1553299999999993,1.1549899999999993,1.1551799999999992,2414
2026-06-29T18:30:00+00:00,1.1551799999999992,1.1552899999999993,1.1549099999999992,1.1549799999999992,2006
2026-06-29T19:00:00+00:00,1.1549799999999992,1.1551099999999992,1.1546399999999992,1.1549699999999992,2136
2026-06-29T19:30:00+00:00,1.1549699999999992,1.1551199999999993,1.1548499999999993,1.1549899999999993,2128
2026-06-29T20:00:00+00:00,1.1549899999999993,1.1551699999999994,1.1548899999999993,1.1550599999999993,980
2026-06-29T20:30:00+00:00,1.1550599999999993,1.1550599999999993,1.1546199999999993,1.1546599999999994,915
2026-06-29T21:00:00+00:00,1.1546599999999994,1.1550799999999994,1.1543699999999992,1.1550799999999994,422.50421836228287
2026-06-29T21:30:00+00:00,1.1550799999999994,1.1551399999999994,1.1548699999999994,1.1549499999999993,540
2026-06-29T22:00:00+00:00,1.1549499999999993,1.1551499999999995,1.1548899999999993,1.1549999999999994,614.3606745879647
2026-06-29T22:30:00+00:00,1.1549999999999994,1.1551199999999993,1.1548299999999994,1.1550799999999994,419
2026-06-29T23:00:00+00:00,1.1550799999999994,1.1550999999999993,1.1548799999999995,1.1548799999999995,506
2026-06-29T23:30:00+00:00,1.1548799999999995,1.1549499999999993,1.1544799999999993,1.1544799999999993,642
2026-06-30T00:00:00+00:00,1.1544799999999993,1.1546299999999994,1.1539299999999995,1.1540299999999994,2939
2026-06-30T00:30:00+00:00,1.1540299999999994,1.1542599999999994,1.1538099999999993,1.1542099999999993,3546
2026-06-30T01:00:00+00:00,1.1542099999999993,1.1543099999999993,1.1531999999999993,1.1540499999999994,4300
2026-06-30T01:30:00+00:00,1.1540499999999994,1.1541799999999993,1.1527699999999994,1.1529899999999993,3694
2026-06-30T02:00:00+00:00,1.1529899999999993,1.1531799999999994,1.1527999999999994,1.1529199999999993,2309
2026-06-30T02:30:00+00:00,1.1529199999999993,1.1532099999999994,1.1527299999999994,1.1529299999999993,1905
2026-06-30T03:00:00+00:00,1.1529299999999993,1.1530899999999993,1.1524199999999993,1.1524899999999993,2361
2026-06-30T03:30:00+00:00,1.1524899999999993,1.1525799999999993,1.1522799999999993,1.1524199999999993,1775
2026-06-30T04:00:00+00:00,1.1524199999999993,1.1524799999999993,1.1520999999999995,1.1522199999999994,1265
2026-06-30T04:30:00+00:00,1.1522199999999994,1.1524899999999993,1.1514499999999994,1.1514699999999993,2186
2026-06-30T05:00:00+00:00,1.1514699999999993,1.1518499999999994,1.1512099999999994,1.1516799999999994,3327
2026-06-30T05:30:00+00:00,1.1516799999999994,1.1518499999999994,1.1508399999999994,1.1510599999999993,2618
2026-06-30T06:00:00+00:00,1.1510599999999993,1.1524099999999993,1.1509199999999993,1.1522899999999994,4446
2026-06-30T06:30:00+00:00,1.1522899999999994,1.1529499999999993,1.1520999999999995,1.1528799999999995,4644
2026-06-30T07:00:00+00:00,1.1528799999999995,1.1535299999999993,1.1526999999999994,1.1532099999999994,4342
2026-06-30T07:30:00+00:00,1.1532099999999994,1.1533399999999994,1.1522799999999993,1.1524399999999995,3920
2026-06-30T08:00:00+00:00,1.1524399999999995,1.1525299999999994,1.1513799999999994,1.1518399999999993,6499
2026-06-30T08:30:00+00:00,1.1518399999999993,1.1519399999999993,1.1509199999999993,1.1519199999999994,5030
2026-06-30T09:00:00+00:00,1.1519199999999994,1.1522499999999993,1.1515499999999994,1.1518099999999993,4362
2026-06-30T09:30:00+00:00,1.1518099999999993,1.1524299999999994,1.1514899999999995,1.1522899999999994,3713
2026-06-30T10:00:00+00:00,1.1522899999999994,1.1523999999999994,1.1518399999999993,1.1520999999999995,3060
2026-06-30T10:30:00+00:00,1.1520999999999995,1.1527999999999994,1.1518299999999995,1.1527499999999993,3031
2026-06-30T11:00:00+00:00,1.1527499999999993,1.1528499999999993,1.1520699999999993,1.1522399999999993,3857
2026-06-30T11:30:00+00:00,1.1522399999999993,1.1524199999999993,1.1511999999999993,1.1518799999999993,4471
2026-06-30T12:00:00+00:00,1.1518799999999993,1.1522199999999994,1.1514399999999994,1.1516999999999993,4326
2026-06-30T12:30:00+00:00,1.1516999999999993,1.1528499999999993,1.1514999999999993,1.1521899999999994,6375
2026-06-30T13:00:00+00:00,1.1521899999999994,1.1532699999999994,1.1520099999999993,1.1527499999999993,5021
2026-06-30T13:30:00+00:00,1.1527499999999993,1.1529399999999994,1.1521399999999993,1.1522399999999993,5970
2026-06-30T14:00:00+00:00,1.1522399999999993,1.1541599999999994,1.1516799999999994,1.1538799999999994,9343
2026-06-30T14:30:00+00:00,1.1538799999999994,1.1560599999999994,1.1534399999999994,1.1558699999999993,14324
2026-06-30T15:00:00+00:00,1.1558699999999993,1.1562399999999993,1.1547299999999994,1.1547299999999994,8760
2026-06-30T15:30:00+00:00,1.1547299999999994,1.1551799999999994,1.1540799999999993,1.1542799999999993,4627
2026-06-30T16:00:00+00:00,1.1542799999999993,1.1543599999999994,1.1537999999999993,1.1540599999999994,3225
2026-06-30T16:30:00+00:00,1.1540599999999994,1.1543999999999994,1.1538199999999994,1.1539799999999993,2951
2026-06-30T17:00:00+00:00,1.1539799999999993,1.1545099999999993,1.1539799999999993,1.1544399999999995,2381
2026-06-30T17:30:00+00:00,1.1544399999999995,1.1547999999999994,1.1542499999999993,1.1547199999999993,1858
2026-06-30T18:00:00+00:00,1.1547199999999993,1.1552699999999994,1.1547099999999995,1.1551699999999994,2269
2026-06-30T18:30:00+00:00,1.1551699999999994,1.1552499999999994,1.1544899999999994,1.1546199999999993,2585
2026-06-30T19:00:00+00:00,1.1546199999999993,1.1548199999999993,1.1541599999999994,1.1541799999999993,2585
2026-06-30T19:30:00+00:00,1.1541799999999993,1.1552399999999994,1.1541199999999994,1.1552299999999993,3168
2026-06-30T20:00:00+00:00,1.1552299999999993,1.1553099999999994,1.1549699999999994,1.1550399999999994,1721
2026-06-30T20:30:00+00:00,1.1550399999999994,1.1550799999999994,1.1546199999999993,1.1547199999999993,1013
2026-06-30T21:00:00+00:00,1.1547199999999993,1.1547199999999993,1.1542199999999994,1.1546699999999994,471.9748523944894
2026-06-30T21:30:00+00:00,1.1546699999999994,1.1548099999999994,1.1543999999999994,1.1546999999999994,789
2026-06-30T22:00:00+00:00,1.1546999999999994,1.1548599999999993,1.1546399999999994,1.1546899999999993,562
2026-06-30T22:30:00+00:00,1.1546899999999993,1.1547099999999995,1.1544299999999994,1.1545799999999993,341.36572302983933
2026-06-30T23:00:00+00:00,1.1545799999999993,1.1545999999999994,1.1542299999999994,1.1542599999999994,635
2026-06-30T23:30:00+00:00,1.1542599999999994,1.1543999999999994,1.1538199999999994,1.1538799999999994,844
2026-07-01T00:00:00+00:00,1.1538799999999994,1.1539799999999993,1.1535699999999993,1.1538499999999994,2327
2026-07-01T00:30:00+00:00,1.1538499999999994,1.1538799999999994,1.1534199999999994,1.1535199999999994,2679
2026-07-01T01:00:00+00:00,1.1535199999999994,1.1535299999999993,1.1530199999999993,1.1532399999999994,3482
2026-07-01T01:30:00+00:00,1.1532399999999994,1.1532899999999993,1.1528399999999994,1.1530099999999994,2637
2026-07-01T02:00:00+00:00,1.1530099999999994,1.1533799999999994,1.1529299999999993,1.1530099999999994,2736
2026-07-01T02:30:00+00:00,1.1530099999999994,1.1532799999999994,1.1528499999999993,1.1531199999999993,2438
2026-07-01T03:00:00+00:00,1.1531199999999993,1.1533999999999993,1.1530299999999993,1.1530999999999993,1887
2026-07-01T03:30:00+00:00,1.1530999999999993,1.1531599999999993,1.1527599999999993,1.1529799999999994,1710
2026-07-01T04:00:00+00:00,1.1529799999999994,1.1530599999999993,1.1528399999999994,1.1530399999999994,1505
2026-07-01T04:30:00+00:00,1.1530399999999994,1.1536599999999995,1.1530199999999993,1.1534399999999994,2220
2026-07-01T05:00:00+00:00,1.1534399999999994,1.1536099999999994,1.1533199999999995,1.1535599999999993,1908
2026-07-01T05:30:00+00:00,1.1535599999999993,1.1536299999999993,1.1528599999999993,1.1531399999999994,2708
2026-07-01T06:00:00+00:00,1.1531399999999994,1.1535299999999993,1.1527399999999994,1.1528099999999994,3998
2026-07-01T06:30:00+00:00,1.1528099999999994,1.1530599999999993,1.1526099999999995,1.1528799999999995,3391
2026-07-01T07:00:00+00:00,1.1528799999999995,1.1529999999999994,1.1518899999999994,1.1518899999999994,4823
2026-07-01T07:30:00+00:00,1.1518899999999994,1.1529499999999993,1.1518799999999993,1.1527699999999994,3592
2026-07-01T08:00:00+00:00,1.1527699999999994,1.1529599999999993,1.1521199999999994,1.1521999999999994,3858
2026-07-01T08:30:00+00:00,1.1521999999999994,1.1527599999999993,1.1519899999999994,1.1522299999999994,3755
2026-07-01T09:00:00+00:00,1.1522299999999994,1.1525399999999995,1.1517699999999993,1.1517999999999993,4313
2026-07-01T09:30:00+00:00,1.1517999999999993,1.1517999999999993,1.1510899999999993,1.1513599999999993,3478
2026-07-01T10:00:00+00:00,1.1513599999999993,1.1520299999999994,1.1511899999999993,1.1520299999999994,2750
2026-07-01T10:30:00+00:00,1.1520299999999994,1.1526199999999993,1.1519799999999993,1.1523799999999993,2567
2026-07-01T11:00:00+00:00,1.1523799999999993,1.1524699999999994,1.1517699999999993,1.1520899999999994,3516
2026-07-01T11:30:00+00:00,1.1520899999999994,1.1521899999999994,1.1510599999999993,1.1511299999999993,4423
2026-07-01T12:00:00+00:00,1.1511299999999993,1.1513699999999993,1.1506399999999994,1.1506799999999993,5290
2026-07-01T12:30:00+00:00,1.1506799999999993,1.1509399999999994,1.1494699999999993,1.1496799999999994,6963
2026-07-01T13:00:00+00:00,1.1496799999999994,1.1513199999999995,1.1487499999999993,1.1511199999999993,13374
2026-07-01T13:30:00+00:00,1.1511199999999993,1.1537399999999993,1.1508999999999994,1.1520899999999994,17410
2026-07-01T14:00:00+00:00,1.1520899999999994,1.1531199999999993,1.1515799999999994,1.1517499999999994,11792
2026-07-01T14:30:00+00:00,1.1517499999999994,1.1527199999999993,1.1510499999999995,1.1521099999999993,10677
2026-07-01T15:00:00+00:00,1.1521099999999993,1.1521899999999994,1.1510099999999994,1.1518199999999994,8544
2026-07-01T15:30:00+00:00,1.1518199999999994,1.1519899999999994,1.1504599999999994,1.1509499999999993,6907
2026-07-01T16:00:00+00:00,1.1509499999999993,1.1519699999999993,1.1508999999999994,1.1511399999999994,6570
2026-07-01T16:30:00+00:00,1.1511399999999994,1.1511599999999993,1.1505599999999994,1.1508099999999994,4365
2026-07-01T17:00:00+00:00,1.1508099999999994,1.1511599999999993,1.1504699999999994,1.1510499999999995,4193
2026-07-01T17:30:00+00:00,1.1510499999999995,1.1511699999999994,1.1505499999999993,1.1506699999999994,2711
2026-07-01T18:00:00+00:00,1.1506699999999994,1.1508699999999994,1.1500999999999995,1.1502999999999994,2937
2026-07-01T18:30:00+00:00,1.1502999999999994,1.1506099999999995,1.1501999999999994,1.1505599999999994,2947
2026-07-01T19:00:00+00:00,1.1505599999999994,1.1507399999999994,1.1503299999999994,1.1505299999999994,2268
2026-07-01T19:30:00+00:00,1.1505299999999994,1.1506799999999993,1.1503499999999993,1.1504599999999994,2606
2026-07-01T20:00:00+00:00,1.1504599999999994,1.1505199999999993,1.1501699999999992,1.1502299999999994,1584
2026-07-01T20:30:00+00:00,1.1502299999999994,1.1504299999999994,1.1499599999999994,1.1502899999999994,1375
2026-07-01T21:00:00+00:00,1.1502899999999994,1.1504599999999994,1.1497899999999994,1.1504599999999994,369.3473487527313
2026-07-01T21:30:00+00:00,1.1504599999999994,1.1504999999999994,1.1503699999999994,1.1504099999999993,286
2026-07-01T22:00:00+00:00,1.1504099999999993,1.1505199999999995,1.1502799999999995,1.1504699999999994,414.40453893840464
2026-07-01T22:30:00+00:00,1.1504699999999994,1.1505099999999995,1.1503999999999994,1.1504199999999993,309.8578947368421
2026-07-01T23:00:00+00:00,1.1504199999999993,1.1504299999999994,1.1502999999999994,1.1503299999999992,428.2552550558146
2026-07-01T23:30:00+00:00,1.1503299999999992,1.1503799999999993,1.1502299999999992,1.1502699999999992,701
2026-07-02T00:00:00+00:00,1.1502699999999992,1.1508499999999993,1.1501399999999993,1.1501899999999992,2720
2026-07-02T00:30:00+00:00,1.1501899999999992,1.1504799999999993,1.1500099999999993,1.1501799999999993,2436
2026-07-02T01:00:00+00:00,1.1501799999999993,1.1505599999999994,1.1501499999999993,1.1504499999999993,2477
2026-07-02T01:30:00+00:00,1.1504499999999993,1.1510999999999993,1.1502699999999992,1.1506999999999992,2447
2026-07-02T02:00:00+00:00,1.1506999999999992,1.1513699999999993,1.1506899999999993,1.1510299999999993,2258
2026-07-02T02:30:00+00:00,1.1510299999999993,1.1511699999999994,1.1506299999999992,1.1507299999999991,1937
2026-07-02T03:00:00+00:00,1.1507299999999991,1.1508699999999992,1.1503299999999992,1.1505299999999992,1766
2026-07-02T03:30:00+00:00,1.1505299999999992,1.1507799999999992,1.1504499999999993,1.1507599999999993,1846
2026-07-02T04:00:00+00:00,1.1507599999999993,1.1512499999999992,1.1507499999999993,1.1509799999999992,2417
2026-07-02T04:30:00+00:00,1.1509799999999992,1.1513499999999992,1.1509699999999992,1.1511999999999993,1671
2026-07-02T05:00:00+00:00,1.1511999999999993,1.1513899999999992,1.1509399999999992,1.1509899999999993,2260
2026-07-02T05:30:00+00:00,1.1509899999999993,1.1511399999999992,1.1506799999999993,1.1510999999999993,2478
2026-07-02T06:00:00+00:00,1.1510999999999993,1.1516799999999991,1.1510699999999991,1.1512799999999992,4469
2026-07-02T06:30:00+00:00,1.1512799999999992,1.1529599999999993,1.1512099999999992,1.1519899999999992,7584
2026-07-02T07:00:00+00:00,1.1519899999999992,1.1526699999999992,1.1515799999999992,1.1525899999999993,6242
2026-07-02T07:30:00+00:00,1.1525899999999993,1.1534599999999993,1.1521299999999992,1.1533099999999992,5925
2026-07-02T08:00:00+00:00,1.1533099999999992,1.1543899999999994,1.1532199999999992,1.1541999999999992,7891
2026-07-02T08:30:00+00:00,1.1541999999999992,1.1546199999999993,1.1538099999999993,1.1545399999999992,7082
2026-07-02T09:00:00+00:00,1.1545399999999992,1.1546299999999992,1.1534599999999993,1.1534899999999992,5081
2026-07-02T09:30:00+00:00,1.1534899999999992,1.1540099999999993,1.1534299999999993,1.1534999999999993,4412
2026-07-02T10:00:00+00:00,1.1534999999999993,1.1536299999999993,1.1530399999999992,1.1532399999999992,4028
2026-07-02T10:30:00+00:00,1.1532399999999992,1.1536499999999992,1.1528299999999994,1.1535599999999993,3372
2026-07-02T11:00:00+00:00,1.1535599999999993,1.1539999999999992,1.1532399999999992,1.1538499999999992,3783
2026-07-02T11:30:00+00:00,1.1538499999999992,1.1539899999999992,1.1525699999999992,1.1529099999999992,3658
2026-07-02T12:00:00+00:00,1.1529099999999992,1.1529999999999994,1.1520599999999992,1.1524099999999993,5957
2026-07-02T12:30:00+00:00,1.1524099999999993,1.1598099999999993,1.1522899999999991,1.1576799999999992,32707
2026-07-02T13:00:00+00:00,1.1576799999999992,1.1580499999999994,1.1563699999999992,1.1566199999999993,13957
2026-07-02T13:30:00+00:00,1.1566199999999993,1.1578899999999992,1.1564699999999992,1.1575799999999992,13187
2026-07-02T14:00:00+00:00,1.1575799999999992,1.1583599999999992,1.1567199999999993,1.1567699999999992,11179
2026-07-02T14:30:00+00:00,1.1567699999999992,1.1570699999999992,1.1558799999999994,1.1569199999999993,10037
2026-07-02T15:00:00+00:00,1.1569199999999993,1.1573099999999992,1.1564999999999992,1.1565899999999993,8337
2026-07-02T15:30:00+00:00,1.1565899999999993,1.1574999999999993,1.1565899999999993,1.1572699999999994,5953
2026-07-02T16:00:00+00:00,1.1572699999999994,1.1573399999999991,1.1561199999999991,1.1561699999999993,5851
2026-07-02T16:30:00+00:00,1.1561699999999993,1.1566199999999993,1.1560599999999992,1.1562999999999992,4448
2026-07-02T17:00:00+00:00,1.1562999999999992,1.1562999999999992,1.1554999999999993,1.1556699999999993,3942
2026-07-02T17:30:00+00:00,1.1556699999999993,1.1558699999999993,1.1554099999999992,1.1555799999999992,3580
2026-07-02T18:00:00+00:00,1.1555799999999992,1.1561599999999992,1.1554699999999993,1.1558299999999992,3440
2026-07-02T18:30:00+00:00,1.1558299999999992,1.1562199999999994,1.1557699999999993,1.1558299999999992,2932
2026-07-02T19:00:00+00:00,1.1558299999999992,1.1559299999999992,1.1554299999999993,1.1554699999999993,2544
2026-07-02T19:30:00+00:00,1.1554699999999993,1.1556999999999993,1.1551399999999992,1.1556099999999994,2207
2026-07-02T20:00:00+00:00,1.1556099999999994,1.1560799999999993,1.1554699999999993,1.1560199999999992,1183
2026-07-02T20:30:00+00:00,1.1560199999999992,1.1560699999999993,1.1556899999999992,1.1556899999999992,932
2026-07-02T21:00:00+00:00,1.1556899999999992,1.1559599999999992,1.1553399999999991,1.1558599999999992,724.4040974350702
2026-07-02T21:30:00+00:00,1.1558599999999992,1.1558699999999993,1.1555499999999992,1.1558599999999992,589
2026-07-02T22:00:00+00:00,1.1558599999999992,1.1560699999999993,1.1556299999999993,1.1556699999999993,699
2026-07-02T22:30:00+00:00,1.1556699999999993,1.1556699999999993,1.1552999999999993,1.1554199999999992,773
2026-07-02T23:00:00+00:00,1.1554199999999992,1.1555699999999993,1.1553099999999992,1.1555199999999992,876
2026-07-02T23:30:00+00:00,1.1555199999999992,1.1555199999999992,1.1547099999999992,1.1547699999999992,1485
2026-07-03T00:00:00+00:00,1.1547699999999992,1.1549699999999992,1.1545899999999993,1.1547299999999991,3281
2026-07-03T00:30:00+00:00,1.1547299999999991,1.1556099999999994,1.1545999999999992,1.1555799999999992,3149
2026-07-03T01:00:00+00:00,1.1555799999999992,1.1569799999999992,1.1555299999999993,1.1564699999999992,5301
2026-07-03T01:30:00+00:00,1.1564699999999992,1.1568099999999992,1.1561499999999993,1.1562299999999992,3657
2026-07-03T02:00:00+00:00,1.1562299999999992,1.1569799999999992,1.1561199999999991,1.1569299999999993,2549
2026-07-03T02:30:00+00:00,1.1569299999999993,1.1569899999999993,1.1564099999999993,1.1565199999999993,2091
2026-07-03T03:00:00+00:00,1.1565199999999993,1.1565599999999991,1.1562099999999993,1.1564199999999993,1809
2026-07-03T03:30:00+00:00,1.1564199999999993,1.1566699999999992,1.1562599999999992,1.1566299999999992,1806
2026-07-03T04:00:00+00:00,1.1566299999999992,1.1568499999999993,1.1564399999999992,1.1567499999999993,1224
2026-07-03T04:30:00+00:00,1.1567499999999993,1.1571299999999993,1.1566799999999993,1.1571299999999993,1267
2026-07-03T05:00:00+00:00,1.1571299999999993,1.1580099999999993,1.1570699999999992,1.1577099999999994,2852
2026-07-03T05:30:00+00:00,1.1577099999999994,1.1579199999999992,1.1571899999999993,1.1573999999999993,2610
2026-07-03T06:00:00+00:00,1.1573999999999993,1.1583599999999992,1.1573499999999992,1.1578099999999993,4151
2026-07-03T06:30:00+00:00,1.1578099999999993,1.1587599999999993,1.1576999999999993,1.1579399999999993,5843
2026-07-03T07:00:00+00:00,1.1579399999999993,1.1582099999999993,1.1576199999999992,1.1580799999999993,3670
2026-07-03T07:30:00+00:00,1.1580799999999993,1.1583199999999994,1.1572699999999994,1.1579699999999993,3918
2026-07-03T08:00:00+00:00,1.1579699999999993,1.1581199999999992,1.1575699999999993,1.1578899999999992,3484
2026-07-03T08:30:00+00:00,1.1578899999999992,1.1582899999999992,1.1576099999999994,1.1577999999999993,3102
2026-07-03T09:00:00+00:00,1.1577999999999993,1.1577999999999993,1.1572499999999992,1.1572799999999992,2997
2026-07-03T09:30:00+00:00,1.1572799999999992,1.1574499999999992,1.1565599999999991,1.1566099999999992,2648
2026-07-03T10:00:00+00:00,1.1566099999999992,1.1572599999999993,1.1565699999999992,1.1569899999999993,2489
2026-07-03T10:30:00+00:00,1.1569899999999993,1.1575399999999993,1.1569199999999993,1.1571899999999993,1862
2026-07-03T11:00:00+00:00,1.1571899999999993,1.1582399999999993,1.1571299999999993,1.1579999999999993,3123
2026-07-03T11:30:00+00:00,1.1579999999999993,1.1580599999999992,1.1572099999999992,1.1575599999999993,2878
2026-07-03T12:00:00+00:00,1.1575599999999993,1.1577999999999993,1.1571599999999993,1.1572999999999993,3217
2026-07-03T12:30:00+00:00,1.1572999999999993,1.1576199999999992,1.1571599999999993,1.1572199999999992,2722
2026-07-03T13:00:00+00:00,1.1572199999999992,1.1573199999999992,1.1566499999999993,1.1568899999999993,3233
2026-07-03T13:30:00+00:00,1.1568899999999993,1.1568999999999992,1.1563199999999993,1.1565599999999991,2954
2026-07-03T14:00:00+00:00,1.1565599999999991,1.1572899999999993,1.1563999999999992,1.1572099999999992,3075
2026-07-03T14:30:00+00:00,1.1572099999999992,1.1573099999999992,1.1566299999999992,1.1566799999999993,2817
2026-07-03T15:00:00+00:00,1.1566799999999993,1.1569699999999992,1.1563899999999994,1.1565499999999993,2570
2026-07-03T15:30:00+00:00,1.1565499999999993,1.1566999999999992,1.1559999999999993,1.1562199999999994,1751
2026-07-03T16:00:00+00:00,1.1562199999999994,1.1564799999999993,1.1561599999999992,1.1562399999999993,1352
2026-07-03T16:30:00+00:00,1.1562399999999993,1.1562999999999992,1.1560599999999992,1.1562799999999993,888
2026-07-03T17:00:00+00:00,1.1562799999999993,1.1567399999999992,1.1562799999999993,1.1565299999999992,2714
2026-07-03T17:30:00+00:00,1.1565299999999992,1.1566799999999993,1.1564599999999992,1.1565599999999991,3948
2026-07-03T18:00:00+00:00,1.1565599999999991,1.1566599999999994,1.1562999999999992,1.1564499999999993,1856
2026-07-03T18:30:00+00:00,1.1564499999999993,1.1565999999999992,1.1563299999999992,1.1564099999999993,1063
2026-07-03T19:00:00+00:00,1.1564099999999993,1.1565599999999991,1.1563099999999993,1.1563699999999992,1790.4063402889246
2026-07-03T19:30:00+00:00,1.1563699999999992,1.1563699999999992,1.1560499999999994,1.1561599999999992,678
2026-07-03T20:00:00+00:00,1.1561599999999992,1.1562499999999991,1.1559799999999991,1.1560899999999992,1156.5376590861674
2026-07-03T20:30:00+00:00,1.1560899999999992,1.1561199999999991,1.1557699999999993,1.1558199999999992,829.7290637238455
2026-07-05T21:00:00+00:00,1.1558199999999992,1.1558199999999992,1.154689999999999,1.1546999999999992,86.61097796380119
2026-07-05T21:30:00+00:00,1.1546999999999992,1.1549899999999993,1.1546999999999992,1.1548899999999993,463.3475207855595
2026-07-05T22:00:00+00:00,1.1548899999999993,1.1552499999999992,1.1547999999999994,1.1550999999999993,1359
2026-07-05T22:30:00+00:00,1.1550999999999993,1.1552599999999993,1.1550499999999992,1.1551399999999994,726
2026-07-05T23:00:00+00:00,1.1551399999999994,1.1551999999999993,1.1547799999999993,1.1551099999999994,918
2026-07-05T23:30:00+00:00,1.1551099999999994,1.1552999999999993,1.1549999999999994,1.1551599999999993,1532
2026-07-06T00:00:00+00:00,1.1551599999999993,1.1555899999999992,1.1547599999999993,1.1553399999999994,3701
2026-07-06T00:30:00+00:00,1.1553399999999994,1.1555599999999993,1.1551799999999994,1.1552999999999993,3615
2026-07-06T01:00:00+00:00,1.1552999999999993,1.1553599999999993,1.1545399999999992,1.1546499999999993,3362
2026-07-06T01:30:00+00:00,1.1546499999999993,1.1549699999999994,1.1543199999999993,1.1543499999999993,2730
2026-07-06T02:00:00+00:00,1.1543499999999993,1.1545699999999994,1.1542499999999993,1.1544099999999993,2652
2026-07-06T02:30:00+00:00,1.1544099999999993,1.1549999999999994,1.1543499999999993,1.1548599999999993,2457
2026-07-06T03:00:00+00:00,1.1548599999999993,1.1550599999999993,1.1544099999999993,1.1544099999999993,2053
2026-07-06T03:30:00+00:00,1.1544099999999993,1.1546899999999993,1.1542899999999994,1.1546599999999994,2222
2026-07-06T04:00:00+00:00,1.1546599999999994,1.1548999999999994,1.1546399999999992,1.1546999999999994,1567
2026-07-06T04:30:00+00:00,1.1546999999999994,1.1548499999999993,1.1546499999999993,1.1547599999999993,1894
2026-07-06T05:00:00+00:00,1.1547599999999993,1.1547999999999994,1.1542399999999993,1.1543599999999994,1839
2026-07-06T05:30:00+00:00,1.1543599999999994,1.1547199999999993,1.1537699999999993,1.1538399999999993,2644
2026-07-06T06:00:00+00:00,1.1538399999999993,1.1543699999999992,1.1536399999999993,1.1538899999999994,3785
2026-07-06T06:30:00+00:00,1.1538899999999994,1.1540099999999993,1.1534699999999993,1.1537899999999994,4366
2026-07-06T07:00:00+00:00,1.1537899999999994,1.1543099999999993,1.1531499999999992,1.1537299999999993,5922
2026-07-06T07:30:00+00:00,1.1537299999999993,1.1542299999999994,1.1536599999999992,1.1541399999999993,4411
2026-07-06T08:00:00+00:00,1.1541399999999993,1.1541899999999994,1.1530599999999993,1.1533699999999993,3834
2026-07-06T08:30:00+00:00,1.1533699999999993,1.1535599999999993,1.1529999999999994,1.1535399999999993,3262
2026-07-06T09:00:00+00:00,1.1535399999999993,1.1536199999999994,1.1531699999999994,1.1533099999999994,3379
2026-07-06T09:30:00+00:00,1.1533099999999994,1.1534999999999993,1.1525999999999994,1.1528099999999992,2789
2026-07-06T10:00:00+00:00,1.1528099999999992,1.1534699999999993,1.1524499999999993,1.1530499999999992,3094
2026-07-06T10:30:00+00:00,1.1530499999999992,1.1536099999999994,1.1530299999999993,1.1534399999999994,2877
2026-07-06T11:00:00+00:00,1.1534399999999994,1.1535099999999994,1.1530599999999993,1.1532999999999993,2936
2026-07-06T11:30:00+00:00,1.1532999999999993,1.1534099999999994,1.1526699999999994,1.1529999999999994,3189
2026-07-06T12:00:00+00:00,1.1529999999999994,1.1534699999999993,1.1529099999999992,1.1532399999999994,4030
2026-07-06T12:30:00+00:00,1.1532399999999994,1.1532999999999993,1.1525499999999993,1.1528099999999992,3811
2026-07-06T13:00:00+00:00,1.1528099999999992,1.1537499999999994,1.1525899999999993,1.1535099999999994,4686
2026-07-06T13:30:00+00:00,1.1535099999999994,1.1536299999999993,1.1523199999999993,1.1527299999999994,5403
2026-07-06T14:00:00+00:00,1.1527299999999994,1.1534899999999992,1.1525399999999992,1.1529899999999993,5084
2026-07-06T14:30:00+00:00,1.1529899999999993,1.1533299999999993,1.1525999999999994,1.1531999999999993,4751
2026-07-06T15:00:00+00:00,1.1531999999999993,1.1534399999999994,1.1530199999999993,1.1532699999999994,4013
2026-07-06T15:30:00+00:00,1.1532699999999994,1.1541099999999993,1.1531399999999994,1.1540099999999993,3387
2026-07-06T16:00:00+00:00,1.1540099999999993,1.1545899999999993,1.1539799999999993,1.1544999999999994,2803
2026-07-06T16:30:00+00:00,1.1544999999999994,1.1546899999999993,1.1540899999999994,1.1545499999999993,2539
2026-07-06T17:00:00+00:00,1.1545499999999993,1.1551799999999994,1.1544999999999994,1.1550899999999993,1998
2026-07-06T17:30:00+00:00,1.1550899999999993,1.1554299999999993,1.1550399999999994,1.1550999999999993,2113
2026-07-06T18:00:00+00:00,1.1550999999999993,1.1553899999999993,1.1549999999999994,1.1553899999999993,1625
2026-07-06T18:30:00+00:00,1.1553899999999993,1.1559799999999993,1.1552699999999994,1.1557799999999994,1783
2026-07-06T19:00:00+00:00,1.1557799999999994,1.1557799999999994,1.1552799999999994,1.1553799999999994,2010
2026-07-06T19:30:00+00:00,1.1553799999999994,1.1556799999999994,1.1553699999999993,1.1555899999999992,2165
2026-07-06T20:00:00+00:00,1.1555899999999992,1.1556799999999994,1.1554499999999994,1.1556399999999993,1167
2026-07-06T20:30:00+00:00,1.1556399999999993,1.1556499999999994,1.1554499999999994,1.1556199999999994,878
2026-07-06T21:00:00+00:00,1.1556199999999994,1.1557099999999993,1.1552299999999993,1.1556499999999994,722
2026-07-06T21:30:00+00:00,1.1556499999999994,1.1561599999999994,1.1555799999999994,1.1559599999999994,1054
2026-07-06T22:00:00+00:00,1.1559599999999994,1.1559899999999994,1.1557199999999994,1.1557999999999993,607
2026-07-06T22:30:00+00:00,1.1557999999999993,1.1560199999999994,1.1557899999999994,1.1559999999999993,437
2026-07-06T23:00:00+00:00,1.1559999999999993,1.1562899999999994,1.1558899999999994,1.1558999999999993,767
2026-07-06T23:30:00+00:00,1.1558999999999993,1.1559999999999993,1.1556099999999994,1.1556299999999993,952
2026-07-07T00:00:00+00:00,1.1556299999999993,1.1557199999999994,1.1552899999999993,1.1553499999999994,2799
2026-07-07T00:30:00+00:00,1.1553499999999994,1.1556999999999993,1.1552799999999994,1.1553399999999994,2657
2026-07-07T01:00:00+00:00,1.1553399999999994,1.1555099999999994,1.1551999999999993,1.1554399999999994,2665
2026-07-07T01:30:00+00:00,1.1554399999999994,1.1562199999999994,1.1554299999999993,1.1558699999999993,4099
2026-07-07T02:00:00+00:00,1.1558699999999993,1.1560899999999994,1.1556399999999993,1.1556399999999993,2216
2026-07-07T02:30:00+00:00,1.1556399999999993,1.1558499999999994,1.1554299999999993,1.1554299999999993,1775
2026-07-07T03:00:00+00:00,1.1554299999999993,1.1557699999999993,1.1554099999999994,1.1554399999999994,1847
2026-07-07T03:30:00+00:00,1.1554399999999994,1.1554899999999992,1.1550999999999993,1.1551599999999993,1862
2026-07-07T04:00:00+00:00,1.1551599999999993,1.1553599999999993,1.1551199999999993,1.1551799999999994,1499
2026-07-07T04:30:00+00:00,1.1551799999999994,1.1554099999999994,1.1550299999999993,1.1550299999999993,1746
2026-07-07T05:00:00+00:00,1.1550299999999993,1.1552199999999992,1.1544999999999994,1.1545599999999994,3220
2026-07-07T05:30:00+00:00,1.1545599999999994,1.1548099999999992,1.1543099999999993,1.1546599999999994,2816
2026-07-07T06:00:00+00:00,1.1546599999999994,1.1547099999999992,1.1540199999999994,1.1542599999999994,3803
2026-07-07T06:30:00+00:00,1.1542599999999994,1.1546199999999993,1.1542399999999993,1.1544799999999993,2403
2026-07-07T07:00:00+00:00,1.1544799999999993,1.1546899999999993,1.1540899999999994,1.1541399999999993,3987
2026-07-07T07:30:00+00:00,1.1541399999999993,1.1545099999999993,1.1539699999999993,1.1539999999999992,3376
2026-07-07T08:00:00+00:00,1.1539999999999992,1.1548799999999992,1.1539799999999993,1.1547499999999993,3925
2026-07-07T08:30:00+00:00,1.1547499999999993,1.1550599999999993,1.1541899999999994,1.1542799999999993,4129
2026-07-07T09:00:00+00:00,1.1542799999999993,1.1544099999999993,1.1540399999999993,1.1542399999999993,3185
2026-07-07T09:30:00+00:00,1.1542399999999993,1.1544999999999994,1.1539499999999994,1.1539899999999994,2701
2026-07-07T10:00:00+00:00,1.1539899999999994,1.1545299999999994,1.1538299999999992,1.1544799999999993,2717
2026-07-07T10:30:00+00:00,1.1544799999999993,1.1549099999999992,1.1543899999999994,1.1548599999999993,2265
2026-07-07T11:00:00+00:00,1.1548599999999993,1.1553999999999993,1.1546399999999992,1.1551999999999993,3195
2026-07-07T11:30:00+00:00,1.1551999999999993,1.1551999999999993,1.1540199999999994,1.1547299999999994,4294
2026-07-07T12:00:00+00:00,1.1547299999999994,1.1556699999999993,1.1545799999999993,1.1555399999999993,4296
2026-07-07T12:30:00+00:00,1.1555399999999993,1.1556999999999993,1.1549199999999993,1.1551399999999994,3602
2026-07-07T13:00:00+00:00,1.1551399999999994,1.1552499999999992,1.1545299999999994,1.1549899999999993,4664
2026-07-07T13:30:00+00:00,1.1549899999999993,1.1556699999999993,1.1549099999999992,1.1551099999999994,6442
2026-07-07T14:00:00+00:00,1.1551099999999994,1.1552699999999994,1.1538499999999994,1.1544899999999994,7632
2026-07-07T14:30:00+00:00,1.1544899999999994,1.1551899999999993,1.1542799999999993,1.1547899999999993,5503
2026-07-07T15:00:00+00:00,1.1547899999999993,1.1549699999999994,1.1540299999999992,1.1543399999999993,5115
2026-07-07T15:30:00+00:00,1.1543399999999993,1.1543799999999993,1.1536999999999993,1.1537699999999993,3664
2026-07-07T16:00:00+00:00,1.1537699999999993,1.1540599999999994,1.1532899999999993,1.1533499999999994,3142
2026-07-07T16:30:00+00:00,1.1533499999999994,1.1538599999999992,1.1533299999999993,1.1538299999999992,2952
2026-07-07T17:00:00+00:00,1.1538299999999992,1.1541099999999993,1.1537099999999993,1.1538799999999994,2426
2026-07-07T17:30:00+00:00,1.1538799999999994,1.1544199999999993,1.1538099999999993,1.1542999999999992,1911
2026-07-07T18:00:00+00:00,1.1542999999999992,1.1544699999999992,1.1540399999999993,1.1542599999999994,2097
2026-07-07T18:30:00+00:00,1.1542599999999994,1.1543699999999992,1.1532199999999992,1.1533399999999994,5048
2026-07-07T19:00:00+00:00,1.1533399999999994,1.1534299999999993,1.1522899999999994,1.1527299999999994,6151
2026-07-07T19:30:00+00:00,1.1527299999999994,1.1531999999999993,1.1527199999999993,1.1531399999999994,3426
2026-07-07T20:00:00+00:00,1.1531399999999994,1.1532099999999994,1.1526999999999994,1.1528699999999994,1302
2026-07-07T20:30:00+00:00,1.1528699999999994,1.1528799999999992,1.1525199999999993,1.1527099999999992,1038
2026-07-07T21:00:00+00:00,1.1527099999999992,1.1527999999999994,1.1519999999999992,1.1521699999999993,849.6605841650849
2026-07-07T21:30:00+00:00,1.1521699999999993,1.1522699999999992,1.1516499999999994,1.1520299999999992,1369
2026-07-07T22:00:00+00:00,1.1520299999999992,1.1523799999999993,1.1519799999999993,1.1520099999999993,743
2026-07-07T22:30:00+00:00,1.1520099999999993,1.1522099999999993,1.1518099999999993,1.1521899999999994,479.7256788207913
2026-07-07T23:00:00+00:00,1.1521899999999994,1.1523299999999994,1.1518399999999995,1.1519799999999996,830
2026-07-07T23:30:00+00:00,1.1519799999999996,1.1520899999999994,1.1515199999999994,1.1516499999999994,797
2026-07-08T00:00:00+00:00,1.1516499999999994,1.1523399999999995,1.1515199999999994,1.1521999999999994,4182
2026-07-08T00:30:00+00:00,1.1521999999999994,1.1526499999999995,1.1521699999999995,1.1523099999999995,3132
2026-07-08T01:00:00+00:00,1.1523099999999995,1.1524499999999995,1.1518899999999994,1.1519099999999995,3049
2026-07-08T01:30:00+00:00,1.1519099999999995,1.1521199999999994,1.1513399999999994,1.1520499999999994,3480
2026-07-08T02:00:00+00:00,1.1520499999999994,1.1526899999999995,1.1519599999999994,1.1525899999999996,3396
2026-07-08T02:30:00+00:00,1.1525899999999996,1.1527599999999996,1.1523699999999995,1.1526299999999994,1800
2026-07-08T03:00:00+00:00,1.1526299999999994,1.1531599999999995,1.1526299999999994,1.1530299999999996,2192
2026-07-08T03:30:00+00:00,1.1530299999999996,1.1530499999999995,1.1528399999999994,1.1529499999999995,1621
2026-07-08T04:00:00+00:00,1.1529499999999995,1.1529699999999994,1.1525999999999994,1.1528399999999994,1776
2026-07-08T04:30:00+00:00,1.1528399999999994,1.1530899999999995,1.1527899999999995,1.1529399999999994,1976
2026-07-08T05:00:00+00:00,1.1529399999999994,1.1533699999999996,1.1527499999999995,1.1528599999999996,2960
2026-07-08T05:30:00+00:00,1.1528599999999996,1.1535699999999995,1.1528299999999994,1.1534599999999995,2933
2026-07-08T06:00:00+00:00,1.1534599999999995,1.1538499999999994,1.1532299999999995,1.1536999999999995,4876
2026-07-08T06:30:00+00:00,1.1536999999999995,1.1539099999999995,1.1532899999999995,1.1537499999999994,4818
2026-07-08T07:00:00+00:00,1.1537499999999994,1.1543599999999994,1.1531899999999995,1.1542899999999994,5605
2026-07-08T07:30:00+00:00,1.1542899999999994,1.1546599999999994,1.1540499999999994,1.1540699999999995,4616
2026-07-08T08:00:00+00:00,1.1540699999999995,1.1542599999999994,1.1515499999999994,1.1529199999999995,11444
2026-07-08T08:30:00+00:00,1.1529199999999995,1.1533599999999995,1.1520099999999995,1.1525299999999994,10039
2026-07-08T09:00:00+00:00,1.1525299999999994,1.1526399999999994,1.1511199999999995,1.1520599999999994,10861
2026-07-08T09:30:00+00:00,1.1520599999999994,1.1526599999999994,1.1518899999999994,1.1519399999999995,6566
2026-07-08T10:00:00+00:00,1.1519399999999995,1.1526999999999994,1.1516099999999994,1.1526399999999994,5418
2026-07-08T10:30:00+00:00,1.1526399999999994,1.1529699999999994,1.1523099999999995,1.1523499999999995,4121
2026-07-08T11:00:00+00:00,1.1523499999999995,1.1524699999999994,1.1519799999999996,1.1521399999999995,3602
2026-07-08T11:30:00+00:00,1.1521399999999995,1.1522099999999995,1.1507999999999994,1.1513299999999995,7588
2026-07-08T12:00:00+00:00,1.1513299999999995,1.1521799999999995,1.1512399999999994,1.1519999999999995,5898
2026-07-08T12:30:00+00:00,1.1519999999999995,1.1522099999999995,1.1510699999999994,1.1511199999999995,5651
2026-07-08T13:00:00+00:00,1.1511199999999995,1.1521199999999994,1.1510899999999995,1.1518299999999995,7461
2026-07-08T13:30:00+00:00,1.1518299999999995,1.1528899999999995,1.1518299999999995,1.1524899999999993,8268
2026-07-08T14:00:00+00:00,1.1524899999999993,1.1528299999999994,1.1520799999999995,1.1523399999999995,6986
2026-07-08T14:30:00+00:00,1.1523399999999995,1.1523599999999994,1.1518299999999995,1.1522399999999995,7077
2026-07-08T15:00:00+00:00,1.1522399999999995,1.1526899999999995,1.1514199999999994,1.1515399999999996,6642
2026-07-08T15:30:00+00:00,1.1515399999999996,1.1516199999999994,1.1506199999999995,1.1510099999999994,5892
2026-07-08T16:00:00+00:00,1.1510099999999994,1.1517999999999995,1.1509799999999994,1.1516599999999995,4802
2026-07-08T16:30:00+00:00,1.1516599999999995,1.1529799999999994,1.1515899999999994,1.1529199999999995,6054
2026-07-08T17:00:00+00:00,1.1529199999999995,1.1541699999999995,1.1529199999999995,1.1541099999999995,5179
2026-07-08T17:30:00+00:00,1.1541099999999995,1.1542099999999995,1.1533499999999994,1.1533499999999994,2827
2026-07-08T18:00:00+00:00,1.1533499999999994,1.1543799999999995,1.1531399999999994,1.1541099999999995,3822
2026-07-08T18:30:00+00:00,1.1541099999999995,1.1543999999999994,1.1538799999999994,1.1540399999999995,3335
2026-07-08T19:00:00+00:00,1.1540399999999995,1.1544599999999994,1.1540399999999995,1.1543899999999994,2257
2026-07-08T19:30:00+00:00,1.1543899999999994,1.1545399999999995,1.1537699999999995,1.1542599999999994,3539
2026-07-08T20:00:00+00:00,1.1542599999999994,1.1542899999999994,1.1535299999999995,1.1535299999999995,1502
2026-07-08T20:30:00+00:00,1.1535299999999995,1.1535299999999995,1.1530099999999994,1.1531099999999994,1559
2026-07-08T21:00:00+00:00,1.1531099999999994,1.1533799999999994,1.1529199999999995,1.1532799999999994,385.93374122742904
2026-07-08T21:30:00+00:00,1.1532799999999994,1.1533099999999994,1.1529799999999992,1.153199999999999,413.3610129920865
2026-07-08T22:00:00+00:00,1.153199999999999,1.153269999999999,1.153099999999999,1.153149999999999,463.96959000814553
2026-07-08T22:30:00+00:00,1.153149999999999,1.153409999999999,1.153149999999999,1.153389999999999,463.05358385525403
2026-07-08T23:00:00+00:00,1.153389999999999,1.153439999999999,1.153239999999999,1.1533599999999988,461.06796875
2026-07-08T23:30:00+00:00,1.1533599999999988,1.1537399999999989,1.153339999999999,1.1536399999999989,685
2026-07-09T00:00:00+00:00,1.1536399999999989,1.154389999999999,1.1536299999999988,1.1542699999999988,2767
2026-07-09T00:30:00+00:00,1.1542699999999988,1.154529999999999,1.153819999999999,1.1540799999999989,2679
2026-07-09T01:00:00+00:00,1.1540799999999989,1.1542399999999988,1.1536599999999988,1.1536899999999988,2657
2026-07-09T01:30:00+00:00,1.1536899999999988,1.1541299999999988,1.153509999999999,1.1540799999999989,2251
2026-07-09T02:00:00+00:00,1.1540799999999989,1.1543399999999988,1.1540599999999988,1.1541399999999988,2273
2026-07-09T02:30:00+00:00,1.1541399999999988,1.1542399999999988,1.1538299999999988,1.1539599999999988,2194
2026-07-09T03:00:00+00:00,1.1539599999999988,1.154189999999999,1.1537999999999988,1.1541399999999988,2106
2026-07-09T03:30:00+00:00,1.1541399999999988,1.1545399999999988,1.1541299999999988,1.1541999999999988,2192
2026-07-09T04:00:00+00:00,1.1541999999999988,1.1542499999999989,1.1538299999999988,1.154049999999999,1706
2026-07-09T04:30:00+00:00,1.154049999999999,1.1542399999999988,1.154019999999999,1.1541799999999989,1355
2026-07-09T05:00:00+00:00,1.1541799999999989,1.1549099999999988,1.154149999999999,1.1547499999999988,2875
2026-07-09T05:30:00+00:00,1.1547499999999988,1.154869999999999,1.1544999999999987,1.154589999999999,2722
2026-07-09T06:00:00+00:00,1.154589999999999,1.1562699999999988,1.154589999999999,1.1561999999999988,4926
2026-07-09T06:30:00+00:00,1.1561999999999988,1.156459999999999,1.1554699999999989,1.155709999999999,4823
2026-07-09T07:00:00+00:00,1.155709999999999,1.1557399999999989,1.155029999999999,1.1552999999999989,4527
2026-07-09T07:30:00+00:00,1.1552999999999989,1.1553599999999988,1.154769999999999,1.155069999999999,3352
2026-07-09T08:00:00+00:00,1.155069999999999,1.1553299999999989,1.154869999999999,1.155169999999999,3814
2026-07-09T08:30:00+00:00,1.155169999999999,1.155239999999999,1.1540699999999988,1.1541699999999988,3690
2026-07-09T09:00:00+00:00,1.1541699999999988,1.1543699999999988,1.1538899999999988,1.1542499999999989,3428
2026-07-09T09:30:00+00:00,1.1542499999999989,1.154659999999999,1.153919999999999,1.154589999999999,3256
2026-07-09T10:00:00+00:00,1.154589999999999,1.1546199999999989,1.154149999999999,1.1542299999999988,2727
2026-07-09T10:30:00+00:00,1.1542299999999988,1.1546799999999988,1.153609999999999,1.1538399999999989,4141
2026-07-09T11:00:00+00:00,1.1538399999999989,1.1541599999999987,1.1537199999999987,1.153879999999999,3519
2026-07-09T11:30:00+00:00,1.153879999999999,1.1545099999999988,1.153709999999999,1.154459999999999,3249
2026-07-09T12:00:00+00:00,1.154459999999999,1.1551099999999987,1.154459999999999,1.1547499999999988,4252
2026-07-09T12:30:00+00:00,1.1547499999999988,1.155069999999999,1.1537899999999988,1.1539999999999988,4287
2026-07-09T13:00:00+00:00,1.1539999999999988,1.1551799999999988,1.1539099999999989,1.1549499999999988,4445
2026-07-09T13:30:00+00:00,1.1549499999999988,1.155439999999999,1.1546699999999988,1.1554299999999988,5623
2026-07-09T14:00:00+00:00,1.1554299999999988,1.156119999999999,1.1551499999999988,1.1554199999999988,5692
2026-07-09T14:30:00+00:00,1.1554199999999988,1.1557899999999988,1.1546399999999988,1.1548099999999988,6428
2026-07-09T15:00:00+00:00,1.1548099999999988,1.1551199999999988,1.154429999999999,1.1548499999999988,4891
2026-07-09T15:30:00+00:00,1.1548499999999988,1.1555599999999988,1.1546099999999988,1.1553899999999988,3590
2026-07-09T16:00:00+00:00,1.1553899999999988,1.155649999999999,1.1551099999999987,1.1552299999999989,2703
2026-07-09T16:30:00+00:00,1.1552299999999989,1.1555999999999989,1.1550199999999988,1.155199999999999,2197
2026-07-09T17:00:00+00:00,1.155199999999999,1.155579999999999,1.154929999999999,1.1555199999999988,2535
2026-07-09T17:30:00+00:00,1.1555199999999988,1.155579999999999,1.1551099999999987,1.155269999999999,1733
2026-07-09T18:00:00+00:00,1.155269999999999,1.1553199999999988,1.1547099999999988,1.1547199999999989,2178
2026-07-09T18:30:00+00:00,1.1547199999999989,1.1549499999999988,1.154659999999999,1.154869999999999,1763
2026-07-09T19:00:00+00:00,1.154869999999999,1.1549499999999988,1.1543799999999989,1.154419999999999,1653
2026-07-09T19:30:00+00:00,1.154419999999999,1.1544399999999988,1.1540699999999988,1.1542799999999989,1817
2026-07-09T20:00:00+00:00,1.1542799999999989,1.154529999999999,1.1542399999999988,1.1543999999999988,861
2026-07-09T20:30:00+00:00,1.1543999999999988,1.154559999999999,1.154359999999999,1.1545099999999988,1002
2026-07-09T21:00:00+00:00,1.1545099999999988,1.1545799999999988,1.1543399999999988,1.1543399999999988,784.1026128997502
2026-07-09T21:30:00+00:00,1.1543399999999988,1.154629999999999,1.154289999999999,1.1542999999999988,1380
2026-07-09T22:00:00+00:00,1.1542999999999988,1.1548499999999988,1.1542999999999988,1.1548099999999988,408
2026-07-09T22:30:00+00:00,1.1548099999999988,1.1548799999999988,1.1547799999999988,1.1548599999999989,287
2026-07-09T23:00:00+00:00,1.1548599999999989,1.1549199999999988,1.1546699999999988,1.154729999999999,448
2026-07-09T23:30:00+00:00,1.154729999999999,1.154869999999999,1.1546899999999989,1.1548199999999988,491
2026-07-10T00:00:00+00:00,1.1548199999999988,1.154929999999999,1.154599999999999,1.1546499999999988,1924
2026-07-10T00:30:00+00:00,1.1546499999999988,1.1557299999999988,1.154559999999999,1.1555299999999988,3422
2026-07-10T01:00:00+00:00,1.1555299999999988,1.1562299999999988,1.1553199999999988,1.1557699999999989,4270
2026-07-10T01:30:00+00:00,1.1557699999999989,1.156489999999999,1.155709999999999,1.1562299999999988,4048
2026-07-10T02:00:00+00:00,1.1562299999999988,1.157509999999999,1.1562099999999988,1.1572199999999988,4996
2026-07-10T02:30:00+00:00,1.1572199999999988,1.1575999999999989,1.156999999999999,1.157339999999999,4308
2026-07-10T03:00:00+00:00,1.157339999999999,1.1574499999999988,1.156869999999999,1.157069999999999,2240
2026-07-10T03:30:00+00:00,1.157069999999999,1.1571899999999988,1.1562399999999988,1.1564499999999989,2078
2026-07-10T04:00:00+00:00,1.1564499999999989,1.1564499999999989,1.1559399999999989,1.156089999999999,1947
2026-07-10T04:30:00+00:00,1.156089999999999,1.1560999999999988,1.1554699999999989,1.155779999999999,1806
2026-07-10T05:00:00+00:00,1.155779999999999,1.1559599999999988,1.1552499999999988,1.155309999999999,2220
2026-07-10T05:30:00+00:00,1.155309999999999,1.1556199999999988,1.155069999999999,1.1554599999999988,2236
2026-07-10T06:00:00+00:00,1.1554599999999988,1.156259999999999,1.1554199999999988,1.155709999999999,4320
2026-07-10T06:30:00+00:00,1.155709999999999,1.1561299999999988,1.1554299999999988,1.1557199999999987,3807
2026-07-10T07:00:00+00:00,1.1557199999999987,1.155749999999999,1.1552499999999988,1.155479999999999,4183
2026-07-10T07:30:00+00:00,1.155479999999999,1.1556699999999989,1.155169999999999,1.155239999999999,3982
2026-07-10T08:00:00+00:00,1.155239999999999,1.1557399999999989,1.1547199999999989,1.1549099999999988,4962
2026-07-10T08:30:00+00:00,1.1549099999999988,1.155099999999999,1.1545499999999989,1.154559999999999,4167
2026-07-10T09:00:00+00:00,1.154559999999999,1.1549399999999987,1.1545499999999989,1.154759999999999,2951
2026-07-10T09:30:00+00:00,1.154759999999999,1.1548399999999988,1.1541799999999989,1.1542399999999988,2975
2026-07-10T10:00:00+00:00,1.1542399999999988,1.1548799999999988,1.1541799999999989,1.1548399999999988,2753
2026-07-10T10:30:00+00:00,1.1548399999999988,1.1550499999999988,1.154529999999999,1.1548499999999988,3408
2026-07-10T11:00:00+00:00,1.1548499999999988,1.155039999999999,1.1542299999999988,1.154529999999999,3154
2026-07-10T11:30:00+00:00,1.154529999999999,1.1547199999999989,1.1541699999999988,1.1546099999999988,3527
2026-07-10T12:00:00+00:00,1.1546099999999988,1.1556899999999988,1.1541799999999989,1.1543999999999988,5909
2026-07-10T12:30:00+00:00,1.1543999999999988,1.154559999999999,1.1538399999999989,1.154429999999999,4912
2026-07-10T13:00:00+00:00,1.154429999999999,1.154459999999999,1.1534699999999989,1.1535199999999988,4194
2026-07-10T13:30:00+00:00,1.1535199999999988,1.1541699999999988,1.1534699999999989,1.1535899999999988,5122
2026-07-10T14:00:00+00:00,1.1535899999999988,1.1541799999999989,1.1531899999999988,1.1541299999999988,4883
2026-07-10T14:30:00+00:00,1.1541299999999988,1.154359999999999,1.1526899999999989,1.1537599999999988,9844
2026-07-10T15:00:00+00:00,1.1537599999999988,1.154999999999999,1.153649999999999,1.154829999999999,6211
2026-07-10T15:30:00+00:00,1.154829999999999,1.1554199999999988,1.154659999999999,1.1552799999999988,4333
2026-07-10T16:00:00+00:00,1.1552799999999988,1.155639999999999,1.1550899999999988,1.1554299999999988,4626
2026-07-10T16:30:00+00:00,1.1554299999999988,1.1554599999999988,1.1544699999999988,1.1544799999999988,3378
2026-07-10T17:00:00+00:00,1.1544799999999988,1.1546399999999988,1.153749999999999,1.1539999999999988,2897
2026-07-10T17:30:00+00:00,1.1539999999999988,1.1539999999999988,1.1531799999999988,1.1532799999999988,2438
2026-07-10T18:00:00+00:00,1.1532799999999988,1.1533299999999989,1.152929999999999,1.1529799999999988,3192
2026-07-10T18:30:00+00:00,1.1529799999999988,1.153169999999999,1.1526899999999989,1.1531599999999989,2467
2026-07-10T19:00:00+00:00,1.1531599999999989,1.1531599999999989,1.1529099999999988,1.1531099999999987,1695
2026-07-10T19:30:00+00:00,1.1531099999999987,1.153239999999999,1.152899999999999,1.1530899999999988,2182
2026-07-10T20:00:00+00:00,1.1530899999999988,1.153339999999999,1.1529099999999988,1.1529599999999989,1177
2026-07-10T20:30:00+00:00,1.1529599999999989,1.1530099999999988,1.152659999999999,1.1529799999999988,1532.587559022788
2026-07-12T21:00:00+00:00,1.1529799999999988,1.1534799999999987,1.1529799999999988,1.1533299999999986,199.02123898528316
2026-07-12T21:30:00+00:00,1.1533299999999986,1.1534999999999984,1.1530899999999986,1.1532399999999985,230.2013695107413
2026-07-12T22:00:00+00:00,1.1532399999999985,1.1532799999999985,1.1518199999999985,1.1524699999999986,2839
2026-07-12T22:30:00+00:00,1.1524699999999986,1.1525899999999984,1.1523599999999985,1.1524499999999984,1386
2026-07-12T23:00:00+00:00,1.1524499999999984,1.1528199999999984,1.1522799999999984,1.1528099999999986,1290
2026-07-12T23:30:00+00:00,1.1528099999999986,1.1533999999999984,1.1525899999999984,1.1533999999999984,2175
2026-07-13T00:00:00+00:00,1.1533999999999984,1.1535199999999985,1.1527599999999985,1.1531399999999985,4672
2026-07-13T00:30:00+00:00,1.1531399999999985,1.1533099999999985,1.1524399999999986,1.1525199999999984,4059
2026-07-13T01:00:00+00:00,1.1525199999999984,1.1525399999999986,1.1514099999999985,1.1519499999999985,4707
2026-07-13T01:30:00+00:00,1.1519499999999985,1.1527399999999985,1.1518799999999985,1.1527199999999984,4581
2026-07-13T02:00:00+00:00,1.1527199999999984,1.1528099999999986,1.1523299999999985,1.1525199999999984,3236
2026-07-13T02:30:00+00:00,1.1525199999999984,1.1529599999999984,1.1523999999999985,1.1523999999999985,2450
2026-07-13T03:00:00+00:00,1.1523999999999985,1.1525599999999985,1.1520499999999985,1.1524899999999985,2481
2026-07-13T03:30:00+00:00,1.1524899999999985,1.1528799999999986,1.1524599999999985,1.1528799999999986,1974
2026-07-13T04:00:00+00:00,1.1528799999999986,1.1531199999999986,1.1526699999999985,1.1531199999999986,1797
2026-07-13T04:30:00+00:00,1.1531199999999986,1.1534899999999986,1.1530499999999986,1.1533599999999984,1582
2026-07-13T05:00:00+00:00,1.1533599999999984,1.1538999999999986,1.1530999999999985,1.1531299999999984,3242
2026-07-13T05:30:00+00:00,1.1531299999999984,1.1533899999999986,1.1526599999999985,1.1528299999999985,5014
2026-07-13T06:00:00+00:00,1.1528299999999985,1.1533699999999985,1.1525599999999985,1.1533499999999985,5275
2026-07-13T06:30:00+00:00,1.1533499999999985,1.1537399999999984,1.1529899999999984,1.1530699999999985,4635
2026-07-13T07:00:00+00:00,1.1530699999999985,1.1540299999999986,1.1530699999999985,1.1538999999999986,5954
2026-07-13T07:30:00+00:00,1.1538999999999986,1.1555999999999984,1.1536599999999986,1.1554599999999986,6448
2026-07-13T08:00:00+00:00,1.1554599999999986,1.1575699999999984,1.1553999999999984,1.1568299999999985,9587
2026-07-13T08:30:00+00:00,1.1568299999999985,1.1570499999999986,1.1565399999999986,1.1565799999999984,5178
2026-07-13T09:00:00+00:00,1.1565799999999984,1.1567199999999984,1.1558199999999985,1.1561599999999985,4316
2026-07-13T09:30:00+00:00,1.1561599999999985,1.1562799999999984,1.1557199999999985,1.1561299999999985,4008
2026-07-13T10:00:00+00:00,1.1561299999999985,1.1564599999999985,1.1557599999999986,1.1558999999999986,3822
2026-07-13T10:30:00+00:00,1.1558999999999986,1.1565399999999986,1.1555799999999985,1.1565399999999986,3609
2026-07-13T11:00:00+00:00,1.1565399999999986,1.1567099999999986,1.1554999999999984,1.1558999999999986,4369
2026-07-13T11:30:00+00:00,1.1558999999999986,1.1560899999999985,1.1556499999999985,1.1557299999999986,3592
2026-07-13T12:00:00+00:00,1.1557299999999986,1.1560599999999985,1.1550399999999985,1.1553899999999986,5622
2026-07-13T12:30:00+00:00,1.1553899999999986,1.1560699999999986,1.1551599999999984,1.1560599999999985,4837
2026-07-13T13:00:00+00:00,1.1560599999999985,1.1563099999999984,1.1552699999999985,1.1554399999999985,5351
2026-07-13T13:30:00+00:00,1.1554399999999985,1.1559499999999985,1.1544099999999984,1.1544299999999985,7241
2026-07-13T14:00:00+00:00,1.1544299999999985,1.1545899999999985,1.1530099999999985,1.1537699999999984,11178
2026-07-13T14:30:00+00:00,1.1537699999999984,1.1538999999999986,1.1527999999999985,1.1535999999999984,7412
2026-07-13T15:00:00+00:00,1.1535999999999984,1.1536399999999984,1.1526399999999986,1.1529299999999985,5413
2026-07-13T15:30:00+00:00,1.1529299999999985,1.1533699999999985,1.1526299999999985,1.1531399999999985,4448
2026-07-13T16:00:00+00:00,1.1531399999999985,1.1532499999999986,1.1518799999999985,1.1520899999999985,4138
2026-07-13T16:30:00+00:00,1.1520899999999985,1.1521899999999985,1.1512499999999986,1.1518599999999986,9212
2026-07-13T17:00:00+00:00,1.1518599999999986,1.1520599999999985,1.1515199999999985,1.1517399999999984,3790
2026-07-13T17:30:00+00:00,1.1517399999999984,1.1519899999999985,1.1515399999999985,1.1516099999999985,2748
2026-07-13T18:00:00+00:00,1.1516099999999985,1.1518599999999986,1.1514599999999986,1.1516699999999984,3044
2026-07-13T18:30:00+00:00,1.1516699999999984,1.1518699999999984,1.1515599999999986,1.1517299999999986,2777
2026-07-13T19:00:00+00:00,1.1517299999999986,1.1517699999999984,1.1511499999999986,1.1512699999999985,2969
2026-07-13T19:30:00+00:00,1.1512699999999985,1.1514399999999985,1.1512099999999985,1.1513399999999985,2320
2026-07-13T20:00:00+00:00,1.1513399999999985,1.1514199999999986,1.1507399999999985,1.1509499999999986,1406
2026-07-13T20:30:00+00:00,1.1509499999999986,1.1511499999999986,1.1508099999999986,1.1511399999999985,839
2026-07-13T21:00:00+00:00,1.1511399999999985,1.1514999999999984,1.1510399999999983,1.1514799999999983,356.053207216817
2026-07-13T21:30:00+00:00,1.1514799999999983,1.1516899999999983,1.1511199999999984,1.1512499999999983,1520
2026-07-13T22:00:00+00:00,1.1512499999999983,1.1517899999999983,1.1512499999999983,1.1515299999999984,706
2026-07-13T22:30:00+00:00,1.1515299999999984,1.1516599999999984,1.1512399999999983,1.1512399999999983,881
2026-07-13T23:00:00+00:00,1.1512399999999983,1.1514599999999984,1.1511699999999983,1.1512699999999982,1008
2026-07-13T23:30:00+00:00,1.1512699999999982,1.1515499999999983,1.1511899999999984,1.1514999999999984,1882
2026-07-14T00:00:00+00:00,1.1514999999999984,1.1518199999999983,1.1509799999999983,1.1511999999999984,5791
2026-07-14T00:30:00+00:00,1.1511999999999984,1.1520999999999983,1.1511299999999984,1.1516399999999984,5609
2026-07-14T01:00:00+00:00,1.1516399999999984,1.1521799999999984,1.1516099999999982,1.1516699999999984,4169
2026-07-14T01:30:00+00:00,1.1516699999999984,1.1522099999999984,1.1516699999999984,1.1520399999999984,3663
2026-07-14T02:00:00+00:00,1.1520399999999984,1.1525499999999984,1.1520399999999984,1.1525199999999984,3045
2026-07-14T02:30:00+00:00,1.1525199999999984,1.1525899999999984,1.1522299999999983,1.1522299999999983,2624
2026-07-14T03:00:00+00:00,1.1522299999999983,1.1524799999999984,1.1519899999999983,1.1524699999999983,2918
2026-07-14T03:30:00+00:00,1.1524699999999983,1.1528299999999982,1.1524199999999984,1.1525199999999984,2875
2026-07-14T04:00:00+00:00,1.1525199999999984,1.1526199999999984,1.1521999999999983,1.1524199999999984,2266
2026-07-14T04:30:00+00:00,1.1524199999999984,1.1525599999999983,1.1519099999999984,1.1522199999999982,2734
2026-07-14T05:00:00+00:00,1.1522199999999982,1.1526199999999984,1.1522099999999984,1.1525599999999983,2113
2026-07-14T05:30:00+00:00,1.1525599999999983,1.1527499999999984,1.1522599999999983,1.1523399999999984,3259
2026-07-14T06:00:00+00:00,1.1523399999999984,1.1524199999999984,1.1517799999999982,1.1518799999999982,4106
2026-07-14T06:30:00+00:00,1.1518799999999982,1.1525399999999983,1.1516199999999983,1.1517799999999982,4298
2026-07-14T07:00:00+00:00,1.1517799999999982,1.1526399999999983,1.1515799999999983,1.1525399999999983,4958
2026-07-14T07:30:00+00:00,1.1525399999999983,1.1529199999999984,1.1520699999999984,1.1527499999999984,4761
2026-07-14T08:00:00+00:00,1.1527499999999984,1.1532299999999984,1.1524799999999984,1.1531799999999983,4688
2026-07-14T08:30:00+00:00,1.1531799999999983,1.1537599999999983,1.1529899999999984,1.1531099999999983,5018
2026-07-14T09:00:00+00:00,1.1531099999999983,1.1535299999999984,1.1529199999999984,1.1529899999999984,4126
2026-07-14T09:30:00+00:00,1.1529899999999984,1.1534499999999983,1.1526499999999984,1.1532599999999984,3902
2026-07-14T10:00:00+00:00,1.1532599999999984,1.1533299999999984,1.1525699999999983,1.1526699999999983,3697
2026-07-14T10:30:00+00:00,1.1526699999999983,1.1528699999999983,1.1522599999999983,1.1523499999999984,3918
2026-07-14T11:00:00+00:00,1.1523499999999984,1.1528499999999984,1.1521499999999982,1.1526999999999983,4386
2026-07-14T11:30:00+00:00,1.1526999999999983,1.1540999999999983,1.1526899999999984,1.1538199999999983,4386
2026-07-14T12:00:00+00:00,1.1538199999999983,1.1546799999999984,1.1535599999999984,1.1544499999999984,5916
2026-07-14T12:30:00+00:00,1.1544499999999984,1.1593899999999984,1.1537799999999983,1.1577599999999983,24930
2026-07-14T13:00:00+00:00,1.1577599999999983,1.1586699999999983,1.1573199999999984,1.1581599999999983,14922
2026-07-14T13:30:00+00:00,1.1581599999999983,1.1585999999999983,1.1578499999999983,1.1583099999999984,10670
2026-07-14T14:00:00+00:00,1.1583099999999984,1.1590599999999984,1.1575299999999984,1.1575899999999983,10283
2026-07-14T14:30:00+00:00,1.1575899999999983,1.1590399999999983,1.1571799999999983,1.1576799999999983,9613
2026-07-14T15:00:00+00:00,1.1576799999999983,1.1585299999999983,1.1572499999999983,1.1573199999999984,8871
2026-07-14T15:30:00+00:00,1.1573199999999984,1.1575299999999984,1.1557399999999984,1.1558699999999984,8001
2026-07-14T16:00:00+00:00,1.1558699999999984,1.1562499999999984,1.1555799999999983,1.1561999999999983,5003
2026-07-14T16:30:00+00:00,1.1561999999999983,1.1565999999999983,1.1561399999999984,1.1563599999999983,2952
2026-07-14T17:00:00+00:00,1.1563599999999983,1.1564899999999982,1.1550899999999984,1.1557499999999983,4170
2026-07-14T17:30:00+00:00,1.1557499999999983,1.1559899999999983,1.1554399999999982,1.1554999999999984,2819
2026-07-14T18:00:00+00:00,1.1554999999999984,1.1557999999999984,1.1551799999999983,1.1553099999999983,2771
2026-07-14T18:30:00+00:00,1.1553099999999983,1.1555499999999983,1.1547799999999984,1.1554999999999984,3366
2026-07-14T19:00:00+00:00,1.1554999999999984,1.1557699999999984,1.1554499999999983,1.1556099999999982,2477
2026-07-14T19:30:00+00:00,1.1556099999999982,1.1556199999999983,1.1551999999999982,1.1551999999999982,3670
2026-07-14T20:00:00+00:00,1.1551999999999982,1.1554099999999983,1.1549999999999983,1.1551099999999983,1536
2026-07-14T20:30:00+00:00,1.1551099999999983,1.1553199999999983,1.1550899999999984,1.1551499999999983,1069
2026-07-14T21:00:00+00:00,1.1551499999999983,1.1551499999999983,1.1548999999999983,1.1550199999999984,715
2026-07-14T21:30:00+00:00,1.1550199999999984,1.1553599999999984,1.1548399999999983,1.1549699999999983,1510
2026-07-14T22:00:00+00:00,1.1549699999999983,1.1554499999999983,1.1548999999999983,1.1551699999999983,1039
2026-07-14T22:30:00+00:00,1.1551699999999983,1.1553199999999983,1.1550799999999983,1.1552199999999984,760
2026-07-14T23:00:00+00:00,1.1552199999999984,1.1554199999999983,1.1551599999999984,1.1554199999999983,735
2026-07-14T23:30:00+00:00,1.1554199999999983,1.1556499999999983,1.1553099999999983,1.1555999999999984,978
2026-07-15T00:00:00+00:00,1.1555999999999984,1.1561899999999983,1.1555499999999983,1.1560999999999984,2687
2026-07-15T00:30:00+00:00,1.1560999999999984,1.1565799999999984,1.1557899999999983,1.1564699999999983,2702
2026-07-15T01:00:00+00:00,1.1564699999999983,1.1568999999999983,1.1564099999999984,1.1567599999999982,3744
2026-07-15T01:30:00+00:00,1.1567599999999982,1.1568399999999983,1.1564299999999983,1.1567099999999984,2831
2026-07-15T02:00:00+00:00,1.1567099999999984,1.1570799999999983,1.1564899999999982,1.1566799999999984,2630
2026-07-15T02:30:00+00:00,1.1566799999999984,1.1573799999999983,1.1566499999999984,1.1571899999999984,2426
2026-07-15T03:00:00+00:00,1.1571899999999984,1.1573899999999984,1.1564999999999983,1.1566599999999982,2571
2026-07-15T03:30:00+00:00,1.1566599999999982,1.1569999999999983,1.1565599999999983,1.1569599999999984,1864
2026-07-15T04:00:00+00:00,1.1569599999999984,1.1571999999999982,1.1568399999999983,1.1570799999999983,1700
2026-07-15T04:30:00+00:00,1.1570799999999983,1.1572399999999983,1.1568099999999983,1.1568499999999984,1583
2026-07-15T05:00:00+00:00,1.1568499999999984,1.1569999999999983,1.1566899999999984,1.1569099999999983,2549
2026-07-15T05:30:00+00:00,1.1569099999999983,1.1574899999999984,1.1568899999999984,1.1571999999999982,2724
2026-07-15T06:00:00+00:00,1.1571999999999982,1.1575399999999982,1.1570999999999982,1.1573499999999983,3083
2026-07-15T06:30:00+00:00,1.1573499999999983,1.1573599999999984,1.1559599999999983,1.1560299999999983,5307
2026-07-15T07:00:00+00:00,1.1560299999999983,1.1563599999999983,1.1551499999999983,1.1554099999999983,5696
2026-07-15T07:30:00+00:00,1.1554099999999983,1.1556799999999983,1.1552699999999982,1.1554999999999984,4143
2026-07-15T08:00:00+00:00,1.1554999999999984,1.1559099999999984,1.1552999999999984,1.1556999999999984,4169
2026-07-15T08:30:00+00:00,1.1556999999999984,1.1558399999999984,1.1552599999999984,1.1555899999999983,3359
2026-07-15T09:00:00+00:00,1.1555899999999983,1.1557599999999983,1.1551899999999984,1.1553599999999984,3873
2026-07-15T09:30:00+00:00,1.1553599999999984,1.1554299999999984,1.1548199999999984,1.1548599999999984,3923
2026-07-15T10:00:00+00:00,1.1548599999999984,1.1549899999999984,1.1543799999999984,1.1544799999999984,4123
2026-07-15T10:30:00+00:00,1.1544799999999984,1.1547599999999982,1.1542299999999983,1.1547499999999984,3171
2026-07-15T11:00:00+00:00,1.1547499999999984,1.1550999999999982,1.1546799999999984,1.1547499999999984,3439
2026-07-15T11:30:00+00:00,1.1547499999999984,1.1550799999999983,1.1541699999999984,1.1543399999999984,5087
2026-07-15T12:00:00+00:00,1.1543399999999984,1.1546699999999983,1.1537499999999983,1.1545099999999984,5043
2026-07-15T12:30:00+00:00,1.1545099999999984,1.1561799999999984,1.1544899999999982,1.1560099999999984,8022
2026-07-15T13:00:00+00:00,1.1560099999999984,1.1565399999999983,1.1555299999999984,1.1556199999999983,6611
2026-07-15T13:30:00+00:00,1.1556199999999983,1.1567099999999984,1.1555599999999984,1.1561699999999984,7017
2026-07-15T14:00:00+00:00,1.1561699999999984,1.1567199999999984,1.1561699999999984,1.1563999999999983,6681
2026-07-15T14:30:00+00:00,1.1563999999999983,1.1573099999999983,1.1563999999999983,1.1568599999999984,9541
2026-07-15T15:00:00+00:00,1.1568599999999984,1.1573199999999984,1.1564999999999983,1.1571099999999983,6410
2026-07-15T15:30:00+00:00,1.1571099999999983,1.1571099999999983,1.1563399999999984,1.1566899999999984,5484
2026-07-15T16:00:00+00:00,1.1566899999999984,1.1571399999999983,1.1561899999999983,1.1570399999999983,4753
2026-07-15T16:30:00+00:00,1.1570399999999983,1.1573899999999984,1.1565899999999982,1.1573799999999983,5385
2026-07-15T17:00:00+00:00,1.1573799999999983,1.1587499999999984,1.1573599999999984,1.1587499999999984,4777
2026-07-15T17:30:00+00:00,1.1587499999999984,1.1606399999999983,1.1587199999999984,1.1604899999999982,6569
2026-07-15T18:00:00+00:00,1.1604899999999982,1.1610299999999982,1.1603899999999983,1.1609999999999983,3813
2026-07-15T18:30:00+00:00,1.1609999999999983,1.1614199999999983,1.1597599999999983,1.1598299999999984,4190
2026-07-15T19:00:00+00:00,1.1598299999999984,1.1606399999999983,1.1597399999999984,1.1604399999999984,4108
2026-07-15T19:30:00+00:00,1.1604399999999984,1.1604499999999984,1.1593099999999983,1.1595599999999984,4716
2026-07-15T20:00:00+00:00,1.1595599999999984,1.1596199999999983,1.1592499999999983,1.1595399999999982,1211
2026-07-15T20:30:00+00:00,1.1595399999999982,1.1595699999999984,1.1591499999999983,1.1591799999999983,1072
2026-07-15T21:00:00+00:00,1.1591799999999983,1.1595299999999984,1.1591399999999983,1.1594599999999984,117.7243443970234
2026-07-15T21:30:00+00:00,1.1594599999999984,1.1597399999999984,1.1593699999999985,1.1593899999999984,1445
2026-07-15T22:00:00+00:00,1.1593899999999984,1.1600299999999983,1.1593899999999984,1.1599599999999983,709
2026-07-15T22:30:00+00:00,1.1599599999999983,1.1599899999999983,1.1597699999999984,1.1599399999999984,615.1089622028509
2026-07-15T23:00:00+00:00,1.1599399999999984,1.1601999999999986,1.1598899999999983,1.1601499999999985,753.0397751229796
2026-07-15T23:30:00+00:00,1.1601499999999985,1.1602999999999986,1.1600499999999985,1.1601999999999986,981
2026-07-16T00:00:00+00:00,1.1601999999999986,1.1606199999999984,1.1601499999999985,1.1604099999999986,2571
2026-07-16T00:30:00+00:00,1.1604099999999986,1.1606799999999986,1.1599499999999985,1.1606099999999986,3952
2026-07-16T01:00:00+00:00,1.1606099999999986,1.1606299999999985,1.1600899999999985,1.1601899999999985,3420
2026-07-16T01:30:00+00:00,1.1601899999999985,1.1602899999999985,1.1597299999999986,1.1598099999999985,3134
2026-07-16T02:00:00+00:00,1.1598099999999985,1.1598199999999985,1.1592499999999986,1.1596599999999986,2463
2026-07-16T02:30:00+00:00,1.1596599999999986,1.1597399999999984,1.1593899999999986,1.1596899999999986,2101
2026-07-16T03:00:00+00:00,1.1596899999999986,1.1600499999999985,1.1595599999999986,1.1600199999999985,1878
2026-07-16T03:30:00+00:00,1.1600199999999985,1.1601099999999984,1.1597799999999985,1.1598899999999985,1681
2026-07-16T04:00:00+00:00,1.1598899999999985,1.1598899999999985,1.1595299999999986,1.1595399999999985,1693
2026-07-16T04:30:00+00:00,1.1595399999999985,1.1599299999999986,1.1595299999999986,1.1598499999999985,1618
2026-07-16T05:00:00+00:00,1.1598499999999985,1.1600599999999985,1.1597999999999986,1.1598899999999985,1946
2026-07-16T05:30:00+00:00,1.1598899999999985,1.1601099999999984,1.1594499999999985,1.1595599999999986,3517
2026-07-16T06:00:00+00:00,1.1595599999999986,1.1601599999999985,1.1595499999999985,1.1600399999999986,3854
2026-07-16T06:30:00+00:00,1.1600399999999986,1.1603199999999985,1.1597399999999984,1.1600599999999985,3615
2026-07-16T07:00:00+00:00,1.1600599999999985,1.1604299999999985,1.1598899999999985,1.1601399999999986,3960
2026-07-16T07:30:00+00:00,1.1601399999999986,1.1608499999999986,1.1599499999999985,1.1601499999999985,4086
2026-07-16T08:00:00+00:00,1.1601499999999985,1.1604099999999986,1.1594699999999984,1.1597199999999985,4963
2026-07-16T08:30:00+00:00,1.1597199999999985,1.1600599999999985,1.1595099999999985,1.1598099999999985,3907
2026-07-16T09:00:00+00:00,1.1598099999999985,1.1598899999999985,1.1594999999999984,1.1595699999999984,3354
2026-07-16T09:30:00+00:00,1.1595699999999984,1.1600399999999986,1.1592799999999985,1.1598499999999985,3330
2026-07-16T10:00:00+00:00,1.1598499999999985,1.1600599999999985,1.1596599999999986,1.1597599999999986,2663
2026-07-16T10:30:00+00:00,1.1597599999999986,1.1598599999999986,1.1591499999999986,1.1591999999999985,3641
2026-07-16T11:00:00+00:00,1.1591999999999985,1.1595299999999986,1.1590399999999985,1.1592499999999986,3451
2026-07-16T11:30:00+00:00,1.1592499999999986,1.1601099999999984,1.1589099999999986,1.1600799999999984,5528
2026-07-16T12:00:00+00:00,1.1600799999999984,1.1602999999999986,1.1592099999999985,1.1595799999999985,5462
2026-07-16T12:30:00+00:00,1.1595799999999985,1.1597299999999986,1.1579199999999985,1.1579699999999986,6577
2026-07-16T13:00:00+00:00,1.1579699999999986,1.1590599999999984,1.1576799999999985,1.1590299999999985,5888
2026-07-16T13:30:00+00:00,1.1590299999999985,1.1591299999999984,1.1581799999999984,1.1581899999999985,6932
2026-07-16T14:00:00+00:00,1.1581899999999985,1.1586099999999986,1.1577199999999985,1.1581499999999985,6350
2026-07-16T14:30:00+00:00,1.1581499999999985,1.1584199999999985,1.1572299999999984,1.1575199999999986,6233
2026-07-16T15:00:00+00:00,1.1575199999999986,1.1576099999999985,1.1568699999999985,1.1572699999999985,5467
2026-07-16T15:30:00+00:00,1.1572699999999985,1.1581799999999984,1.1572299999999984,1.1579199999999985,3688
2026-07-16T16:00:00+00:00,1.1579199999999985,1.1579399999999984,1.1567799999999986,1.1568399999999985,4214
2026-07-16T16:30:00+00:00,1.1568399999999985,1.1570799999999986,1.1566299999999985,1.1566999999999985,2756
2026-07-16T17:00:00+00:00,1.1566999999999985,1.1567499999999986,1.1563399999999986,1.1567399999999985,2597
2026-07-16T17:30:00+00:00,1.1567399999999985,1.1570599999999984,1.1564899999999985,1.1568699999999985,2777
2026-07-16T18:00:00+00:00,1.1568699999999985,1.1571399999999985,1.1567299999999985,1.1568799999999986,2670
2026-07-16T18:30:00+00:00,1.1568799999999986,1.1570999999999985,1.1567999999999985,1.1570699999999985,2227
2026-07-16T19:00:00+00:00,1.1570699999999985,1.1572199999999986,1.1566599999999985,1.1567499999999986,2350
2026-07-16T19:30:00+00:00,1.1567499999999986,1.1573899999999986,1.1567399999999985,1.1572699999999985,2598
2026-07-16T20:00:00+00:00,1.1572699999999985,1.1574199999999986,1.1570899999999986,1.1571899999999986,1259
2026-07-16T20:30:00+00:00,1.1571899999999986,1.1576499999999985,1.1571699999999985,1.1573999999999984,1220
2026-07-16T21:00:00+00:00,1.1573999999999984,1.1574599999999984,1.1570899999999986,1.1574399999999985,173.83283375772936
2026-07-16T21:30:00+00:00,1.1574399999999985,1.1575299999999984,1.1573699999999985,1.1575099999999985,333
2026-07-16T22:00:00+00:00,1.1575099999999985,1.1578099999999985,1.1574999999999984,1.1576999999999984,394
2026-07-16T22:30:00+00:00,1.1576999999999984,1.1577199999999983,1.1575299999999984,1.1576599999999984,495.73223140495867
2026-07-16T23:00:00+00:00,1.1576599999999984,1.1578599999999983,1.1575899999999983,1.1577899999999983,647.4355400696863
2026-07-16T23:30:00+00:00,1.1577899999999983,1.1579699999999984,1.1576899999999983,1.1578399999999982,765
2026-07-17T00:00:00+00:00,1.1578399999999982,1.1579399999999982,1.1574899999999984,1.1575199999999983,2939
2026-07-17T00:30:00+00:00,1.1575199999999983,1.1580099999999982,1.1574399999999982,1.1580099999999982,2680
2026-07-17T01:00:00+00:00,1.1580099999999982,1.1581299999999983,1.1576599999999984,1.1576699999999982,2773
2026-07-17T01:30:00+00:00,1.1576699999999982,1.1577599999999983,1.1570599999999982,1.1572399999999983,2408
2026-07-17T02:00:00+00:00,1.1572399999999983,1.1574599999999984,1.1572099999999983,1.1572199999999984,2105
2026-07-17T02:30:00+00:00,1.1572199999999984,1.1573299999999982,1.1569899999999982,1.1570199999999984,2178
2026-07-17T03:00:00+00:00,1.1570199999999984,1.1573299999999982,1.1569699999999983,1.1572499999999983,1915
2026-07-17T03:30:00+00:00,1.1572499999999983,1.1572999999999982,1.1569099999999983,1.1572499999999983,1587
2026-07-17T04:00:00+00:00,1.1572499999999983,1.1572599999999982,1.1569399999999983,1.1569599999999982,1400
2026-07-17T04:30:00+00:00,1.1569599999999982,1.1571299999999982,1.1567899999999982,1.1569299999999982,1521
2026-07-17T05:00:00+00:00,1.1569299999999982,1.1571299999999982,1.1568899999999982,1.1570199999999984,1656
2026-07-17T05:30:00+00:00,1.1570199999999984,1.1576799999999983,1.1570199999999984,1.1572899999999984,3270
2026-07-17T06:00:00+00:00,1.1572899999999984,1.1584399999999984,1.1572899999999984,1.1581699999999984,4023
2026-07-17T06:30:00+00:00,1.1581699999999984,1.1585299999999983,1.1581099999999982,1.1582999999999983,3946
2026-07-17T07:00:00+00:00,1.1582999999999983,1.1585399999999983,1.1577499999999983,1.1579999999999984,3720
2026-07-17T07:30:00+00:00,1.1579999999999984,1.1583199999999982,1.1577599999999983,1.1577999999999984,3005
2026-07-17T08:00:00+00:00,1.1577999999999984,1.1581099999999982,1.1568999999999983,1.1573499999999983,5098
2026-07-17T08:30:00+00:00,1.1573499999999983,1.1576799999999983,1.1572499999999983,1.1574399999999982,3971
2026-07-17T09:00:00+00:00,1.1574399999999982,1.1575599999999984,1.1570299999999982,1.1574999999999982,4304
2026-07-17T09:30:00+00:00,1.1574999999999982,1.1575099999999983,1.1569599999999982,1.1573599999999984,3057
2026-07-17T10:00:00+00:00,1.1573599999999984,1.1573599999999984,1.1564499999999982,1.1565599999999983,3778
2026-07-17T10:30:00+00:00,1.1565599999999983,1.1567099999999984,1.1559299999999983,1.1559999999999984,3765
2026-07-17T11:00:00+00:00,1.1559999999999984,1.1563999999999983,1.1557799999999983,1.1563599999999983,3964
2026-07-17T11:30:00+00:00,1.1563599999999983,1.1569299999999982,1.1562499999999982,1.1563299999999983,3338
2026-07-17T12:00:00+00:00,1.1563299999999983,1.1568599999999982,1.1563299999999983,1.1567599999999982,3597
2026-07-17T12:30:00+00:00,1.1567599999999982,1.1567599999999982,1.1558299999999984,1.1562299999999983,3806
2026-07-17T13:00:00+00:00,1.1562299999999983,1.1564999999999983,1.1557699999999982,1.1558499999999983,5307
2026-07-17T13:30:00+00:00,1.1558499999999983,1.1569899999999982,1.1558099999999982,1.1568999999999983,7613
2026-07-17T14:00:00+00:00,1.1568999999999983,1.1574299999999982,1.1566199999999982,1.1568599999999982,5915
2026-07-17T14:30:00+00:00,1.1568599999999982,1.1577399999999982,1.1568199999999982,1.1572999999999982,5180
2026-07-17T15:00:00+00:00,1.1572999999999982,1.1577699999999982,1.1571899999999984,1.1574699999999982,4670
2026-07-17T15:30:00+00:00,1.1574699999999982,1.1575899999999983,1.1570499999999984,1.1573199999999984,4350
2026-07-17T16:00:00+00:00,1.1573199999999984,1.1574799999999983,1.1567499999999984,1.1574199999999983,4458
2026-07-17T16:30:00+00:00,1.1574199999999983,1.1574599999999984,1.1570399999999983,1.1571499999999983,2491
2026-07-17T17:00:00+00:00,1.1571499999999983,1.1571999999999982,1.1566499999999982,1.1568999999999983,2660
2026-07-17T17:30:00+00:00,1.1568999999999983,1.1569299999999982,1.1566999999999983,1.1567499999999984,2072
2026-07-17T18:00:00+00:00,1.1567499999999984,1.1570499999999984,1.1566899999999982,1.1569999999999983,2477
2026-07-17T18:30:00+00:00,1.1569999999999983,1.1570599999999982,1.1567999999999983,1.1568599999999982,1883
2026-07-17T19:00:00+00:00,1.1568599999999982,1.1570199999999984,1.1566999999999983,1.1568999999999983,1620
2026-07-17T19:30:00+00:00,1.1568999999999983,1.1574599999999984,1.1567199999999982,1.1574199999999983,2122
2026-07-17T20:00:00+00:00,1.1574199999999983,1.1575599999999984,1.1569499999999984,1.1570999999999982,1021
2026-07-17T20:30:00+00:00,1.1570999999999982,1.1571699999999983,1.1569499999999984,1.1571099999999985,1463.898221949724
2026-07-19T21:00:00+00:00,1.1571099999999985,1.1571099999999985,1.1566499999999982,1.1568899999999982,126.82035308249385
2026-07-19T21:30:00+00:00,1.1568899999999982,1.1569699999999983,1.156709999999998,1.1567699999999983,164.82609690335613
2026-07-19T22:00:00+00:00,1.1567699999999983,1.1573099999999983,1.1566499999999984,1.1569199999999984,2133
2026-07-19T22:30:00+00:00,1.1569199999999984,1.1571599999999984,1.1568099999999983,1.1568199999999984,1019
2026-07-19T23:00:00+00:00,1.1568199999999984,1.1568699999999983,1.1565399999999983,1.1567099999999984,990
2026-07-19T23:30:00+00:00,1.1567099999999984,1.1569199999999984,1.1566399999999983,1.1569099999999983,1422
2026-07-20T00:00:00+00:00,1.1569099999999983,1.1574499999999983,1.1568099999999983,1.1573999999999982,2911
2026-07-20T00:30:00+00:00,1.1573999999999982,1.1575199999999983,1.1571999999999982,1.1575099999999983,2360
2026-07-20T01:00:00+00:00,1.1575099999999983,1.1577199999999983,1.1573199999999984,1.1576099999999983,3545
2026-07-20T01:30:00+00:00,1.1576099999999983,1.1578099999999982,1.1573299999999984,1.1577699999999984,3005
2026-07-20T02:00:00+00:00,1.1577699999999984,1.1580699999999984,1.1576399999999982,1.1580599999999983,2490
2026-07-20T02:30:00+00:00,1.1580599999999983,1.1584599999999983,1.1579599999999983,1.1582599999999983,2420
2026-07-20T03:00:00+00:00,1.1582599999999983,1.1583099999999984,1.1581399999999984,1.1582699999999984,1643
2026-07-20T03:30:00+00:00,1.1582699999999984,1.1584299999999983,1.1582099999999984,1.1583599999999983,1604
2026-07-20T04:00:00+00:00,1.1583599999999983,1.1586299999999983,1.1582999999999983,1.1586099999999984,1405
2026-07-20T04:30:00+00:00,1.1586099999999984,1.1586799999999984,1.1585499999999984,1.1586099999999984,1595
2026-07-20T05:00:00+00:00,1.1586099999999984,1.1586599999999982,1.1583699999999983,1.1583799999999984,2012
2026-07-20T05:30:00+00:00,1.1583799999999984,1.1583999999999983,1.1581799999999982,1.1581899999999983,1894
2026-07-20T06:00:00+00:00,1.1581899999999983,1.1583999999999983,1.1577799999999983,1.1578199999999983,3676
2026-07-20T06:30:00+00:00,1.1578199999999983,1.1581099999999982,1.1575799999999983,1.1576799999999983,3450
2026-07-20T07:00:00+00:00,1.1576799999999983,1.1584199999999982,1.1575999999999984,1.1584199999999982,4186
2026-07-20T07:30:00+00:00,1.1584199999999982,1.1591299999999982,1.1583599999999983,1.1585899999999982,5822
2026-07-20T08:00:00+00:00,1.1585899999999982,1.1587099999999984,1.1579599999999983,1.1579899999999983,3407
2026-07-20T08:30:00+00:00,1.1579899999999983,1.1585399999999983,1.1579199999999983,1.1580699999999984,3172
2026-07-20T09:00:00+00:00,1.1580699999999984,1.1581399999999984,1.1572299999999982,1.1572499999999983,3135
2026-07-20T09:30:00+00:00,1.1572499999999983,1.1574199999999983,1.1569099999999983,1.1571699999999983,2804
2026-07-20T10:00:00+00:00,1.1571699999999983,1.1574999999999982,1.1570099999999983,1.1573299999999984,2693
2026-07-20T10:30:00+00:00,1.1573299999999984,1.1577699999999984,1.1572199999999984,1.1572799999999983,2690
2026-07-20T11:00:00+00:00,1.1572799999999983,1.1575299999999984,1.1570299999999982,1.1575099999999983,2807
2026-07-20T11:30:00+00:00,1.1575099999999983,1.1582099999999984,1.1569799999999983,1.1571199999999984,6946
2026-07-20T12:00:00+00:00,1.1571199999999984,1.1571799999999983,1.1558899999999983,1.1560999999999984,5849
2026-07-20T12:30:00+00:00,1.1560999999999984,1.1569599999999982,1.1558699999999984,1.1565399999999983,4282
2026-07-20T13:00:00+00:00,1.1565399999999983,1.1566299999999983,1.1558799999999982,1.1561099999999982,3911
2026-07-20T13:30:00+00:00,1.1561099999999982,1.1561699999999984,1.1556199999999983,1.1556899999999983,4728
2026-07-20T14:00:00+00:00,1.1556899999999983,1.1559399999999984,1.1553599999999984,1.1558099999999982,4479
2026-07-20T14:30:00+00:00,1.1558099999999982,1.1558099999999982,1.1544199999999982,1.1548299999999982,5504
2026-07-20T15:00:00+00:00,1.1548299999999982,1.1552099999999983,1.1546499999999984,1.1551199999999984,5442
2026-07-20T15:30:00+00:00,1.1551199999999984,1.1554099999999983,1.1548699999999983,1.1553099999999983,3271
2026-07-20T16:00:00+00:00,1.1553099999999983,1.1558899999999983,1.1552599999999984,1.1555799999999983,3058
2026-07-20T16:30:00+00:00,1.1555799999999983,1.1556999999999984,1.1549299999999982,1.1553299999999984,3663
2026-07-20T17:00:00+00:00,1.1553299999999984,1.1557099999999982,1.1552899999999984,1.1556599999999984,2735
2026-07-20T17:30:00+00:00,1.1556599999999984,1.1556599999999984,1.1554399999999982,1.1555699999999982,1909
2026-07-20T18:00:00+00:00,1.1555699999999982,1.1560599999999983,1.1555599999999984,1.1558999999999984,2180
2026-07-20T18:30:00+00:00,1.1558999999999984,1.1559099999999982,1.1554999999999982,1.1556999999999984,2284
2026-07-20T19:00:00+00:00,1.1556999999999984,1.1559599999999983,1.1555199999999983,1.1558999999999984,2079
2026-07-20T19:30:00+00:00,1.1558999999999984,1.1559899999999983,1.1556399999999982,1.1557499999999983,2435
2026-07-20T20:00:00+00:00,1.1557499999999983,1.1558699999999984,1.1554399999999982,1.1556399999999982,940
2026-07-20T20:30:00+00:00,1.1556399999999982,1.1556499999999983,1.1554399999999982,1.1555499999999983,758
2026-07-20T21:00:00+00:00,1.1555499999999983,1.1556899999999983,1.1552099999999983,1.1552699999999982,256.78891704209707
2026-07-20T21:30:00+00:00,1.1552699999999982,1.1553399999999983,1.1550999999999982,1.1551599999999982,653
2026-07-20T22:00:00+00:00,1.1551599999999982,1.1554599999999982,1.1551599999999982,1.1553899999999981,1023
2026-07-20T22:30:00+00:00,1.1553899999999981,1.155549999999998,1.1553199999999981,1.1554899999999981,572
2026-07-20T23:00:00+00:00,1.1554899999999981,1.155579999999998,1.1554299999999982,1.1554899999999981,476
2026-07-20T23:30:00+00:00,1.1554899999999981,1.155789999999998,1.1554699999999982,1.1557799999999983,762
2026-07-21T00:00:00+00:00,1.1557799999999983,1.156019999999998,1.1553999999999982,1.1554599999999982,2616
2026-07-21T00:30:00+00:00,1.1554599999999982,1.1557999999999982,1.1553299999999982,1.155509999999998,1770
2026-07-21T01:00:00+00:00,1.155509999999998,1.155849999999998,1.1553999999999982,1.155649999999998,2235
2026-07-21T01:30:00+00:00,1.155649999999998,1.1557999999999982,1.1554399999999982,1.1556399999999982,2394
2026-07-21T02:00:00+00:00,1.1556399999999982,1.1557999999999982,1.1555299999999982,1.1555399999999982,1918
2026-07-21T02:30:00+00:00,1.1555399999999982,1.155689999999998,1.1552299999999982,1.1552899999999982,1528
2026-07-21T03:00:00+00:00,1.1552899999999982,1.1554399999999982,1.155079999999998,1.1552899999999982,1661
2026-07-21T03:30:00+00:00,1.1552899999999982,1.155719999999998,1.155279999999998,1.1554299999999982,1423
2026-07-21T04:00:00+00:00,1.1554299999999982,1.155749999999998,1.155409999999998,1.155649999999998,1221
2026-07-21T04:30:00+00:00,1.155649999999998,1.155989999999998,1.155649999999998,1.1559799999999982,1301
2026-07-21T05:00:00+00:00,1.1559799999999982,1.1561099999999982,1.1557699999999982,1.1559099999999982,1580
2026-07-21T05:30:00+00:00,1.1559099999999982,1.156359999999998,1.1558999999999982,1.1559499999999983,1957
2026-07-21T06:00:00+00:00,1.1559499999999983,1.1563699999999981,1.1559099999999982,1.1561999999999981,2960
2026-07-21T06:30:00+00:00,1.1561999999999981,1.1565399999999981,1.1560999999999981,1.1563099999999982,3200
2026-07-21T07:00:00+00:00,1.1563099999999982,1.156939999999998,1.1563099999999982,1.1566099999999981,3964
2026-07-21T07:30:00+00:00,1.1566099999999981,1.156699999999998,1.1562399999999982,1.156459999999998,2971
2026-07-21T08:00:00+00:00,1.156459999999998,1.156799999999998,1.156289999999998,1.1564499999999982,2931
2026-07-21T08:30:00+00:00,1.1564499999999982,1.156529999999998,1.1560099999999982,1.156289999999998,2671
2026-07-21T09:00:00+00:00,1.156289999999998,1.1566899999999982,1.156259999999998,1.156289999999998,2119
2026-07-21T09:30:00+00:00,1.156289999999998,1.157039999999998,1.1561999999999981,1.156429999999998,2577
2026-07-21T10:00:00+00:00,1.156429999999998,1.1569499999999981,1.156359999999998,1.156869999999998,2814
2026-07-21T10:30:00+00:00,1.156869999999998,1.157039999999998,1.1561799999999982,1.1561999999999981,3100
2026-07-21T11:00:00+00:00,1.1561999999999981,1.1563499999999982,1.1558399999999982,1.1562199999999982,3146
2026-07-21T11:30:00+00:00,1.1562199999999982,1.1564799999999982,1.155959999999998,1.1560999999999981,2663
2026-07-21T12:00:00+00:00,1.1560999999999981,1.156229999999998,1.1556599999999981,1.155749999999998,3544
2026-07-21T12:30:00+00:00,1.155749999999998,1.156059999999998,1.1555299999999982,1.1558999999999982,3838
2026-07-21T13:00:00+00:00,1.1558999999999982,1.155959999999998,1.1551299999999982,1.155239999999998,3707
2026-07-21T13:30:00+00:00,1.155239999999998,1.1555399999999982,1.1547299999999983,1.1553199999999981,6004
2026-07-21T14:00:00+00:00,1.1553199999999981,1.1561499999999982,1.155139999999998,1.155179999999998,4647
2026-07-21T14:30:00+00:00,1.155179999999998,1.1552899999999982,1.1544399999999981,1.154769999999998,6185
2026-07-21T15:00:00+00:00,1.154769999999998,1.1553299999999982,1.154459999999998,1.1550599999999982,4873
2026-07-21T15:30:00+00:00,1.1550599999999982,1.1553299999999982,1.1545599999999983,1.1549199999999982,3302
2026-07-21T16:00:00+00:00,1.1549199999999982,1.155139999999998,1.154869999999998,1.155009999999998,2081
2026-07-21T16:30:00+00:00,1.155009999999998,1.1552699999999982,1.1548799999999981,1.1549899999999982,1713
2026-07-21T17:00:00+00:00,1.1549899999999982,1.1552199999999981,1.154909999999998,1.1552199999999981,1528
2026-07-21T17:30:00+00:00,1.1552199999999981,1.155239999999998,1.1548199999999982,1.1548599999999982,1357
2026-07-21T18:00:00+00:00,1.1548599999999982,1.154869999999998,1.1540399999999982,1.154429999999998,2642
2026-07-21T18:30:00+00:00,1.154429999999998,1.1544899999999982,1.1541099999999982,1.1544799999999982,1864
2026-07-21T19:00:00+00:00,1.1544799999999982,1.1545899999999982,1.1542699999999981,1.154499999999998,1697
2026-07-21T19:30:00+00:00,1.154499999999998,1.1545199999999982,1.154229999999998,1.1543499999999982,1765
2026-07-21T20:00:00+00:00,1.1543499999999982,1.1544899999999982,1.1541499999999982,1.154299999999998,976
2026-07-21T20:30:00+00:00,1.154299999999998,1.1543099999999982,1.1538999999999981,1.154019999999998,882
2026-07-21T21:00:00+00:00,1.154019999999998,1.154019999999998,1.1537399999999982,1.153909999999998,153.3845772425974
2026-07-21T21:30:00+00:00,1.153909999999998,1.154259999999998,1.153909999999998,1.154149999999998,303
2026-07-21T22:00:00+00:00,1.154149999999998,1.154259999999998,1.1540699999999982,1.154229999999998,567
2026-07-21T22:30:00+00:00,1.154229999999998,1.154259999999998,1.154109999999998,1.1541399999999982,434.6270137776987
2026-07-21T23:00:00+00:00,1.1541399999999982,1.154179999999998,1.154019999999998,1.1540999999999981,597
2026-07-21T23:30:00+00:00,1.1540999999999981,1.1544399999999981,1.1540999999999981,1.154419999999998,628
2026-07-22T00:00:00+00:00,1.154419999999998,1.154909999999998,1.154299999999998,1.1548799999999981,3130
2026-07-22T00:30:00+00:00,1.1548799999999981,1.154919999999998,1.1543699999999981,1.154599999999998,3075
2026-07-22T01:00:00+00:00,1.154599999999998,1.154869999999998,1.154429999999998,1.154559999999998,2370
2026-07-22T01:30:00+00:00,1.154559999999998,1.154569999999998,1.154079999999998,1.154489999999998,2088
2026-07-22T02:00:00+00:00,1.154489999999998,1.155199999999998,1.154309999999998,1.1549799999999981,1999
2026-07-22T02:30:00+00:00,1.1549799999999981,1.155039999999998,1.154759999999998,1.1547799999999981,2165
2026-07-22T03:00:00+00:00,1.1547799999999981,1.154999999999998,1.154629999999998,1.154969999999998,1995
2026-07-22T03:30:00+00:00,1.154969999999998,1.1549799999999981,1.1547799999999981,1.154929999999998,1423
2026-07-22T04:00:00+00:00,1.154929999999998,1.1549499999999981,1.154689999999998,1.154939999999998,1307
2026-07-22T04:30:00+00:00,1.154939999999998,1.1550499999999981,1.154899999999998,1.155039999999998,916
2026-07-22T05:00:00+00:00,1.155039999999998,1.155159999999998,1.154919999999998,1.154929999999998,1668
2026-07-22T05:30:00+00:00,1.154929999999998,1.155169999999998,1.154759999999998,1.1551499999999981,2728
2026-07-22T06:00:00+00:00,1.1551499999999981,1.155579999999998,1.154969999999998,1.1550499999999981,3993
2026-07-22T06:30:00+00:00,1.1550499999999981,1.1554199999999981,1.154929999999998,1.155399999999998,3265
2026-07-22T07:00:00+00:00,1.155399999999998,1.155699999999998,1.155059999999998,1.155499999999998,3301
2026-07-22T07:30:00+00:00,1.155499999999998,1.1560299999999981,1.154549999999998,1.155129999999998,5504
2026-07-22T08:00:00+00:00,1.155129999999998,1.155229999999998,1.1546099999999981,1.155039999999998,3917
2026-07-22T08:30:00+00:00,1.155039999999998,1.155449999999998,1.1550199999999982,1.155199999999998,3536
2026-07-22T09:00:00+00:00,1.155199999999998,1.155429999999998,1.154969999999998,1.155129999999998,2985
2026-07-22T09:30:00+00:00,1.155129999999998,1.155529999999998,1.154629999999998,1.1546799999999982,3753
2026-07-22T10:00:00+00:00,1.1546799999999982,1.154959999999998,1.1542399999999982,1.1547099999999981,3360
2026-07-22T10:30:00+00:00,1.1547099999999981,1.154899999999998,1.154479999999998,1.1545799999999982,3144
2026-07-22T11:00:00+00:00,1.1545799999999982,1.154839999999998,1.1544399999999981,1.154619999999998,2988
2026-07-22T11:30:00+00:00,1.154619999999998,1.154939999999998,1.1545399999999981,1.154889999999998,4272
2026-07-22T12:00:00+00:00,1.154889999999998,1.1553599999999982,1.154859999999998,1.1552199999999981,4054
2026-07-22T12:30:00+00:00,1.1552199999999981,1.155569999999998,1.154599999999998,1.154989999999998,3952
2026-07-22T13:00:00+00:00,1.154989999999998,1.155889999999998,1.154939999999998,1.155719999999998,3983
2026-07-22T13:30:00+00:00,1.155719999999998,1.156359999999998,1.1553899999999981,1.1555599999999981,5413
2026-07-22T14:00:00+00:00,1.1555599999999981,1.156049999999998,1.155269999999998,1.155339999999998,4763
2026-07-22T14:30:00+00:00,1.155339999999998,1.155529999999998,1.154989999999998,1.155129999999998,5376
2026-07-22T15:00:00+00:00,1.155129999999998,1.1555899999999981,1.155029999999998,1.155579999999998,3481
2026-07-22T15:30:00+00:00,1.155579999999998,1.1555899999999981,1.1549499999999981,1.155569999999998,3943
2026-07-22T16:00:00+00:00,1.155569999999998,1.155609999999998,1.154829999999998,1.1552899999999982,3429
2026-07-22T16:30:00+00:00,1.1552899999999982,1.155429999999998,1.154959999999998,1.1551199999999981,2541
2026-07-22T17:00:00+00:00,1.1551199999999981,1.155469999999998,1.155079999999998,1.155349999999998,2215
2026-07-22T17:30:00+00:00,1.155349999999998,1.155369999999998,1.155009999999998,1.155209999999998,1570
2026-07-22T18:00:00+00:00,1.155209999999998,1.155269999999998,1.155009999999998,1.155239999999998,1836
2026-07-22T18:30:00+00:00,1.155239999999998,1.1553199999999981,1.155099999999998,1.155299999999998,1614
2026-07-22T19:00:00+00:00,1.155299999999998,1.155429999999998,1.155179999999998,1.1553199999999981,1322
2026-07-22T19:30:00+00:00,1.1553199999999981,1.1554199999999981,1.155129999999998,1.155329999999998,1639
2026-07-22T20:00:00+00:00,1.155329999999998,1.155469999999998,1.155259999999998,1.1553599999999982,1167
2026-07-22T20:30:00+00:00,1.1553599999999982,1.155449999999998,1.155279999999998,1.155299999999998,921
2026-07-22T21:00:00+00:00,1.155299999999998,1.155299999999998,1.154739999999998,1.154959999999998,297.25674717758085
2026-07-22T21:30:00+00:00,1.154959999999998,1.155009999999998,1.1547499999999982,1.154939999999998,612
2026-07-22T22:00:00+00:00,1.154939999999998,1.155109999999998,1.154909999999998,1.154959999999998,674
2026-07-22T22:30:00+00:00,1.154959999999998,1.1550199999999982,1.154799999999998,1.154999999999998,751
2026-07-22T23:00:00+00:00,1.154999999999998,1.155239999999998,1.154999999999998,1.155209999999998,687
2026-07-22T23:30:00+00:00,1.155209999999998,1.1553599999999982,1.155169999999998,1.155349999999998,735.9497784342689
2026-07-23T00:00:00+00:00,1.155349999999998,1.155599999999998,1.1552499999999981,1.155399999999998,2466
2026-07-23T00:30:00+00:00,1.155399999999998,1.155959999999998,1.155379999999998,1.155919999999998,2077
2026-07-23T01:00:00+00:00,1.155919999999998,1.156229999999998,1.1558599999999981,1.155959999999998,2605
2026-07-23T01:30:00+00:00,1.155959999999998,1.156219999999998,1.155809999999998,1.155839999999998,3707
2026-07-23T02:00:00+00:00,1.155839999999998,1.1562399999999982,1.155819999999998,1.156219999999998,1824
2026-07-23T02:30:00+00:00,1.156219999999998,1.1570199999999982,1.156219999999998,1.1569499999999981,2299
2026-07-23T03:00:00+00:00,1.1569499999999981,1.1571199999999982,1.1565399999999981,1.157059999999998,2434
2026-07-23T03:30:00+00:00,1.157059999999998,1.157259999999998,1.1569799999999981,1.1571199999999982,2214
2026-07-23T04:00:00+00:00,1.1571199999999982,1.157749999999998,1.157039999999998,1.157689999999998,3052
2026-07-23T04:30:00+00:00,1.157689999999998,1.157779999999998,1.157179999999998,1.1574599999999982,2080
2026-07-23T05:00:00+00:00,1.1574599999999982,1.157699999999998,1.157079999999998,1.1572499999999981,1976
2026-07-23T05:30:00+00:00,1.1572499999999981,1.157369999999998,1.157099999999998,1.157179999999998,1954
2026-07-23T06:00:00+00:00,1.157179999999998,1.157509999999998,1.1569799999999981,1.157059999999998,3270
2026-07-23T06:30:00+00:00,1.157059999999998,1.157059999999998,1.1565799999999982,1.156739999999998,2672
2026-07-23T07:00:00+00:00,1.156739999999998,1.156959999999998,1.156399999999998,1.156749999999998,4308
2026-07-23T07:30:00+00:00,1.156749999999998,1.156939999999998,1.1561699999999981,1.156649999999998,4161
2026-07-23T08:00:00+00:00,1.156649999999998,1.156719999999998,1.155789999999998,1.155919999999998,3726
2026-07-23T08:30:00+00:00,1.155919999999998,1.155919999999998,1.154899999999998,1.155259999999998,4860
2026-07-23T09:00:00+00:00,1.155259999999998,1.155719999999998,1.155169999999998,1.1552199999999981,3456
2026-07-23T09:30:00+00:00,1.1552199999999981,1.155679999999998,1.155169999999998,1.155509999999998,3209
2026-07-23T10:00:00+00:00,1.155509999999998,1.155529999999998,1.1547799999999981,1.1549799999999981,3292
2026-07-23T10:30:00+00:00,1.1549799999999981,1.1551899999999982,1.154519999999998,1.154649999999998,4024
2026-07-23T11:00:00+00:00,1.154649999999998,1.154869999999998,1.153919999999998,1.153989999999998,3868
2026-07-23T11:30:00+00:00,1.153989999999998,1.154059999999998,1.152549999999998,1.1536599999999981,7483
2026-07-23T12:00:00+00:00,1.1536599999999981,1.153719999999998,1.152309999999998,1.152659999999998,4862
2026-07-23T12:30:00+00:00,1.152659999999998,1.152789999999998,1.151769999999998,1.152699999999998,7045
2026-07-23T13:00:00+00:00,1.152699999999998,1.152819999999998,1.151009999999998,1.1520299999999981,8620
2026-07-23T13:30:00+00:00,1.1520299999999981,1.152759999999998,1.1514199999999981,1.151449999999998,8323
2026-07-23T14:00:00+00:00,1.151449999999998,1.151809999999998,1.150589999999998,1.151239999999998,8800
2026-07-23T14:30:00+00:00,1.151239999999998,1.151569999999998,1.150659999999998,1.1513599999999982,6845
2026-07-23T15:00:00+00:00,1.1513599999999982,1.1517599999999981,1.1510199999999982,1.151329999999998,6945
2026-07-23T15:30:00+00:00,1.151329999999998,1.1517999999999982,1.150789999999998,1.151479999999998,6352
2026-07-23T16:00:00+00:00,1.151479999999998,1.152049999999998,1.1514599999999982,1.1520299999999981,4271
2026-07-23T16:30:00+00:00,1.1520299999999981,1.152229999999998,1.151789999999998,1.152209999999998,3625
2026-07-23T17:00:00+00:00,1.152209999999998,1.152289999999998,1.1517599999999981,1.1517999999999982,3833
2026-07-23T17:30:00+00:00,1.1517999999999982,1.151809999999998,1.151339999999998,1.151349999999998,2883
2026-07-23T18:00:00+00:00,1.151349999999998,1.151739999999998,1.1513199999999981,1.151709999999998,2423
2026-07-23T18:30:00+00:00,1.151709999999998,1.151839999999998,1.151599999999998,1.151819999999998,1846
2026-07-23T19:00:00+00:00,1.151819999999998,1.152009999999998,1.1515899999999981,1.1518999999999981,1925
2026-07-23T19:30:00+00:00,1.1518999999999981,1.1521999999999981,1.151719999999998,1.151949999999998,2519
2026-07-23T20:00:00+00:00,1.151949999999998,1.1521399999999982,1.151909999999998,1.152089999999998,1044
2026-07-23T20:30:00+00:00,1.152089999999998,1.152189999999998,1.151539999999998,1.151549999999998,920
2026-07-23T21:00:00+00:00,1.151549999999998,1.1517599999999981,1.151339999999998,1.151719999999998,128.28963592605834
2026-07-23T21:30:00+00:00,1.151719999999998,1.1521399999999982,1.1514899999999981,1.1515899999999981,506.95535798732624
2026-07-23T22:00:00+00:00,1.1515899999999981,1.152159999999998,1.1515899999999981,1.1519999999999981,715
2026-07-23T22:30:00+00:00,1.1519999999999981,1.152189999999998,1.151919999999998,1.1521499999999982,380
2026-07-23T23:00:00+00:00,1.1521499999999982,1.152189999999998,1.1520799999999982,1.1521099999999982,540
2026-07-23T23:30:00+00:00,1.1521099999999982,1.1521999999999981,1.151789999999998,1.151859999999998,1353
2026-07-24T00:00:00+00:00,1.151859999999998,1.1522499999999982,1.1517399999999982,1.1521699999999981,3596
2026-07-24T00:30:00+00:00,1.1521699999999981,1.1526199999999982,1.151859999999998,1.1526199999999982,2421
2026-07-24T01:00:00+00:00,1.1526199999999982,1.152839999999998,1.1524099999999982,1.1524099999999982,3005
2026-07-24T01:30:00+00:00,1.1524099999999982,1.1529199999999982,1.152389999999998,1.1526099999999981,2594
2026-07-24T02:00:00+00:00,1.1526099999999981,1.152769999999998,1.152499999999998,1.1526499999999982,2125
2026-07-24T02:30:00+00:00,1.1526499999999982,1.152969999999998,1.152299999999998,1.152299999999998,2067
2026-07-24T03:00:00+00:00,1.152299999999998,1.1523499999999982,1.151989999999998,1.1520999999999981,1891
2026-07-24T03:30:00+00:00,1.1520999999999981,1.152459999999998,1.1520999999999981,1.1524399999999981,1687
2026-07-24T04:00:00+00:00,1.1524399999999981,1.152599999999998,1.152289999999998,1.152299999999998,1517
2026-07-24T04:30:00+00:00,1.152299999999998,1.152359999999998,1.151879999999998,1.152129999999998,1432
2026-07-24T05:00:00+00:00,1.152129999999998,1.1524499999999982,1.1520399999999982,1.1523799999999982,1749
2026-07-24T05:30:00+00:00,1.1523799999999982,1.1525499999999982,1.151849999999998,1.151989999999998,2095
2026-07-24T06:00:00+00:00,1.151989999999998,1.1528499999999982,1.1519399999999982,1.1527499999999982,3261
2026-07-24T06:30:00+00:00,1.1527499999999982,1.152909999999998,1.152529999999998,1.152899999999998,3411
2026-07-24T07:00:00+00:00,1.152899999999998,1.1541699999999981,1.1528499999999982,1.1539099999999982,4337
2026-07-24T07:30:00+00:00,1.1539099999999982,1.154329999999998,1.153139999999998,1.1531899999999982,4040
2026-07-24T08:00:00+00:00,1.1531899999999982,1.1532599999999982,1.1525799999999982,1.1529599999999982,3842
2026-07-24T08:30:00+00:00,1.1529599999999982,1.1529799999999981,1.1523399999999981,1.152559999999998,4028
2026-07-24T09:00:00+00:00,1.152559999999998,1.1529799999999981,1.1524499999999982,1.1529199999999982,3214
2026-07-24T09:30:00+00:00,1.1529199999999982,1.1531299999999982,1.152569999999998,1.1531299999999982,3166
2026-07-24T10:00:00+00:00,1.1531299999999982,1.153509999999998,1.152939999999998,1.1532199999999981,2714
2026-07-24T10:30:00+00:00,1.1532199999999981,1.1533899999999981,1.152299999999998,1.1525099999999981,3106
2026-07-24T11:00:00+00:00,1.1525099999999981,1.1530299999999982,1.152359999999998,1.152429999999998,3176
2026-07-24T11:30:00+00:00,1.152429999999998,1.152489999999998,1.1513299999999982,1.151679999999998,3969
2026-07-24T12:00:00+00:00,1.151679999999998,1.1520399999999982,1.1513999999999982,1.151619999999998,4464
2026-07-24T12:30:00+00:00,1.151619999999998,1.151819999999998,1.1509499999999981,1.151209999999998,4003
2026-07-24T13:00:00+00:00,1.151209999999998,1.151619999999998,1.1507099999999981,1.151269999999998,5254
2026-07-24T13:30:00+00:00,1.151269999999998,1.151879999999998,1.1509899999999982,1.1518699999999982,4904
2026-07-24T14:00:00+00:00,1.1518699999999982,1.1521399999999982,1.151249999999998,1.1517599999999981,5908
2026-07-24T14:30:00+00:00,1.1517599999999981,1.152299999999998,1.151689999999998,1.1520299999999981,5651
2026-07-24T15:00:00+00:00,1.1520299999999981,1.1532899999999981,1.151919999999998,1.1526899999999982,8432
2026-07-24T15:30:00+00:00,1.1526899999999982,1.153139999999998,1.152469999999998,1.152669999999998,4482
2026-07-24T16:00:00+00:00,1.152669999999998,1.1528599999999982,1.1523799999999982,1.1525499999999982,2451
2026-07-24T16:30:00+00:00,1.1525499999999982,1.152599999999998,1.1519799999999982,1.1519799999999982,2382
2026-07-24T17:00:00+00:00,1.1519799999999982,1.1519999999999981,1.151079999999998,1.1513999999999982,3346
2026-07-24T17:30:00+00:00,1.1513999999999982,1.1514699999999982,1.150969999999998,1.1511599999999982,1529
2026-07-24T18:00:00+00:00,1.1511599999999982,1.1513299999999982,1.1509899999999982,1.1511299999999982,1713
2026-07-24T18:30:00+00:00,1.1511299999999982,1.151269999999998,1.1509499999999981,1.1511999999999982,1517
2026-07-24T19:00:00+00:00,1.1511999999999982,1.151339999999998,1.1510299999999982,1.151079999999998,1791
2026-07-24T19:30:00+00:00,1.151079999999998,1.151439999999998,1.1510299999999982,1.151209999999998,1760
2026-07-24T20:00:00+00:00,1.151209999999998,1.151269999999998,1.1510199999999982,1.1510499999999981,802
2026-07-24T20:30:00+00:00,1.1510499999999981,1.1512999999999982,1.1509499999999981,1.151129999999998,1102.2144082332761
2026-07-26T21:00:00+00:00,1.151129999999998,1.151769999999998,1.151109999999998,1.151349999999998,571.6839556688954
2026-07-26T21:30:00+00:00,1.151349999999998,1.151669999999998,1.150909999999998,1.150999999999998,498.5671095705758
2026-07-26T22:00:00+00:00,1.150999999999998,1.152239999999998,1.1509799999999981,1.151399999999998,2469
2026-07-26T22:30:00+00:00,1.151399999999998,1.151439999999998,1.151039999999998,1.151159999999998,1146
2026-07-26T23:00:00+00:00,1.151159999999998,1.151349999999998,1.151059999999998,1.151139999999998,1052.3168232280102
2026-07-26T23:30:00+00:00,1.151139999999998,1.151739999999998,1.151139999999998,1.151679999999998,1319
2026-07-27T00:00:00+00:00,1.151679999999998,1.1534499999999979,1.151679999999998,1.153319999999998,5140
2026-07-27T00:30:00+00:00,1.153319999999998,1.1535199999999979,1.152279999999998,1.152379999999998,3956
2026-07-27T01:00:00+00:00,1.152379999999998,1.152989999999998,1.152379999999998,1.1528399999999979,3670
2026-07-27T01:30:00+00:00,1.1528399999999979,1.153649999999998,1.152579999999998,1.153649999999998,2885
2026-07-27T02:00:00+00:00,1.153649999999998,1.153659999999998,1.152979999999998,1.1532499999999979,2540
2026-07-27T02:30:00+00:00,1.1532499999999979,1.1532799999999979,1.152779999999998,1.152779999999998,2254
2026-07-27T03:00:00+00:00,1.152779999999998,1.1529399999999979,1.152529999999998,1.152589999999998,1820
2026-07-27T03:30:00+00:00,1.152589999999998,1.152699999999998,1.152359999999998,1.152589999999998,1477
2026-07-27T04:00:00+00:00,1.152589999999998,1.1527399999999979,1.152489999999998,1.152529999999998,1205
2026-07-27T04:30:00+00:00,1.152529999999998,1.152699999999998,1.152429999999998,1.152589999999998,1108
2026-07-27T05:00:00+00:00,1.152589999999998,1.152979999999998,1.1524699999999979,1.152829999999998,1675
2026-07-27T05:30:00+00:00,1.152829999999998,1.152929999999998,1.152579999999998,1.1528399999999979,1841
2026-07-27T06:00:00+00:00,1.1528399999999979,1.153599999999998,1.152779999999998,1.153509999999998,3901
2026-07-27T06:30:00+00:00,1.153509999999998,1.154049999999998,1.1529399999999979,1.153039999999998,3856
2026-07-27T07:00:00+00:00,1.153039999999998,1.153209999999998,1.152689999999998,1.1529399999999979,5027
2026-07-27T07:30:00+00:00,1.1529399999999979,1.1529399999999979,1.151829999999998,1.151839999999998,4444
2026-07-27T08:00:00+00:00,1.151839999999998,1.152169999999998,1.151699999999998,1.151769999999998,4451
2026-07-27T08:30:00+00:00,1.151769999999998,1.152549999999998,1.151769999999998,1.152439999999998,3320
2026-07-27T09:00:00+00:00,1.152439999999998,1.152549999999998,1.151749999999998,1.151749999999998,3149
2026-07-27T09:30:00+00:00,1.151749999999998,1.152099999999998,1.1516899999999979,1.151869999999998,2857
2026-07-27T10:00:00+00:00,1.151869999999998,1.152349999999998,1.151579999999998,1.151979999999998,3616
2026-07-27T10:30:00+00:00,1.151979999999998,1.152369999999998,1.151679999999998,1.151759999999998,3199
2026-07-27T11:00:00+00:00,1.151759999999998,1.151829999999998,1.151339999999998,1.151339999999998,3008
2026-07-27T11:30:00+00:00,1.151339999999998,1.151749999999998,1.1507399999999979,1.150879999999998,3712
2026-07-27T12:00:00+00:00,1.150879999999998,1.151259999999998,1.150559999999998,1.150559999999998,3844
2026-07-27T12:30:00+00:00,1.150559999999998,1.150779999999998,1.1498599999999979,1.150559999999998,4095
2026-07-27T13:00:00+00:00,1.150559999999998,1.150879999999998,1.1499599999999979,1.150159999999998,5337
2026-07-27T13:30:00+00:00,1.150159999999998,1.1505699999999979,1.149469999999998,1.149639999999998,5780
2026-07-27T14:00:00+00:00,1.149639999999998,1.149909999999998,1.1492499999999979,1.1492499999999979,4771
2026-07-27T14:30:00+00:00,1.1492499999999979,1.1497199999999979,1.149099999999998,1.1494499999999979,4487
2026-07-27T15:00:00+00:00,1.1494499999999979,1.149879999999998,1.149059999999998,1.149849999999998,4152
2026-07-27T15:30:00+00:00,1.149849999999998,1.150039999999998,1.149569999999998,1.149729999999998,3271
2026-07-27T16:00:00+00:00,1.149729999999998,1.150609999999998,1.149579999999998,1.150459999999998,4007
2026-07-27T16:30:00+00:00,1.150459999999998,1.1507399999999979,1.150089999999998,1.150179999999998,2695
2026-07-27T17:00:00+00:00,1.150179999999998,1.150189999999998,1.149169999999998,1.149229999999998,3463
2026-07-27T17:30:00+00:00,1.149229999999998,1.149499999999998,1.149099999999998,1.1494499999999979,1878
2026-07-27T18:00:00+00:00,1.1494499999999979,1.149599999999998,1.149149999999998,1.1492799999999979,2122
2026-07-27T18:30:00+00:00,1.1492799999999979,1.149469999999998,1.148969999999998,1.149059999999998,3096
2026-07-27T19:00:00+00:00,1.149059999999998,1.149259999999998,1.148959999999998,1.149259999999998,1850
2026-07-27T19:30:00+00:00,1.149259999999998,1.149549999999998,1.149209999999998,1.149209999999998,1948
2026-07-27T20:00:00+00:00,1.149209999999998,1.1494499999999979,1.149199999999998,1.149299999999998,830
2026-07-27T20:30:00+00:00,1.149299999999998,1.149299999999998,1.148919999999998,1.148919999999998,700
2026-07-27T21:00:00+00:00,1.148919999999998,1.149259999999998,1.148649999999998,1.1490099999999979,1592.3306591640235
2026-07-27T21:30:00+00:00,1.1490099999999979,1.1493499999999979,1.1488999999999978,1.149119999999998,4069.5416924027177
2026-07-27T22:00:00+00:00,1.149119999999998,1.149329999999998,1.148879999999998,1.1491299999999978,925.6307223978457
2026-07-27T22:30:00+00:00,1.1491299999999978,1.1492499999999977,1.1490999999999978,1.1491399999999978,330
2026-07-27T23:00:00+00:00,1.1491399999999978,1.1492599999999977,1.1490399999999978,1.1492499999999977,714
2026-07-27T23:30:00+00:00,1.1492499999999977,1.1492499999999977,1.1489899999999977,1.1491399999999978,691
2026-07-28T00:00:00+00:00,1.1491399999999978,1.1495099999999978,1.1488899999999977,1.1494199999999977,2318
2026-07-28T00:30:00+00:00,1.1494199999999977,1.1496699999999977,1.1492399999999978,1.1496499999999978,1824
2026-07-28T01:00:00+00:00,1.1496499999999978,1.1499599999999977,1.1495899999999977,1.1497499999999978,2435
2026-07-28T01:30:00+00:00,1.1497499999999978,1.1497999999999977,1.1492799999999976,1.1495299999999977,1793
2026-07-28T02:00:00+00:00,1.1495299999999977,1.1497499999999978,1.1493999999999978,1.1493999999999978,1460
2026-07-28T02:30:00+00:00,1.1493999999999978,1.1500899999999978,1.1493499999999977,1.1499299999999977,1792
2026-07-28T03:00:00+00:00,1.1499299999999977,1.1500099999999978,1.1497199999999976,1.1499799999999978,1993
2026-07-28T03:30:00+00:00,1.1499799999999978,1.1502299999999976,1.1496099999999978,1.1496799999999978,2042
2026-07-28T04:00:00+00:00,1.1496799999999978,1.1496799999999978,1.1491799999999976,1.1492999999999978,1776
2026-07-28T04:30:00+00:00,1.1492999999999978,1.1493599999999977,1.1490299999999978,1.1490899999999977,1218
2026-07-28T05:00:00+00:00,1.1490899999999977,1.1491099999999976,1.1483899999999978,1.1487399999999977,2186
2026-07-28T05:30:00+00:00,1.1487399999999977,1.1488599999999978,1.1485499999999977,1.1488099999999977,1924
2026-07-28T06:00:00+00:00,1.1488099999999977,1.1493299999999977,1.1487199999999977,1.1492999999999978,3148
2026-07-28T06:30:00+00:00,1.1492999999999978,1.1495199999999977,1.1489599999999978,1.1490799999999977,2885
2026-07-28T07:00:00+00:00,1.1490799999999977,1.1495699999999978,1.1489199999999977,1.1491999999999978,3704
2026-07-28T07:30:00+00:00,1.1491999999999978,1.1494199999999977,1.1485499999999977,1.1486999999999978,2943
2026-07-28T08:00:00+00:00,1.1486999999999978,1.1494499999999976,1.1486899999999978,1.1492199999999977,3437
2026-07-28T08:30:00+00:00,1.1492199999999977,1.1494799999999978,1.1490499999999977,1.1494699999999978,3050
2026-07-28T09:00:00+00:00,1.1494699999999978,1.1495299999999977,1.1488099999999977,1.1488099999999977,2161
2026-07-28T09:30:00+00:00,1.1488099999999977,1.1488099999999977,1.1478099999999978,1.1478599999999977,2403
2026-07-28T10:00:00+00:00,1.1478599999999977,1.1479799999999978,1.1475499999999978,1.1478599999999977,2688
2026-07-28T10:30:00+00:00,1.1478599999999977,1.1485299999999978,1.1478299999999977,1.1482999999999977,2753
2026-07-28T11:00:00+00:00,1.1482999999999977,1.1487899999999978,1.1478999999999977,1.1487599999999978,3190
2026-07-28T11:30:00+00:00,1.1487599999999978,1.1489999999999978,1.1483299999999979,1.1487399999999977,3050
2026-07-28T12:00:00+00:00,1.1487399999999977,1.1489699999999978,1.1483899999999978,1.1484799999999977,3024
2026-07-28T12:30:00+00:00,1.1484799999999977,1.1490699999999978,1.1483099999999977,1.1488099999999977,2848
2026-07-28T13:00:00+00:00,1.1488099999999977,1.1492899999999977,1.1488099999999977,1.1489699999999978,3147
2026-07-28T13:30:00+00:00,1.1489699999999978,1.1496199999999976,1.1489399999999979,1.1494499999999976,4867
2026-07-28T14:00:00+00:00,1.1494499999999976,1.1500399999999977,1.1493599999999977,1.1500199999999978,4264
2026-07-28T14:30:00+00:00,1.1500199999999978,1.1508599999999978,1.1498099999999978,1.1507999999999978,4838
2026-07-28T15:00:00+00:00,1.1507999999999978,1.1521399999999977,1.1506199999999978,1.1518199999999978,7503
2026-07-28T15:30:00+00:00,1.1518199999999978,1.1524299999999978,1.1516399999999978,1.1522599999999978,4699
2026-07-28T16:00:00+00:00,1.1522599999999978,1.1527499999999977,1.1521099999999977,1.1527199999999977,3266
2026-07-28T16:30:00+00:00,1.1527199999999977,1.1527299999999978,1.1517999999999977,1.1517999999999977,3012
2026-07-28T17:00:00+00:00,1.1517999999999977,1.1520099999999978,1.1515199999999977,1.1515399999999978,2828
2026-07-28T17:30:00+00:00,1.1515399999999978,1.1516299999999977,1.1510499999999977,1.1511399999999978,2443
2026-07-28T18:00:00+00:00,1.1511399999999978,1.1513799999999978,1.1509499999999977,1.1509999999999978,2085
2026-07-28T18:30:00+00:00,1.1509999999999978,1.1511299999999978,1.1508399999999976,1.1508999999999978,1296
2026-07-28T19:00:00+00:00,1.1508999999999978,1.1512999999999978,1.1508499999999977,1.1511199999999977,1402
2026-07-28T19:30:00+00:00,1.1511199999999977,1.1514199999999977,1.1509499999999977,1.1509499999999977,1799
2026-07-28T20:00:00+00:00,1.1509499999999977,1.1511299999999978,1.1507699999999979,1.1508599999999978,927
2026-07-28T20:30:00+00:00,1.1508599999999978,1.1509999999999978,1.1507599999999978,1.1508399999999976,1028
2026-07-28T21:00:00+00:00,1.1508399999999976,1.1513899999999977,1.1507599999999978,1.1512299999999978,325
2026-07-28T21:30:00+00:00,1.1512299999999978,1.1514399999999978,1.1511399999999978,1.1511699999999978,334.19615384615383
2026-07-28T22:00:00+00:00,1.1511699999999978,1.1513399999999978,1.1506399999999977,1.1507299999999978,1222
2026-07-28T22:30:00+00:00,1.1507299999999978,1.1508899999999977,1.1506599999999978,1.1507599999999978,986
2026-07-28T23:00:00+00:00,1.1507599999999978,1.1507699999999979,1.1504499999999978,1.1507499999999977,995
2026-07-28T23:30:00+00:00,1.1507499999999977,1.1508599999999978,1.1506299999999978,1.1508199999999977,1288
2026-07-29T00:00:00+00:00,1.1508199999999977,1.1512199999999977,1.1504999999999976,1.1511599999999977,2775
2026-07-29T00:30:00+00:00,1.1511599999999977,1.1513699999999978,1.1509199999999977,1.1513199999999977,2376
2026-07-29T01:00:00+00:00,1.1513199999999977,1.1514699999999978,1.1510099999999976,1.1512299999999978,2488
2026-07-29T01:30:00+00:00,1.1512299999999978,1.1513899999999977,1.1507599999999978,1.1513699999999978,3812
2026-07-29T02:00:00+00:00,1.1513699999999978,1.1517999999999977,1.1512599999999977,1.1516199999999976,2269
2026-07-29T02:30:00+00:00,1.1516199999999976,1.1518099999999978,1.1514699999999978,1.1516899999999977,1466
2026-07-29T03:00:00+00:00,1.1516899999999977,1.1521499999999978,1.1516599999999977,1.1521199999999978,1395
2026-07-29T03:30:00+00:00,1.1521199999999978,1.1522999999999977,1.1518499999999978,1.1519199999999978,1763
2026-07-29T04:00:00+00:00,1.1519199999999978,1.1524699999999977,1.1518599999999977,1.1521399999999977,1844
2026-07-29T04:30:00+00:00,1.1521399999999977,1.1525899999999978,1.1520499999999978,1.1523299999999976,2069
2026-07-29T05:00:00+00:00,1.1523299999999976,1.1525099999999977,1.1521699999999977,1.1521799999999978,1543
2026-07-29T05:30:00+00:00,1.1521799999999978,1.1523699999999977,1.1519899999999978,1.1520599999999976,2103
2026-07-29T06:00:00+00:00,1.1520599999999976,1.1523099999999977,1.1515299999999977,1.1516199999999976,2826
2026-07-29T06:30:00+00:00,1.1516199999999976,1.1517199999999976,1.1512099999999978,1.1514199999999977,2684
2026-07-29T07:00:00+00:00,1.1514199999999977,1.1519299999999977,1.1512499999999977,1.1518999999999977,3189
2026-07-29T07:30:00+00:00,1.1518999999999977,1.1523299999999976,1.1517999999999977,1.1519999999999977,2850
2026-07-29T08:00:00+00:00,1.1519999999999977,1.1521899999999978,1.1516599999999977,1.1518099999999978,3100
2026-07-29T08:30:00+00:00,1.1518099999999978,1.1522699999999977,1.1515499999999979,1.1518699999999977,2540
2026-07-29T09:00:00+00:00,1.1518699999999977,1.1519099999999978,1.1515999999999977,1.1517499999999978,2485
2026-07-29T09:30:00+00:00,1.1517499999999978,1.1518799999999978,1.1514099999999978,1.1514399999999978,2523
2026-07-29T10:00:00+00:00,1.1514399999999978,1.1515399999999978,1.1509599999999978,1.1512899999999977,3055
2026-07-29T10:30:00+00:00,1.1512899999999977,1.1514599999999977,1.1505799999999977,1.1507899999999978,2483
2026-07-29T11:00:00+00:00,1.1507899999999978,1.1510999999999978,1.1507599999999978,1.1509699999999978,2438
2026-07-29T11:30:00+00:00,1.1509699999999978,1.1510399999999976,1.1502799999999977,1.1504699999999977,2794
2026-07-29T12:00:00+00:00,1.1504699999999977,1.1505499999999977,1.1497199999999976,1.1499399999999977,4508
2026-07-29T12:30:00+00:00,1.1499399999999977,1.1502899999999978,1.1497199999999976,1.1500899999999976,3234
2026-07-29T13:00:00+00:00,1.1500899999999976,1.1509599999999978,1.1499099999999978,1.1507999999999978,3425
2026-07-29T13:30:00+00:00,1.1507999999999978,1.1514899999999977,1.1505899999999978,1.1514299999999977,4387
2026-07-29T14:00:00+00:00,1.1514299999999977,1.1517099999999978,1.1509199999999977,1.1516899999999977,4471
2026-07-29T14:30:00+00:00,1.1516899999999977,1.1519599999999977,1.1503299999999976,1.1503299999999976,5892
2026-07-29T15:00:00+00:00,1.1503299999999976,1.1507999999999978,1.1501099999999977,1.1502299999999976,4886
2026-07-29T15:30:00+00:00,1.1502299999999976,1.1505899999999978,1.1500399999999977,1.1505399999999977,2854
2026-07-29T16:00:00+00:00,1.1505399999999977,1.1506099999999977,1.1499199999999976,1.1505099999999977,2742
2026-07-29T16:30:00+00:00,1.1505099999999977,1.1508399999999976,1.1501799999999978,1.1507699999999976,2039
2026-07-29T17:00:00+00:00,1.1507699999999976,1.1515699999999978,1.1507099999999977,1.1513599999999977,2362
2026-07-29T17:30:00+00:00,1.1513599999999977,1.1522299999999976,1.1512699999999978,1.1517999999999977,3278
2026-07-29T18:00:00+00:00,1.1517999999999977,1.1553199999999977,1.1512699999999978,1.1544799999999977,14454
2026-07-29T18:30:00+00:00,1.1544799999999977,1.1574699999999978,1.1529299999999978,1.1574399999999978,16716
2026-07-29T19:00:00+00:00,1.1574399999999978,1.1589099999999977,1.1562499999999978,1.1574899999999977,14765
2026-07-29T19:30:00+00:00,1.1574899999999977,1.1581199999999978,1.1568399999999976,1.1570499999999977,10261
2026-07-29T20:00:00+00:00,1.1570499999999977,1.1578699999999977,1.1569399999999976,1.1578099999999978,3630
2026-07-29T20:30:00+00:00,1.1578099999999978,1.1593599999999977,1.1577999999999977,1.1585499999999977,2738
2026-07-29T21:00:00+00:00,1.1585499999999977,1.1585499999999977,1.1573599999999977,1.1584999999999976,1950.2943389349175
2026-07-29T21:30:00+00:00,1.1584999999999976,1.1586699999999976,1.1581399999999977,1.1582299999999977,1195
2026-07-29T22:00:00+00:00,1.1582299999999977,1.1591699999999978,1.1582299999999977,1.1590299999999978,2169
2026-07-29T22:30:00+00:00,1.1590299999999978,1.1593699999999978,1.1590199999999977,1.159359999999998,779.3407966979479
2026-07-29T23:00:00+00:00,1.159359999999998,1.159729999999998,1.1589299999999978,1.1589399999999979,1613
2026-07-29T23:30:00+00:00,1.1589399999999979,1.159189999999998,1.1586699999999979,1.1589299999999978,1506
2026-07-30T00:00:00+00:00,1.1589299999999978,1.159049999999998,1.157859999999998,1.157939999999998,4413
2026-07-30T00:30:00+00:00,1.157939999999998,1.158069999999998,1.157829999999998,1.158029999999998,3013
2026-07-30T01:00:00+00:00,1.158029999999998,1.1583499999999978,1.157589999999998,1.1577799999999978,2698
2026-07-30T01:30:00+00:00,1.1577799999999978,1.1581499999999978,1.1574799999999978,1.157559999999998,1917
2026-07-30T02:00:00+00:00,1.157559999999998,1.157729999999998,1.1573799999999979,1.1574799999999978,1500
2026-07-30T02:30:00+00:00,1.1574799999999978,1.157769999999998,1.157459999999998,1.1575099999999978,1524
2026-07-30T03:00:00+00:00,1.1575099999999978,1.157659999999998,1.157019999999998,1.157249999999998,1930
2026-07-30T03:30:00+00:00,1.157249999999998,1.157499999999998,1.1571799999999979,1.157219999999998,1252
2026-07-30T04:00:00+00:00,1.157219999999998,1.1575799999999978,1.157149999999998,1.157529999999998,1144
2026-07-30T04:30:00+00:00,1.157529999999998,1.157629999999998,1.1572399999999978,1.157329999999998,1311
2026-07-30T05:00:00+00:00,1.157329999999998,1.1579199999999978,1.1572699999999978,1.157799999999998,1684
2026-07-30T05:30:00+00:00,1.157799999999998,1.157839999999998,1.1571299999999978,1.1572399999999978,2635
2026-07-30T06:00:00+00:00,1.1572399999999978,1.1573799999999979,1.156619999999998,1.1567299999999978,3453
2026-07-30T06:30:00+00:00,1.1567299999999978,1.1573399999999978,1.1565599999999978,1.156919999999998,3109
2026-07-30T07:00:00+00:00,1.156919999999998,1.1573499999999979,1.1558799999999978,1.1559599999999979,5488
2026-07-30T07:30:00+00:00,1.1559599999999979,1.1561299999999979,1.155669999999998,1.1559899999999979,3360
2026-07-30T08:00:00+00:00,1.1559899999999979,1.1576099999999978,1.155939999999998,1.1575899999999977,4371
2026-07-30T08:30:00+00:00,1.1575899999999977,1.1577099999999978,1.1566899999999978,1.1569699999999978,3951
2026-07-30T09:00:00+00:00,1.1569699999999978,1.1585399999999977,1.1569699999999978,1.1582999999999977,3962
2026-07-30T09:30:00+00:00,1.1582999999999977,1.1589099999999977,1.1581299999999977,1.1586299999999978,3451
2026-07-30T10:00:00+00:00,1.1586299999999978,1.1601099999999978,1.1582899999999978,1.1593899999999977,6803
2026-07-30T10:30:00+00:00,1.1593899999999977,1.1605599999999978,1.1593599999999977,1.1594399999999978,6252
2026-07-30T11:00:00+00:00,1.1594399999999978,1.1599499999999978,1.1586899999999978,1.1589199999999977,4042
2026-07-30T11:30:00+00:00,1.1589199999999977,1.1597399999999978,1.1586499999999977,1.1597299999999977,2931
2026-07-30T12:00:00+00:00,1.1597299999999977,1.1602799999999978,1.1595799999999978,1.1597599999999977,4412
2026-07-30T12:30:00+00:00,1.1597599999999977,1.1604899999999978,1.1590799999999977,1.1593999999999978,8797
2026-07-30T13:00:00+00:00,1.1593999999999978,1.1602499999999978,1.1591099999999976,1.1601599999999976,6656
2026-07-30T13:30:00+00:00,1.1601599999999976,1.1645399999999977,1.1600399999999977,1.1645299999999976,18067
2026-07-30T14:00:00+00:00,1.1645299999999976,1.1658399999999978,1.1639099999999978,1.1642899999999978,21882
2026-07-30T14:30:00+00:00,1.1642899999999978,1.1644599999999978,1.1624099999999977,1.1624499999999978,10695
2026-07-30T15:00:00+00:00,1.1624499999999978,1.1637599999999977,1.1620199999999978,1.1637199999999976,7495
2026-07-30T15:30:00+00:00,1.1637199999999976,1.1646399999999977,1.1634999999999978,1.1642599999999976,4817
2026-07-30T16:00:00+00:00,1.1642599999999976,1.1651799999999977,1.1642599999999976,1.1651299999999978,5269
2026-07-30T16:30:00+00:00,1.1651299999999978,1.1651999999999978,1.1644099999999977,1.1649999999999978,3692
2026-07-30T17:00:00+00:00,1.1649999999999978,1.1651899999999977,1.1640299999999977,1.1640599999999977,2944
2026-07-30T17:30:00+00:00,1.1640599999999977,1.1652299999999978,1.1635299999999977,1.1651099999999976,8191
2026-07-30T18:00:00+00:00,1.1651099999999976,1.1656999999999977,1.1648999999999978,1.1651699999999978,3710
2026-07-30T18:30:00+00:00,1.1651699999999978,1.1656999999999977,1.1650599999999978,1.1656899999999977,3879
2026-07-30T19:00:00+00:00,1.1656899999999977,1.1657199999999976,1.1649699999999976,1.1653699999999978,2706
2026-07-30T19:30:00+00:00,1.1653699999999978,1.1654199999999977,1.1649999999999978,1.1652699999999978,2608
2026-07-30T20:00:00+00:00,1.1652699999999978,1.1654199999999977,1.1649099999999977,1.1649399999999976,1277
2026-07-30T20:30:00+00:00,1.1649399999999976,1.1651599999999978,1.1646899999999978,1.1648499999999977,1066
2026-07-30T21:00:00+00:00,1.1648499999999977,1.1648499999999977,1.1643399999999977,1.1645799999999977,246.8598011806713
2026-07-30T21:30:00+00:00,1.1645799999999977,1.1646699999999977,1.1645299999999976,1.1646499999999977,168.46552908841045
2026-07-30T22:00:00+00:00,1.1646499999999977,1.1650999999999978,1.1646499999999977,1.1648399999999977,1255
2026-07-30T22:30:00+00:00,1.1648399999999977,1.1652599999999977,1.1647599999999978,1.1649999999999978,1430
2026-07-30T23:00:00+00:00,1.1649999999999978,1.1652399999999978,1.1645299999999976,1.1645799999999977,1894
2026-07-30T23:30:00+00:00,1.1645799999999977,1.1647699999999976,1.1643799999999978,1.1644499999999978,1564
2026-07-31T00:00:00+00:00,1.1644499999999978,1.1647999999999978,1.1642299999999977,1.1644399999999977,4243
2026-07-31T00:30:00+00:00,1.1644399999999977,1.1644799999999977,1.1636699999999978,1.1639499999999978,3961
2026-07-31T01:00:00+00:00,1.1639499999999978,1.1641399999999977,1.1636799999999978,1.1638799999999978,3648
2026-07-31T01:30:00+00:00,1.1638799999999978,1.1642799999999978,1.1631499999999977,1.1631599999999978,3259
2026-07-31T02:00:00+00:00,1.1631599999999978,1.1637799999999978,1.1631599999999978,1.1634799999999976,2608
2026-07-31T02:30:00+00:00,1.1634799999999976,1.1636299999999977,1.1631999999999978,1.1633399999999978,2177
2026-07-31T03:00:00+00:00,1.1633399999999978,1.1634799999999976,1.1629699999999978,1.1630399999999976,3038
2026-07-31T03:30:00+00:00,1.1630399999999976,1.1635099999999978,1.1627799999999977,1.1634799999999976,2169
2026-07-31T04:00:00+00:00,1.1634799999999976,1.1635599999999977,1.1632499999999977,1.1632499999999977,1653
2026-07-31T04:30:00+00:00,1.1632499999999977,1.1632699999999978,1.1625899999999978,1.1629699999999978,2105
2026-07-31T05:00:00+00:00,1.1629699999999978,1.1630799999999977,1.1626299999999978,1.1626599999999978,2474
2026-07-31T05:30:00+00:00,1.1626599999999978,1.1631199999999977,1.1626399999999977,1.1627799999999977,2452
2026-07-31T06:00:00+00:00,1.1627799999999977,1.1643099999999977,1.1626899999999978,1.1641999999999977,4091
2026-07-31T06:30:00+00:00,1.1641999999999977,1.1643699999999977,1.1632199999999977,1.1638499999999978,6132
2026-07-31T07:00:00+00:00,1.1638499999999978,1.1638999999999977,1.1633799999999976,1.1635399999999978,4679
2026-07-31T07:30:00+00:00,1.1635399999999978,1.1646399999999977,1.1632999999999978,1.1635899999999977,4431
2026-07-31T08:00:00+00:00,1.1635899999999977,1.1637299999999977,1.1628899999999978,1.1628899999999978,4463
2026-07-31T08:30:00+00:00,1.1628899999999978,1.1647699999999976,1.1625899999999978,1.1643199999999978,6234
2026-07-31T09:00:00+00:00,1.1643199999999978,1.1646399999999977,1.1630599999999978,1.1630699999999978,8788
2026-07-31T09:30:00+00:00,1.1630699999999978,1.1633799999999976,1.1624699999999977,1.1626899999999978,4534
2026-07-31T10:00:00+00:00,1.1626899999999978,1.1629699999999978,1.1622899999999978,1.1623499999999978,3569
2026-07-31T10:30:00+00:00,1.1623499999999978,1.1625899999999978,1.1622599999999976,1.1623499999999978,2881
2026-07-31T11:00:00+00:00,1.1623499999999978,1.1623499999999978,1.1613799999999976,1.1614499999999977,3734
2026-07-31T11:30:00+00:00,1.1614499999999977,1.1615099999999978,1.1606299999999978,1.1606799999999977,3852
2026-07-31T12:00:00+00:00,1.1606799999999977,1.1609399999999976,1.1602999999999977,1.1605399999999977,3633
2026-07-31T12:30:00+00:00,1.1605399999999977,1.1612299999999978,1.1603599999999978,1.1609799999999977,3788
2026-07-31T13:00:00+00:00,1.1609799999999977,1.1625099999999977,1.1605599999999978,1.1621999999999977,7796
2026-07-31T13:30:00+00:00,1.1621999999999977,1.1622699999999977,1.1576799999999978,1.1588199999999977,15012
2026-07-31T14:00:00+00:00,1.1588199999999977,1.1601699999999977,1.1584099999999977,1.1601299999999977,11486
2026-07-31T14:30:00+00:00,1.1601299999999977,1.1627799999999977,1.1601099999999978,1.1626199999999978,10467
2026-07-31T15:00:00+00:00,1.1626199999999978,1.1629399999999976,1.1618699999999977,1.1625399999999977,8885
2026-07-31T15:30:00+00:00,1.1625399999999977,1.1640099999999978,1.1622999999999977,1.1639599999999977,6437
2026-07-31T16:00:00+00:00,1.1639599999999977,1.1640599999999977,1.1633799999999976,1.1634899999999977,5119
2026-07-31T16:30:00+00:00,1.1634899999999977,1.1639499999999978,1.1634399999999978,1.1638599999999977,3492
2026-07-31T17:00:00+00:00,1.1638599999999977,1.1649399999999976,1.1638499999999978,1.1648899999999978,4311
2026-07-31T17:30:00+00:00,1.1648899999999978,1.1659099999999978,1.1648799999999977,1.1654899999999977,9568
2026-07-31T18:00:00+00:00,1.1654899999999977,1.1657799999999978,1.1647999999999978,1.1651099999999976,4963
2026-07-31T18:30:00+00:00,1.1651099999999976,1.1652399999999978,1.1645799999999977,1.1652299999999978,2991
2026-07-31T19:00:00+00:00,1.1652299999999978,1.1655799999999976,1.1651299999999978,1.1652399999999978,1836
2026-07-31T19:30:00+00:00,1.1652399999999978,1.1657599999999977,1.1648599999999978,1.1652899999999977,3511
2026-07-31T20:00:00+00:00,1.1652899999999977,1.1659899999999976,1.1645499999999978,1.1657699999999978,4571
2026-07-31T20:30:00+00:00,1.1657699999999978,1.1668799999999977,1.1648299999999978,1.1650599999999978,7894.842878018231
2026-08-02T21:00:00+00:00,1.1650599999999978,1.1654099999999978,1.1648499999999977,1.1650699999999978,398.3650453765641
2026-08-02T21:30:00+00:00,1.1650699999999978,1.1655299999999977,1.164879999999998,1.1652399999999978,783
2026-08-02T22:00:00+00:00,1.1652399999999978,1.1665999999999979,1.1652399999999978,1.165759999999998,4322
2026-08-02T22:30:00+00:00,1.165759999999998,1.165899999999998,1.165459999999998,1.1655399999999978,2620
2026-08-02T23:00:00+00:00,1.1655399999999978,1.165829999999998,1.1649899999999977,1.1651699999999978,2976
2026-08-02T23:30:00+00:00,1.1651699999999978,1.1653099999999978,1.1649199999999977,1.165079999999998,2527
2026-08-03T00:00:00+00:00,1.165079999999998,1.1655299999999977,1.1642199999999978,1.1654099999999978,6500
2026-08-03T00:30:00+00:00,1.1654099999999978,1.166299999999998,1.1647999999999978,1.164949999999998,13656
2026-08-03T01:00:00+00:00,1.164949999999998,1.165289999999998,1.163899999999998,1.163899999999998,7696
2026-08-03T01:30:00+00:00,1.163899999999998,1.164099999999998,1.1637099999999978,1.163929999999998,3507
2026-08-03T02:00:00+00:00,1.163929999999998,1.1641199999999978,1.163559999999998,1.1639899999999979,2919
2026-08-03T02:30:00+00:00,1.1639899999999979,1.1642499999999978,1.1637799999999978,1.163799999999998,2552
2026-08-03T03:00:00+00:00,1.163799999999998,1.1638199999999979,1.1634299999999977,1.163629999999998,2516
2026-08-03T03:30:00+00:00,1.163629999999998,1.1637499999999978,1.1634099999999978,1.163689999999998,2126
2026-08-03T04:00:00+00:00,1.163689999999998,1.1640199999999978,1.1636099999999978,1.1639799999999978,1933
2026-08-03T04:30:00+00:00,1.1639799999999978,1.1643099999999977,1.1638699999999977,1.1641199999999978,1684
2026-08-03T05:00:00+00:00,1.1641199999999978,1.1642799999999978,1.1638799999999978,1.1640599999999979,1995
2026-08-03T05:30:00+00:00,1.1640599999999979,1.1644599999999978,1.1640399999999977,1.1644299999999979,2000
2026-08-03T06:00:00+00:00,1.1644299999999979,1.1645899999999978,1.1638399999999978,1.1641099999999978,3735
2026-08-03T06:30:00+00:00,1.1641099999999978,1.164169999999998,1.1630899999999977,1.1634099999999978,4894
2026-08-03T07:00:00+00:00,1.1634099999999978,1.1637799999999978,1.162779999999998,1.163589999999998,6054
2026-08-03T07:30:00+00:00,1.163589999999998,1.163929999999998,1.163049999999998,1.1632999999999978,3844
2026-08-03T08:00:00+00:00,1.1632999999999978,1.163459999999998,1.1628999999999978,1.1631599999999978,3818
2026-08-03T08:30:00+00:00,1.1631599999999978,1.1634799999999978,1.162809999999998,1.162979999999998,3586
2026-08-03T09:00:00+00:00,1.162979999999998,1.163359999999998,1.162709999999998,1.1630999999999978,3723
2026-08-03T09:30:00+00:00,1.1630999999999978,1.163729999999998,1.1628999999999978,1.1629299999999978,3884
2026-08-03T10:00:00+00:00,1.1629299999999978,1.1631699999999978,1.1623899999999978,1.163019999999998,3454
2026-08-03T10:30:00+00:00,1.163019999999998,1.1631799999999979,1.1626999999999978,1.1629199999999977,3172
2026-08-03T11:00:00+00:00,1.1629199999999977,1.163389999999998,1.1627899999999978,1.162909999999998,3290
2026-08-03T11:30:00+00:00,1.162909999999998,1.1639599999999979,1.162849999999998,1.1639599999999979,3480
2026-08-03T12:00:00+00:00,1.1639599999999979,1.1642199999999978,1.1636199999999979,1.1636799999999978,4186
2026-08-03T12:30:00+00:00,1.1636799999999978,1.164029999999998,1.1629899999999977,1.1635099999999978,4498
2026-08-03T13:00:00+00:00,1.1635099999999978,1.164069999999998,1.163189999999998,1.163859999999998,5662
2026-08-03T13:30:00+00:00,1.163859999999998,1.1642199999999978,1.1628899999999978,1.163359999999998,6931
2026-08-03T14:00:00+00:00,1.163359999999998,1.1634499999999979,1.1621799999999978,1.1622299999999979,7760
2026-08-03T14:30:00+00:00,1.1622299999999979,1.1624899999999978,1.161729999999998,1.1621099999999978,6735
2026-08-03T15:00:00+00:00,1.1621099999999978,1.162139999999998,1.160949999999998,1.161119999999998,6122
2026-08-03T15:30:00+00:00,1.161119999999998,1.1616699999999978,1.160749999999998,1.1616699999999978,5201
2026-08-03T16:00:00+00:00,1.1616699999999978,1.161759999999998,1.1611999999999978,1.1612699999999978,3973
2026-08-03T16:30:00+00:00,1.1612699999999978,1.161559999999998,1.161149999999998,1.161389999999998,2798
2026-08-03T17:00:00+00:00,1.161389999999998,1.1613999999999978,1.1609099999999979,1.1610699999999978,3339
2026-08-03T17:30:00+00:00,1.1610699999999978,1.1613099999999978,1.160849999999998,1.1609099999999979,2556
2026-08-03T18:00:00+00:00,1.1609099999999979,1.161729999999998,1.1608599999999978,1.1616699999999978,2475
2026-08-03T18:30:00+00:00,1.1616699999999978,1.1621799999999978,1.161559999999998,1.162069999999998,2624
2026-08-03T19:00:00+00:00,1.162069999999998,1.1621899999999978,1.1619399999999978,1.1619499999999978,1894
2026-08-03T19:30:00+00:00,1.1619499999999978,1.1620099999999978,1.161659999999998,1.1617499999999978,1950
2026-08-03T20:00:00+00:00,1.1617499999999978,1.161799999999998,1.1613399999999978,1.1614499999999979,1322
2026-08-03T20:30:00+00:00,1.1614499999999979,1.1616999999999977,1.1612799999999979,1.1613099999999978,1019
2026-08-03T21:00:00+00:00,1.1613099999999978,1.1616799999999978,1.1611999999999978,1.1615699999999978,1026
2026-08-03T21:30:00+00:00,1.1615699999999978,1.1616799999999978,1.1614399999999978,1.1616399999999978,1283
2026-08-03T22:00:00+00:00,1.1616399999999978,1.1617099999999978,1.161389999999998,1.161419999999998,813
2026-08-03T22:30:00+00:00,1.161419999999998,1.161669999999998,1.1613799999999979,1.161599999999998,664.4216725559481
2026-08-03T23:00:00+00:00,1.161599999999998,1.161759999999998,1.1615499999999979,1.161659999999998,709
2026-08-03T23:30:00+00:00,1.161659999999998,1.161669999999998,1.161369999999998,1.161419999999998,1169
2026-08-04T00:00:00+00:00,1.161419999999998,1.162099999999998,1.161419999999998,1.1618899999999979,3236
2026-08-04T00:30:00+00:00,1.1618899999999979,1.1622199999999978,1.1612099999999979,1.1612699999999978,3063
2026-08-04T01:00:00+00:00,1.1612699999999978,1.161659999999998,1.1609399999999979,1.1615499999999979,2724
2026-08-04T01:30:00+00:00,1.1615499999999979,1.162169999999998,1.1615499999999979,1.1619499999999978,2843
2026-08-04T02:00:00+00:00,1.1619499999999978,1.162109999999998,1.161489999999998,1.161639999999998,2215
2026-08-04T02:30:00+00:00,1.161639999999998,1.161969999999998,1.161489999999998,1.1615199999999979,1713
2026-08-04T03:00:00+00:00,1.1615199999999979,1.161969999999998,1.161489999999998,1.161909999999998,1889
2026-08-04T03:30:00+00:00,1.161909999999998,1.1621299999999979,1.1614799999999978,1.161529999999998,2348
2026-08-04T04:00:00+00:00,1.161529999999998,1.161589999999998,1.1613099999999978,1.1615199999999979,1386
2026-08-04T04:30:00+00:00,1.1615199999999979,1.1618199999999979,1.1615199999999979,1.1617499999999978,1471
2026-08-04T05:00:00+00:00,1.1617499999999978,1.161769999999998,1.161419999999998,1.161659999999998,1869
2026-08-04T05:30:00+00:00,1.161659999999998,1.161759999999998,1.1610999999999978,1.1614499999999979,2332
2026-08-04T06:00:00+00:00,1.1614499999999979,1.161759999999998,1.161149999999998,1.161329999999998,4091
2026-08-04T06:30:00+00:00,1.161329999999998,1.161529999999998,1.1610999999999978,1.1614499999999979,3249
2026-08-04T07:00:00+00:00,1.1614499999999979,1.162439999999998,1.1613499999999979,1.161979999999998,3801
2026-08-04T07:30:00+00:00,1.161979999999998,1.1622199999999978,1.161599999999998,1.161799999999998,3099
2026-08-04T08:00:00+00:00,1.161799999999998,1.1621599999999979,1.161499999999998,1.161909999999998,3698
2026-08-04T08:30:00+00:00,1.161909999999998,1.161909999999998,1.1613399999999978,1.1615099999999978,3744
2026-08-04T09:00:00+00:00,1.1615099999999978,1.161829999999998,1.161049999999998,1.161759999999998,3291
2026-08-04T09:30:00+00:00,1.161759999999998,1.161839999999998,1.1612699999999978,1.161529999999998,3003
2026-08-04T10:00:00+00:00,1.161529999999998,1.161839999999998,1.161489999999998,1.161669999999998,3071
2026-08-04T10:30:00+00:00,1.161669999999998,1.1625999999999979,1.161589999999998,1.162109999999998,5371
2026-08-04T11:00:00+00:00,1.162109999999998,1.162709999999998,1.161869999999998,1.162709999999998,3500
2026-08-04T11:30:00+00:00,1.162709999999998,1.163059999999998,1.1622199999999978,1.162349999999998,6866
2026-08-04T12:00:00+00:00,1.162349999999998,1.162589999999998,1.1620599999999979,1.162149999999998,4556
2026-08-04T12:30:00+00:00,1.162149999999998,1.1630399999999979,1.162149999999998,1.162209999999998,3960
2026-08-04T13:00:00+00:00,1.162209999999998,1.1626599999999978,1.1616499999999979,1.162279999999998,5978
2026-08-04T13:30:00+00:00,1.162279999999998,1.163319999999998,1.162209999999998,1.163119999999998,6897
2026-08-04T14:00:00+00:00,1.163119999999998,1.163799999999998,1.1629299999999978,1.163389999999998,5237
2026-08-04T14:30:00+00:00,1.163389999999998,1.1635799999999978,1.162619999999998,1.163029999999998,5930
2026-08-04T15:00:00+00:00,1.163029999999998,1.163249999999998,1.162109999999998,1.162509999999998,4740
2026-08-04T15:30:00+00:00,1.162509999999998,1.163369999999998,1.162069999999998,1.1633499999999979,4697
2026-08-04T16:00:00+00:00,1.1633499999999979,1.163389999999998,1.1626699999999979,1.1626699999999979,3003
2026-08-04T16:30:00+00:00,1.1626699999999979,1.1626999999999978,1.162379999999998,1.162589999999998,2049
2026-08-04T17:00:00+00:00,1.162589999999998,1.1629699999999978,1.162589999999998,1.1627999999999978,2644
2026-08-04T17:30:00+00:00,1.1627999999999978,1.163359999999998,1.162759999999998,1.1631399999999978,2071
2026-08-04T18:00:00+00:00,1.1631399999999978,1.1633799999999979,1.1629999999999978,1.1632099999999979,2396
2026-08-04T18:30:00+00:00,1.1632099999999979,1.164099999999998,1.163149999999998,1.164009999999998,2609
2026-08-04T19:00:00+00:00,1.164009999999998,1.164069999999998,1.1636799999999978,1.1639599999999979,2626
2026-08-04T19:30:00+00:00,1.1639599999999979,1.163999999999998,1.1636799999999978,1.163799999999998,1598
2026-08-04T20:00:00+00:00,1.163799999999998,1.1641299999999979,1.1637899999999979,1.163979999999998,1201
2026-08-04T20:30:00+00:00,1.163979999999998,1.164109999999998,1.163759999999998,1.163759999999998,1160
2026-08-04T21:00:00+00:00,1.163759999999998,1.163759999999998,1.1632399999999978,1.163569999999998,384
2026-08-04T21:30:00+00:00,1.163569999999998,1.163839999999998,1.163559999999998,1.163669999999998,491
2026-08-04T22:00:00+00:00,1.163669999999998,1.1638499999999978,1.163629999999998,1.1637799999999978,585
2026-08-04T22:30:00+00:00,1.1637799999999978,1.164009999999998,1.1637799999999978,1.163979999999998,493.38411564073414
2026-08-04T23:00:00+00:00,1.163979999999998,1.164049999999998,1.163739999999998,1.163759999999998,1139
2026-08-04T23:30:00+00:00,1.163759999999998,1.163989999999998,1.1637199999999979,1.163929999999998,990
2026-08-05T00:00:00+00:00,1.163929999999998,1.164259999999998,1.163879999999998,1.164189999999998,2591
2026-08-05T00:30:00+00:00,1.164189999999998,1.164279999999998,1.163699999999998,1.163869999999998,2739
2026-08-05T01:00:00+00:00,1.163869999999998,1.163899999999998,1.163409999999998,1.163559999999998,2756
2026-08-05T01:30:00+00:00,1.163559999999998,1.163599999999998,1.163409999999998,1.163439999999998,2209
2026-08-05T02:00:00+00:00,1.163439999999998,1.164239999999998,1.163399999999998,1.164079999999998,3664
2026-08-05T02:30:00+00:00,1.164079999999998,1.164779999999998,1.164029999999998,1.164209999999998,3072
2026-08-05T03:00:00+00:00,1.164209999999998,1.1647699999999979,1.164199999999998,1.1644999999999979,2062
2026-08-05T03:30:00+00:00,1.1644999999999979,1.164509999999998,1.164259999999998,1.164459999999998,1831
2026-08-05T04:00:00+00:00,1.164459999999998,1.164749999999998,1.164449999999998,1.164649999999998,1913
2026-08-05T04:30:00+00:00,1.164649999999998,1.164719999999998,1.164199999999998,1.164349999999998,2515
2026-08-05T05:00:00+00:00,1.164349999999998,1.164349999999998,1.163909999999998,1.164169999999998,2073
2026-08-05T05:30:00+00:00,1.164169999999998,1.164539999999998,1.164149999999998,1.164299999999998,2420
2026-08-05T06:00:00+00:00,1.164299999999998,1.164479999999998,1.163969999999998,1.164259999999998,3824
2026-08-05T06:30:00+00:00,1.164259999999998,1.165309999999998,1.163979999999998,1.165219999999998,3725
2026-08-05T07:00:00+00:00,1.165219999999998,1.165419999999998,1.164119999999998,1.164149999999998,5610
2026-08-05T07:30:00+00:00,1.164149999999998,1.164699999999998,1.164149999999998,1.164539999999998,3557
2026-08-05T08:00:00+00:00,1.164539999999998,1.165069999999998,1.164309999999998,1.165069999999998,3986
2026-08-05T08:30:00+00:00,1.165069999999998,1.165169999999998,1.163849999999998,1.164289999999998,4497
2026-08-05T09:00:00+00:00,1.164289999999998,1.164889999999998,1.164079999999998,1.164679999999998,5069
2026-08-05T09:30:00+00:00,1.164679999999998,1.164999999999998,1.164539999999998,1.164709999999998,3350
2026-08-05T10:00:00+00:00,1.164709999999998,1.164819999999998,1.164239999999998,1.164509999999998,2951
2026-08-05T10:30:00+00:00,1.164509999999998,1.164809999999998,1.164339999999998,1.164689999999998,3083
2026-08-05T11:00:00+00:00,1.164689999999998,1.165849999999998,1.164689999999998,1.165519999999998,4053
2026-08-05T11:30:00+00:00,1.165519999999998,1.166259999999998,1.165389999999998,1.165999999999998,4213
2026-08-05T12:00:00+00:00,1.165999999999998,1.166449999999998,1.165849999999998,1.166109999999998,4464
2026-08-05T12:30:00+00:00,1.166109999999998,1.166209999999998,1.165209999999998,1.165289999999998,4173
2026-08-05T13:00:00+00:00,1.165289999999998,1.1660599999999979,1.164959999999998,1.1659599999999979,5294
2026-08-05T13:30:00+00:00,1.1659599999999979,1.166129999999998,1.1647399999999979,1.165069999999998,7547
2026-08-05T14:00:00+00:00,1.165069999999998,1.166429999999998,1.164909999999998,1.165759999999998,7519
2026-08-05T14:30:00+00:00,1.165759999999998,1.166119999999998,1.165259999999998,1.166069999999998,6605
2026-08-05T15:00:00+00:00,1.166069999999998,1.1663999999999979,1.165259999999998,1.165469999999998,6717
2026-08-05T15:30:00+00:00,1.165469999999998,1.165829999999998,1.1650099999999979,1.165329999999998,5406
2026-08-05T16:00:00+00:00,1.165329999999998,1.165649999999998,1.1650099999999979,1.165489999999998,3566
2026-08-05T16:30:00+00:00,1.165489999999998,1.165499999999998,1.165099999999998,1.165329999999998,2788
2026-08-05T17:00:00+00:00,1.165329999999998,1.165669999999998,1.164999999999998,1.165629999999998,2578
2026-08-05T17:30:00+00:00,1.165629999999998,1.166459999999998,1.165489999999998,1.166359999999998,2188
2026-08-05T18:00:00+00:00,1.166359999999998,1.1666699999999979,1.166169999999998,1.166639999999998,2540
2026-08-05T18:30:00+00:00,1.166639999999998,1.1666699999999979,1.1660599999999979,1.166099999999998,2452
2026-08-05T19:00:00+00:00,1.166099999999998,1.166209999999998,1.165489999999998,1.165519999999998,1987
2026-08-05T19:30:00+00:00,1.165519999999998,1.165949999999998,1.165519999999998,1.165839999999998,1998
2026-08-05T20:00:00+00:00,1.165839999999998,1.166019999999998,1.165659999999998,1.165809999999998,1078
2026-08-05T20:30:00+00:00,1.165809999999998,1.166149999999998,1.165799999999998,1.166039999999998,1352
2026-08-05T21:00:00+00:00,1.166039999999998,1.166279999999998,1.165749999999998,1.165879999999998,942
2026-08-05T21:30:00+00:00,1.165879999999998,1.165999999999998,1.1656199999999979,1.165689999999998,1568
2026-08-05T22:00:00+00:00,1.165689999999998,1.166249999999998,1.165689999999998,1.166139999999998,1303
2026-08-05T22:30:00+00:00,1.166139999999998,1.1662299999999979,1.166069999999998,1.166219999999998,426
2026-08-05T23:00:00+00:00,1.166219999999998,1.1663299999999979,1.166139999999998,1.166219999999998,550
2026-08-05T23:30:00+00:00,1.166219999999998,1.1664999999999979,1.166199999999998,1.166429999999998,811
2026-08-06T00:00:00+00:00,1.166429999999998,1.166539999999998,1.166199999999998,1.166359999999998,2493
2026-08-06T00:30:00+00:00,1.166359999999998,1.166699999999998,1.166349999999998,1.166359999999998,1934
2026-08-06T01:00:00+00:00,1.166359999999998,1.166479999999998,1.166089999999998,1.166259999999998,2966
2026-08-06T01:30:00+00:00,1.166259999999998,1.166439999999998,1.166169999999998,1.166219999999998,2016
2026-08-06T02:00:00+00:00,1.166219999999998,1.166519999999998,1.166179999999998,1.166339999999998,2027
2026-08-06T02:30:00+00:00,1.166339999999998,1.1664999999999979,1.165979999999998,1.166099999999998,1723
2026-08-06T03:00:00+00:00,1.166099999999998,1.166119999999998,1.165659999999998,1.165739999999998,1591
2026-08-06T03:30:00+00:00,1.165739999999998,1.165819999999998,1.165419999999998,1.165609999999998,1331
2026-08-06T04:00:00+00:00,1.165609999999998,1.165689999999998,1.165489999999998,1.1655499999999979,943
2026-08-06T04:30:00+00:00,1.1655499999999979,1.165649999999998,1.165439999999998,1.1656199999999979,1575
2026-08-06T05:00:00+00:00,1.1656199999999979,1.165629999999998,1.165199999999998,1.165289999999998,1386
2026-08-06T05:30:00+00:00,1.165289999999998,1.165769999999998,1.165249999999998,1.165659999999998,1680
2026-08-06T06:00:00+00:00,1.165659999999998,1.1658899999999979,1.165239999999998,1.165369999999998,3024
2026-08-06T06:30:00+00:00,1.165369999999998,1.1654499999999979,1.165029999999998,1.165219999999998,2913
2026-08-06T07:00:00+00:00,1.165219999999998,1.165399999999998,1.164949999999998,1.165199999999998,3529
2026-08-06T07:30:00+00:00,1.165199999999998,1.165339999999998,1.164849999999998,1.165159999999998,3352
2026-08-06T08:00:00+00:00,1.165159999999998,1.165249999999998,1.164629999999998,1.164829999999998,3458
2026-08-06T08:30:00+00:00,1.164829999999998,1.165169999999998,1.1647399999999979,1.165049999999998,3443
2026-08-06T09:00:00+00:00,1.165049999999998,1.165129999999998,1.164749999999998,1.164949999999998,2778
2026-08-06T09:30:00+00:00,1.164949999999998,1.165039999999998,1.164379999999998,1.164579999999998,2583
2026-08-06T10:00:00+00:00,1.164579999999998,1.164969999999998,1.164379999999998,1.164849999999998,2590
2026-08-06T10:30:00+00:00,1.164849999999998,1.164999999999998,1.164649999999998,1.164829999999998,2152
2026-08-06T11:00:00+00:00,1.164829999999998,1.165419999999998,1.164829999999998,1.165249999999998,2320
2026-08-06T11:30:00+00:00,1.165249999999998,1.165299999999998,1.164489999999998,1.165239999999998,3556
2026-08-06T12:00:00+00:00,1.165239999999998,1.165289999999998,1.164649999999998,1.164969999999998,3297
2026-08-06T12:30:00+00:00,1.164969999999998,1.165259999999998,1.164409999999998,1.164589999999998,3906
2026-08-06T13:00:00+00:00,1.164589999999998,1.1648399999999979,1.164299999999998,1.164609999999998,3918
2026-08-06T13:30:00+00:00,1.164609999999998,1.165199999999998,1.164509999999998,1.165019999999998,4568
2026-08-06T14:00:00+00:00,1.165019999999998,1.165129999999998,1.163979999999998,1.164199999999998,6088
2026-08-06T14:30:00+00:00,1.164199999999998,1.164479999999998,1.1637899999999979,1.164239999999998,4830
2026-08-06T15:00:00+00:00,1.164239999999998,1.164299999999998,1.162859999999998,1.163099999999998,5804
2026-08-06T15:30:00+00:00,1.163099999999998,1.163169999999998,1.162659999999998,1.162799999999998,4785
2026-08-06T16:00:00+00:00,1.162799999999998,1.1629399999999979,1.162209999999998,1.162659999999998,3967
2026-08-06T16:30:00+00:00,1.162659999999998,1.1630099999999979,1.162409999999998,1.162789999999998,2443
2026-08-06T17:00:00+00:00,1.162789999999998,1.162959999999998,1.162489999999998,1.1627399999999979,2427
2026-08-06T17:30:00+00:00,1.1627399999999979,1.163019999999998,1.162479999999998,1.163019999999998,2094
2026-08-06T18:00:00+00:00,1.163019999999998,1.163209999999998,1.162929999999998,1.162949999999998,1322
2026-08-06T18:30:00+00:00,1.162949999999998,1.163119999999998,1.162899999999998,1.1631099999999979,1652
2026-08-06T19:00:00+00:00,1.1631099999999979,1.163299999999998,1.162459999999998,1.162599999999998,2670
2026-08-06T19:30:00+00:00,1.162599999999998,1.163309999999998,1.162529999999998,1.163059999999998,2502
2026-08-06T20:00:00+00:00,1.163059999999998,1.163129999999998,1.162609999999998,1.162799999999998,970
2026-08-06T20:30:00+00:00,1.162799999999998,1.163169999999998,1.162759999999998,1.163139999999998,1520
2026-08-06T21:00:00+00:00,1.163139999999998,1.163139999999998,1.162679999999998,1.162719999999998,256
2026-08-06T21:30:00+00:00,1.162719999999998,1.162859999999998,1.162599999999998,1.162729999999998,705
2026-08-06T22:00:00+00:00,1.162729999999998,1.163049999999998,1.162729999999998,1.162969999999998,906
2026-08-06T22:30:00+00:00,1.162969999999998,1.1630099999999979,1.162869999999998,1.162879999999998,458
2026-08-06T23:00:00+00:00,1.162879999999998,1.163079999999998,1.162879999999998,1.163029999999998,438.00061804697157
2026-08-06T23:30:00+00:00,1.163029999999998,1.163149999999998,1.162939999999998,1.1631299999999978,402.6119852695012
2026-08-07T00:00:00+00:00,1.1631299999999978,1.1631399999999978,1.1627499999999977,1.1628999999999978,2323
2026-08-07T00:30:00+00:00,1.1628999999999978,1.162979999999998,1.162539999999998,1.1626499999999977,2550
2026-08-07T01:00:00+00:00,1.1626499999999977,1.1629899999999977,1.1625899999999978,1.1628999999999978,2000
2026-08-07T01:30:00+00:00,1.1628999999999978,1.1633099999999978,1.1627499999999977,1.1628999999999978,2174
2026-08-07T02:00:00+00:00,1.1628999999999978,1.1630299999999978,1.1627999999999978,1.162979999999998,1604
2026-08-07T02:30:00+00:00,1.162979999999998,1.163079999999998,1.1628199999999977,1.1628899999999978,1484
2026-08-07T03:00:00+00:00,1.1628899999999978,1.162979999999998,1.1627199999999978,1.1628899999999978,1713
2026-08-07T03:30:00+00:00,1.1628899999999978,1.1630699999999978,1.1628399999999979,1.1630699999999978,1304
2026-08-07T04:00:00+00:00,1.1630699999999978,1.163079999999998,1.1628899999999978,1.1629599999999978,1743
2026-08-07T04:30:00+00:00,1.1629599999999978,1.1631699999999978,1.1628999999999978,1.1630999999999978,1791
2026-08-07T05:00:00+00:00,1.1630999999999978,1.1632799999999979,1.1628899999999978,1.1628999999999978,1083
2026-08-07T05:30:00+00:00,1.1628999999999978,1.163219999999998,1.162809999999998,1.162979999999998,1863
2026-08-07T06:00:00+00:00,1.162979999999998,1.1632399999999978,1.1628499999999977,1.163149999999998,2916
2026-08-07T06:30:00+00:00,1.163149999999998,1.1632099999999979,1.1628899999999978,1.1629499999999977,3129
2026-08-07T07:00:00+00:00,1.1629499999999977,1.1631699999999978,1.1625199999999978,1.1629999999999978,3032
2026-08-07T07:30:00+00:00,1.1629999999999978,1.1630699999999978,1.1626999999999978,1.1629899999999977,2820
2026-08-07T08:00:00+00:00,1.1629899999999977,1.1630399999999979,1.1625499999999978,1.1626699999999979,3634
2026-08-07T08:30:00+00:00,1.1626699999999979,1.1632699999999978,1.162639999999998,1.1630899999999977,3384
2026-08-07T09:00:00+00:00,1.1630899999999977,1.1636999999999977,1.1630299999999978,1.1634699999999978,3323
2026-08-07T09:30:00+00:00,1.1634699999999978,1.1638699999999977,1.1632999999999978,1.1636399999999978,3024
2026-08-07T10:00:00+00:00,1.1636399999999978,1.1636699999999978,1.1633399999999978,1.163489999999998,2883
2026-08-07T10:30:00+00:00,1.163489999999998,1.1636399999999978,1.1632999999999978,1.1634399999999978,2807
2026-08-07T11:00:00+00:00,1.1634399999999978,1.1637299999999977,1.163389999999998,1.1634099999999978,3281
2026-08-07T11:30:00+00:00,1.1634099999999978,1.1640799999999978,1.163389999999998,1.1640399999999977,2612
2026-08-07T12:00:00+00:00,1.1640399999999977,1.1645199999999978,1.1633799999999979,1.1634699999999978,4668
2026-08-07T12:30:00+00:00,1.1634699999999978,1.1688299999999978,1.1633599999999977,1.1680099999999978,22839
2026-08-07T13:00:00+00:00,1.1680099999999978,1.1682799999999978,1.167419999999998,1.1677399999999978,8555
2026-08-07T13:30:00+00:00,1.1677399999999978,1.1681899999999978,1.1663999999999979,1.1665199999999978,8887
2026-08-07T14:00:00+00:00,1.1665199999999978,1.1671599999999978,1.1659499999999978,1.166439999999998,8050
2026-08-07T14:30:00+00:00,1.166439999999998,1.1667699999999979,1.1657899999999979,1.1660499999999978,7397
2026-08-07T15:00:00+00:00,1.1660499999999978,1.1671199999999977,1.1657499999999978,1.166439999999998,6672
2026-08-07T15:30:00+00:00,1.166439999999998,1.1670699999999978,1.1661799999999978,1.1665999999999979,4816
2026-08-07T16:00:00+00:00,1.1665999999999979,1.1673099999999978,1.1664799999999977,1.166979999999998,4660
2026-08-07T16:30:00+00:00,1.166979999999998,1.1674699999999978,1.166609999999998,1.166639999999998,2955
2026-08-07T17:00:00+00:00,1.166639999999998,1.1670599999999978,1.1664899999999978,1.1668399999999979,2197
2026-08-07T17:30:00+00:00,1.1668399999999979,1.1670899999999977,1.166739999999998,1.1668499999999977,2112
2026-08-07T18:00:00+00:00,1.1668499999999977,1.1670599999999978,1.166639999999998,1.1670099999999977,2261
2026-08-07T18:30:00+00:00,1.1670099999999977,1.1674099999999976,1.1669899999999978,1.1672899999999977,1709
2026-08-07T19:00:00+00:00,1.1672899999999977,1.1678099999999978,1.1671799999999977,1.1677499999999976,3086
2026-08-07T19:30:00+00:00,1.1677499999999976,1.1677899999999977,1.1668899999999978,1.1669699999999976,2599
2026-08-07T20:00:00+00:00,1.1669699999999976,1.1669799999999977,1.1663899999999976,1.1664599999999976,1222
2026-08-07T20:30:00+00:00,1.1664599999999976,1.1667999999999976,1.1661699999999977,1.1661699999999977,1712
2026-08-09T21:00:00+00:00,1.1661699999999977,1.1663599999999978,1.1659899999999979,1.1662299999999979,245.7510570059186
2026-08-09T21:30:00+00:00,1.1662299999999979,1.1662299999999979,1.1656499999999979,1.1657699999999978,328.61437940853335
2026-08-09T22:00:00+00:00,1.1657699999999978,1.1660899999999979,1.1653599999999977,1.1653799999999979,875
2026-08-09T22:30:00+00:00,1.1653799999999979,1.1655499999999979,1.1653599999999977,1.1653799999999979,458
2026-08-09T23:00:00+00:00,1.1653799999999979,1.1656799999999978,1.1653799999999979,1.165589999999998,807
2026-08-09T23:30:00+00:00,1.165589999999998,1.1656799999999978,1.1652799999999979,1.1653899999999977,1027
2026-08-10T00:00:00+00:00,1.1653899999999977,1.165759999999998,1.1653599999999977,1.1654399999999978,3117
2026-08-10T00:30:00+00:00,1.1654399999999978,1.1657499999999978,1.1652699999999978,1.165659999999998,2527
2026-08-10T01:00:00+00:00,1.165659999999998,1.165759999999998,1.1651199999999977,1.1653099999999978,3649
2026-08-10T01:30:00+00:00,1.1653099999999978,1.1653899999999977,1.165049999999998,1.165249999999998,2236
2026-08-10T02:00:00+00:00,1.165249999999998,1.1653599999999977,1.1651199999999977,1.1652599999999977,1644
2026-08-10T02:30:00+00:00,1.1652599999999977,1.1653799999999979,1.1649399999999979,1.1650099999999979,1392
2026-08-10T03:00:00+00:00,1.1650099999999979,1.1651399999999978,1.1647899999999978,1.1649899999999977,1652
2026-08-10T03:30:00+00:00,1.1649899999999977,1.1649999999999978,1.1647499999999977,1.1647499999999977,1377
2026-08-10T04:00:00+00:00,1.1647499999999977,1.164879999999998,1.1646599999999978,1.1648299999999978,1322
2026-08-10T04:30:00+00:00,1.1648299999999978,1.1651199999999977,1.1646999999999978,1.1649999999999978,1244
2026-08-10T05:00:00+00:00,1.1649999999999978,1.1651699999999978,1.1648599999999978,1.1649999999999978,1509
2026-08-10T05:30:00+00:00,1.1649999999999978,1.165489999999998,1.1648899999999978,1.1653499999999979,2448
2026-08-10T06:00:00+00:00,1.1653499999999979,1.1656199999999979,1.1650999999999978,1.1654599999999977,2887
2026-08-10T06:30:00+00:00,1.1654599999999977,1.165489999999998,1.1650899999999977,1.1653599999999977,2902
2026-08-10T07:00:00+00:00,1.1653599999999977,1.165659999999998,1.165049999999998,1.1654699999999978,3511
2026-08-10T07:30:00+00:00,1.1654699999999978,1.1664299999999979,1.1654099999999978,1.1659599999999979,3705
2026-08-10T08:00:00+00:00,1.1659599999999979,1.1664199999999978,1.1658099999999978,1.1663299999999979,2642
2026-08-10T08:30:00+00:00,1.1663299999999979,1.166369999999998,1.1659199999999978,1.1659599999999979,2829
2026-08-10T09:00:00+00:00,1.1659599999999979,1.1662299999999979,1.1657899999999979,1.166099999999998,1881
2026-08-10T09:30:00+00:00,1.166099999999998,1.166099999999998,1.1655399999999978,1.1655499999999979,2941
2026-08-10T10:00:00+00:00,1.1655499999999979,1.165659999999998,1.1652999999999978,1.165519999999998,2679
2026-08-10T10:30:00+00:00,1.165519999999998,1.1656099999999978,1.1653099999999978,1.1653899999999977,2764
2026-08-10T11:00:00+00:00,1.1653899999999977,1.1654999999999978,1.1648599999999978,1.1649999999999978,2702
2026-08-10T11:30:00+00:00,1.1649999999999978,1.1651699999999978,1.1647599999999978,1.1650899999999977,2534
2026-08-10T12:00:00+00:00,1.1650899999999977,1.1653699999999978,1.1645499999999978,1.164709999999998,4486
2026-08-10T12:30:00+00:00,1.164709999999998,1.164879999999998,1.1643799999999978,1.1645699999999979,3182
2026-08-10T13:00:00+00:00,1.1645699999999979,1.1652399999999978,1.1644099999999977,1.1651099999999979,4230
2026-08-10T13:30:00+00:00,1.1651099999999979,1.1652299999999978,1.1642499999999978,1.1643599999999978,6043
2026-08-10T14:00:00+00:00,1.1643599999999978,1.165249999999998,1.1642899999999978,1.165149999999998,4254
2026-08-10T14:30:00+00:00,1.165149999999998,1.1654399999999978,1.1648499999999977,1.165049999999998,4590
2026-08-10T15:00:00+00:00,1.165049999999998,1.1652099999999979,1.1645099999999977,1.1647299999999978,4497
2026-08-10T15:30:00+00:00,1.1647299999999978,1.1650699999999978,1.1644899999999978,1.1650199999999977,3306
2026-08-10T16:00:00+00:00,1.1650199999999977,1.1652899999999977,1.1647699999999979,1.1651299999999978,2210
2026-08-10T16:30:00+00:00,1.1651299999999978,1.1651799999999979,1.164369999999998,1.1645699999999979,3358
2026-08-10T17:00:00+00:00,1.1645699999999979,1.1646299999999978,1.1639599999999979,1.1642399999999977,2534
2026-08-10T17:30:00+00:00,1.1642399999999977,1.1645299999999978,1.1640599999999979,1.1641499999999978,1471
2026-08-10T18:00:00+00:00,1.1641499999999978,1.1643399999999977,1.1639799999999978,1.1640799999999978,1750
2026-08-10T18:30:00+00:00,1.1640799999999978,1.1643399999999977,1.163859999999998,1.1640799999999978,2762
2026-08-10T19:00:00+00:00,1.1640799999999978,1.1641599999999979,1.1638799999999978,1.1640599999999979,1516
2026-08-10T19:30:00+00:00,1.1640599999999979,1.1641799999999978,1.1639599999999979,1.1640099999999978,1868
2026-08-10T20:00:00+00:00,1.1640099999999978,1.1641799999999978,1.1639999999999977,1.1640199999999978,956
2026-08-10T20:30:00+00:00,1.1640199999999978,1.1641599999999979,1.1638199999999979,1.1639699999999977,856
2026-08-10T21:00:00+00:00,1.1639699999999977,1.1640499999999978,1.1637899999999979,1.1639699999999977,223.38110195000655
2026-08-10T21:30:00+00:00,1.1639699999999977,1.1640499999999978,1.1637499999999978,1.163929999999998,298
2026-08-10T22:00:00+00:00,1.163929999999998,1.1642799999999978,1.163929999999998,1.1641699999999977,1105
2026-08-10T22:30:00+00:00,1.1641699999999977,1.1642499999999978,1.1640899999999978,1.1642299999999979,445
2026-08-10T23:00:00+00:00,1.1642299999999979,1.164269999999998,1.1641099999999978,1.1641499999999978,725
2026-08-10T23:30:00+00:00,1.1641499999999978,1.1645199999999978,1.1640799999999978,1.1644599999999978,800
2026-08-11T00:00:00+00:00,1.1644599999999978,1.164709999999998,1.1643799999999978,1.1646599999999978,2097
2026-08-11T00:30:00+00:00,1.1646599999999978,1.1648399999999979,1.1644599999999978,1.164469999999998,2127
2026-08-11T01:00:00+00:00,1.164469999999998,1.1647899999999978,1.1641599999999979,1.164709999999998,2315
2026-08-11T01:30:00+00:00,1.164709999999998,1.1648299999999978,1.164469999999998,1.164469999999998,1721
2026-08-11T02:00:00+00:00,1.164469999999998,1.1644899999999978,1.1638999999999977,1.1639699999999977,2447
2026-08-11T02:30:00+00:00,1.1639699999999977,1.1640899999999978,1.1637299999999977,1.1638399999999978,2144
2026-08-11T03:00:00+00:00,1.1638399999999978,1.164299999999998,1.1638099999999978,1.1642899999999978,1558
2026-08-11T03:30:00+00:00,1.1642899999999978,1.1643499999999978,1.1640599999999979,1.1641499999999978,1103
2026-08-11T04:00:00+00:00,1.1641499999999978,1.1643499999999978,1.1641199999999978,1.1643099999999977,1594
2026-08-11T04:30:00+00:00,1.1643099999999977,1.1643799999999978,1.1637899999999979,1.1641399999999977,2378
2026-08-11T05:00:00+00:00,1.1641399999999977,1.1641499999999978,1.1638499999999978,1.1639899999999979,1476
2026-08-11T05:30:00+00:00,1.1639899999999979,1.1641499999999978,1.1637399999999978,1.1639699999999977,2353
2026-08-11T06:00:00+00:00,1.1639699999999977,1.1642099999999977,1.1633099999999978,1.1635299999999977,3439
2026-08-11T06:30:00+00:00,1.1635299999999977,1.1636499999999979,1.163149999999998,1.1635599999999977,3028
2026-08-11T07:00:00+00:00,1.1635599999999977,1.1638699999999977,1.1633999999999978,1.1636299999999977,3500
2026-08-11T07:30:00+00:00,1.1636299999999977,1.1637199999999979,1.1630399999999979,1.163049999999998,3410
2026-08-11T08:00:00+00:00,1.163049999999998,1.1632899999999977,1.1629999999999978,1.1632899999999977,3710
2026-08-11T08:30:00+00:00,1.1632899999999977,1.1637299999999977,1.163249999999998,1.1634799999999978,2562
2026-08-11T09:00:00+00:00,1.1634799999999978,1.1634999999999978,1.1631399999999978,1.1632399999999978,2228
2026-08-11T09:30:00+00:00,1.1632399999999978,1.1635999999999977,1.1631399999999978,1.1635799999999978,2230
2026-08-11T10:00:00+00:00,1.1635799999999978,1.1636999999999977,1.1631999999999978,1.163519999999998,3313
2026-08-11T10:30:00+00:00,1.163519999999998,1.1637099999999978,1.1632999999999978,1.1635099999999978,2433
2026-08-11T11:00:00+00:00,1.1635099999999978,1.1642199999999978,1.1633099999999978,1.1637699999999978,6101
2026-08-11T11:30:00+00:00,1.1637699999999978,1.1638199999999979,1.1633499999999979,1.163519999999998,3304
2026-08-11T12:00:00+00:00,1.163519999999998,1.1638999999999977,1.1632299999999978,1.1635499999999979,4164
2026-08-11T12:30:00+00:00,1.1635499999999979,1.1642799999999978,1.163519999999998,1.1639999999999977,3494
2026-08-11T13:00:00+00:00,1.1639999999999977,1.164369999999998,1.1639499999999978,1.1640199999999978,3449
2026-08-11T13:30:00+00:00,1.1640199999999978,1.164709999999998,1.1637699999999978,1.1642799999999978,4240
2026-08-11T14:00:00+00:00,1.1642799999999978,1.1642899999999978,1.1636399999999978,1.1637899999999979,3962
2026-08-11T14:30:00+00:00,1.1637899999999979,1.1641699999999977,1.1636999999999977,1.1641299999999979,3531
2026-08-11T15:00:00+00:00,1.1641299999999979,1.1643299999999979,1.1635099999999978,1.1638899999999979,3442
2026-08-11T15:30:00+00:00,1.1638899999999979,1.1642199999999978,1.1635099999999978,1.1641599999999979,3565
2026-08-11T16:00:00+00:00,1.1641599999999979,1.1642399999999977,1.1637699999999978,1.1640099999999978,2072
2026-08-11T16:30:00+00:00,1.1640099999999978,1.1641399999999977,1.1637699999999978,1.1638099999999978,2291
2026-08-11T17:00:00+00:00,1.1638099999999978,1.1638799999999978,1.1632899999999977,1.1633899999999977,1954
2026-08-11T17:30:00+00:00,1.1633899999999977,1.1637499999999978,1.1633399999999978,1.163659999999998,1148
2026-08-11T18:00:00+00:00,1.163659999999998,1.163689999999998,1.1633999999999978,1.1635499999999979,2034
2026-08-11T18:30:00+00:00,1.1635499999999979,1.1640799999999978,1.1635099999999978,1.1639099999999978,2208
2026-08-11T19:00:00+00:00,1.1639099999999978,1.1641199999999978,1.163859999999998,1.1641099999999978,1432
2026-08-11T19:30:00+00:00,1.1641099999999978,1.1641599999999979,1.1640199999999978,1.1641499999999978,1508
2026-08-11T20:00:00+00:00,1.1641499999999978,1.1642399999999977,1.1639499999999978,1.1639999999999977,775
2026-08-11T20:30:00+00:00,1.1639999999999977,1.1641599999999979,1.1637999999999977,1.1639799999999978,1103.4714156079854
2026-08-11T21:00:00+00:00,1.1639799999999978,1.1639799999999978,1.1637199999999979,1.1638499999999978,348.5477799227799
2026-08-11T21:30:00+00:00,1.1638499999999978,1.1639199999999978,1.1637799999999978,1.1638999999999977,196.9830088495575
2026-08-11T22:00:00+00:00,1.1638999999999977,1.1642199999999978,1.1638899999999979,1.1641599999999979,393
2026-08-11T22:30:00+00:00,1.1641599999999979,1.164199999999998,1.1639999999999977,1.1641799999999978,602
2026-08-11T23:00:00+00:00,1.1641799999999978,1.1642099999999977,1.1640199999999978,1.164029999999998,474
2026-08-11T23:30:00+00:00,1.164029999999998,1.1642399999999977,1.1639599999999979,1.164199999999998,635
2026-08-12T00:00:00+00:00,1.164199999999998,1.1643299999999979,1.1640799999999978,1.164269999999998,2127
2026-08-12T00:30:00+00:00,1.164269999999998,1.164299999999998,1.1638099999999978,1.1639399999999978,1794
2026-08-12T01:00:00+00:00,1.1639399999999978,1.1639499999999978,1.163519999999998,1.1636999999999977,1961
2026-08-12T01:30:00+00:00,1.1636999999999977,1.1638999999999977,1.1635999999999977,1.1636799999999978,1343
2026-08-12T02:00:00+00:00,1.1636799999999978,1.1636999999999977,1.1633799999999979,1.1635499999999979,1737
2026-08-12T02:30:00+00:00,1.1635499999999979,1.1638699999999977,1.1635499999999979,1.1636999999999977,1569
2026-08-12T03:00:00+00:00,1.1636999999999977,1.1637199999999979,1.163489999999998,1.163519999999998,1230
2026-08-12T03:30:00+00:00,1.163519999999998,1.1636299999999977,1.1633599999999977,1.1633999999999978,935
2026-08-12T04:00:00+00:00,1.1633999999999978,1.1634999999999978,1.1631399999999978,1.163249999999998,972
2026-08-12T04:30:00+00:00,1.163249999999998,1.1635099999999978,1.163249999999998,1.1634399999999978,855
2026-08-12T05:00:00+00:00,1.1634399999999978,1.1634499999999979,1.163079999999998,1.1632099999999979,1187
2026-08-12T05:30:00+00:00,1.1632099999999979,1.1633799999999979,1.1631399999999978,1.1632399999999978,1555
2026-08-12T06:00:00+00:00,1.1632399999999978,1.1634599999999977,1.1631999999999978,1.1633899999999977,2312
2026-08-12T06:30:00+00:00,1.1633899999999977,1.163589999999998,1.163249999999998,1.1635799999999978,3066
2026-08-12T07:00:00+00:00,1.1635799999999978,1.1638099999999978,1.1634599999999977,1.1635999999999977,2151
2026-08-12T07:30:00+00:00,1.1635999999999977,1.1637699999999978,1.1634499999999979,1.1636099999999978,1870
2026-08-12T08:00:00+00:00,1.1636099999999978,1.163829999999998,1.163319999999998,1.1636499999999979,2639
2026-08-12T08:30:00+00:00,1.1636499999999979,1.1638799999999978,1.163519999999998,1.1635799999999978,2361
2026-08-12T09:00:00+00:00,1.1635799999999978,1.1648599999999978,1.1635499999999979,1.1641399999999977,4809
2026-08-12T09:30:00+00:00,1.1641399999999977,1.1643199999999978,1.163319999999998,1.1634699999999978,4836
2026-08-12T10:00:00+00:00,1.1634699999999978,1.1637699999999978,1.1633799999999979,1.1636499999999979,2758
2026-08-12T10:30:00+00:00,1.1636499999999979,1.1636799999999978,1.1630999999999978,1.1633499999999979,3193
2026-08-12T11:00:00+00:00,1.1633499999999979,1.1637799999999978,1.1632599999999977,1.1637499999999978,2437
2026-08-12T11:30:00+00:00,1.1637499999999978,1.1644199999999978,1.163659999999998,1.1642099999999977,3022
2026-08-12T12:00:00+00:00,1.1642099999999977,1.1646899999999978,1.1639899999999979,1.1644299999999979,3912
2026-08-12T12:30:00+00:00,1.1644299999999979,1.1661599999999979,1.163149999999998,1.1657999999999977,19599
2026-08-12T13:00:00+00:00,1.1657999999999977,1.1661399999999977,1.1647899999999978,1.1652999999999978,9866
2026-08-12T13:30:00+00:00,1.1652999999999978,1.165519999999998,1.1644599999999978,1.165079999999998,7822
2026-08-12T14:00:00+00:00,1.165079999999998,1.1653099999999978,1.1646599999999978,1.1647499999999977,5754
2026-08-12T14:30:00+00:00,1.1647499999999977,1.1649899999999977,1.163759999999998,1.1641699999999977,6756
2026-08-12T15:00:00+00:00,1.1641699999999977,1.1642499999999978,1.163689999999998,1.1638199999999979,4771
2026-08-12T15:30:00+00:00,1.1638199999999979,1.1639199999999978,1.1633799999999979,1.1638099999999978,3340
2026-08-12T16:00:00+00:00,1.1638099999999978,1.1638799999999978,1.1630199999999977,1.1630299999999978,2934
2026-08-12T16:30:00+00:00,1.1630299999999978,1.1630899999999977,1.1623199999999978,1.1626699999999979,2980
2026-08-12T17:00:00+00:00,1.1626699999999979,1.1629299999999978,1.1624799999999977,1.1626499999999977,2371
2026-08-12T17:30:00+00:00,1.1626499999999977,1.1627399999999979,1.161999999999998,1.1620099999999978,2645
2026-08-12T18:00:00+00:00,1.1620099999999978,1.1625699999999979,1.1618399999999978,1.1623599999999978,1967
2026-08-12T18:30:00+00:00,1.1623599999999978,1.1623799999999977,1.1618499999999978,1.1619699999999977,1311.3418893672326
2026-08-12T19:00:00+00:00,1.1619699999999977,1.1623399999999977,1.1619099999999978,1.1620699999999977,1628
2026-08-12T19:30:00+00:00,1.1620699999999977,1.1621599999999979,1.1618499999999978,1.162099999999998,1827
2026-08-12T20:00:00+00:00,1.162099999999998,1.1622899999999978,1.1620099999999978,1.1621199999999978,984
2026-08-12T20:30:00+00:00,1.1621199999999978,1.1624799999999977,1.1620199999999978,1.1620199999999978,1038
2026-08-12T21:00:00+00:00,1.1620199999999978,1.1621899999999978,1.1619199999999978,1.162099999999998,257.05504369169455
2026-08-12T21:30:00+00:00,1.162099999999998,1.162159999999998,1.162049999999998,1.162129999999998,415.44503211182473
2026-08-12T22:00:00+00:00,1.162129999999998,1.162439999999998,1.162109999999998,1.162399999999998,541.4239680106224
2026-08-12T22:30:00+00:00,1.162399999999998,1.1625499999999982,1.1623399999999982,1.1625399999999981,311.5726188193558
2026-08-12T23:00:00+00:00,1.1625399999999981,1.1626199999999982,1.162499999999998,1.1625599999999983,428
2026-08-12T23:30:00+00:00,1.1625599999999983,1.1626799999999982,1.162499999999998,1.1626499999999982,625
2026-08-13T00:00:00+00:00,1.1626499999999982,1.1628999999999983,1.1626499999999982,1.1628299999999983,2262
2026-08-13T00:30:00+00:00,1.1628299999999983,1.163009999999998,1.1625399999999981,1.162769999999998,2422
2026-08-13T01:00:00+00:00,1.162769999999998,1.1629199999999982,1.162599999999998,1.162839999999998,2434
2026-08-13T01:30:00+00:00,1.162839999999998,1.162969999999998,1.162229999999998,1.1623699999999981,2151
2026-08-13T02:00:00+00:00,1.1623699999999981,1.162429999999998,1.1620499999999983,1.162059999999998,1314
2026-08-13T02:30:00+00:00,1.162059999999998,1.1621499999999982,1.1618499999999983,1.162059999999998,1628
2026-08-13T03:00:00+00:00,1.162059999999998,1.1622999999999981,1.1618799999999982,1.162059999999998,2594
2026-08-13T03:30:00+00:00,1.162059999999998,1.1622099999999982,1.1620299999999981,1.1621399999999982,1648
2026-08-13T04:00:00+00:00,1.1621399999999982,1.1621399999999982,1.1618699999999982,1.1620499999999983,1273
2026-08-13T04:30:00+00:00,1.1620499999999983,1.1625799999999982,1.161989999999998,1.1624699999999981,2370
2026-08-13T05:00:00+00:00,1.1624699999999981,1.162599999999998,1.162359999999998,1.162529999999998,1636
2026-08-13T05:30:00+00:00,1.162529999999998,1.1625499999999982,1.1621999999999981,1.1623799999999982,1979
2026-08-13T06:00:00+00:00,1.1623799999999982,1.162499999999998,1.161619999999998,1.1616899999999981,3373
2026-08-13T06:30:00+00:00,1.1616899999999981,1.161719999999998,1.1610599999999982,1.1616899999999981,3680
2026-08-13T07:00:00+00:00,1.1616899999999981,1.162059999999998,1.161579999999998,1.1620499999999983,2662
2026-08-13T07:30:00+00:00,1.1620499999999983,1.1626599999999983,1.1619099999999982,1.1624499999999982,3188
2026-08-13T08:00:00+00:00,1.1624499999999982,1.1625399999999981,1.1621499999999982,1.162359999999998,3131
2026-08-13T08:30:00+00:00,1.162359999999998,1.162739999999998,1.1622699999999981,1.1622899999999983,2501
2026-08-13T09:00:00+00:00,1.1622899999999983,1.1630899999999982,1.1621999999999981,1.163009999999998,2897
2026-08-13T09:30:00+00:00,1.163009999999998,1.1633599999999982,1.162869999999998,1.1633299999999982,2107
2026-08-13T10:00:00+00:00,1.1633299999999982,1.163619999999998,1.1632599999999982,1.163619999999998,2512
2026-08-13T10:30:00+00:00,1.163619999999998,1.1637399999999982,1.163349999999998,1.1634699999999982,1982
2026-08-13T11:00:00+00:00,1.1634699999999982,1.1637399999999982,1.163349999999998,1.1636399999999982,2575
2026-08-13T11:30:00+00:00,1.1636399999999982,1.163649999999998,1.163139999999998,1.1632899999999982,2324
2026-08-13T12:00:00+00:00,1.1632899999999982,1.1633699999999982,1.1629099999999981,1.1629899999999982,2796
2026-08-13T12:30:00+00:00,1.1629899999999982,1.1643199999999982,1.1624399999999981,1.1642799999999982,8086
2026-08-13T13:00:00+00:00,1.1642799999999982,1.164399999999998,1.1633299999999982,1.1633899999999981,5796
2026-08-13T13:30:00+00:00,1.1633899999999981,1.1635099999999983,1.162939999999998,1.1633199999999981,6967
2026-08-13T14:00:00+00:00,1.1633199999999981,1.1644199999999982,1.1630199999999982,1.1637599999999981,7845
2026-08-13T14:30:00+00:00,1.1637599999999981,1.164399999999998,1.163579999999998,1.1642699999999981,5631
2026-08-13T15:00:00+00:00,1.1642699999999981,1.1644399999999981,1.1631599999999982,1.1632499999999981,5596
2026-08-13T15:30:00+00:00,1.1632499999999981,1.1635299999999982,1.1628999999999983,1.1629599999999982,3928
2026-08-13T16:00:00+00:00,1.1629599999999982,1.1631699999999983,1.1623099999999982,1.1625099999999982,3211
2026-08-13T16:30:00+00:00,1.1625099999999982,1.1629299999999982,1.1624099999999982,1.162839999999998,2292
2026-08-13T17:00:00+00:00,1.162839999999998,1.163039999999998,1.1624599999999983,1.162529999999998,2261
2026-08-13T17:30:00+00:00,1.162529999999998,1.162839999999998,1.162499999999998,1.1626599999999983,1867
2026-08-13T18:00:00+00:00,1.1626599999999983,1.163109999999998,1.1625199999999982,1.162799999999998,2155
2026-08-13T18:30:00+00:00,1.162799999999998,1.162969999999998,1.1627099999999981,1.1627899999999982,1686
2026-08-13T19:00:00+00:00,1.1627899999999982,1.163039999999998,1.162769999999998,1.163009999999998,1719
2026-08-13T19:30:00+00:00,1.163009999999998,1.1630299999999982,1.1626399999999981,1.1627599999999982,2414
2026-08-13T20:00:00+00:00,1.1627599999999982,1.1628199999999982,1.1625099999999982,1.162699999999998,1063
2026-08-13T20:30:00+00:00,1.162699999999998,1.1628799999999981,1.162599999999998,1.1627299999999983,1156
2026-08-13T21:00:00+00:00,1.1627299999999983,1.1630899999999982,1.162429999999998,1.1630799999999981,209.07048967832253
2026-08-13T21:30:00+00:00,1.1630799999999981,1.1632999999999982,1.1629599999999982,1.1630599999999982,202.2641646930224
2026-08-13T22:00:00+00:00,1.1630599999999982,1.1634099999999983,1.1630599999999982,1.1633399999999983,543
2026-08-13T22:30:00+00:00,1.1633399999999983,1.1634299999999982,1.1632999999999982,1.1633999999999982,599
2026-08-13T23:00:00+00:00,1.1633999999999982,1.1636099999999983,1.1633999999999982,1.1634999999999982,550
2026-08-13T23:30:00+00:00,1.1634999999999982,1.1636999999999982,1.1634899999999981,1.1636399999999982,621.2338006820765
2026-08-14T00:00:00+00:00,1.1636399999999982,1.1639699999999982,1.1636199999999983,1.1639399999999982,2162
2026-08-14T00:30:00+00:00,1.1639399999999982,1.1641899999999983,1.1638599999999981,1.1640999999999981,2061
2026-08-14T01:00:00+00:00,1.1640999999999981,1.1640999999999981,1.1634699999999982,1.1636399999999982,2347
2026-08-14T01:30:00+00:00,1.1636399999999982,1.1640499999999983,1.1635999999999982,1.1636699999999982,1625
2026-08-14T02:00:00+00:00,1.1636699999999982,1.1639699999999982,1.1636599999999981,1.1638499999999983,1311
2026-08-14T02:30:00+00:00,1.1638499999999983,1.1639999999999981,1.1636199999999983,1.1636899999999981,1638
2026-08-14T03:00:00+00:00,1.1636899999999981,1.1641999999999981,1.1636499999999983,1.1640899999999983,1679
2026-08-14T03:30:00+00:00,1.1640899999999983,1.1641199999999983,1.1638699999999982,1.1639799999999982,1189
2026-08-14T04:00:00+00:00,1.1639799999999982,1.1642999999999981,1.1639299999999981,1.163959999999998,1249
2026-08-14T04:30:00+00:00,1.163959999999998,1.1642499999999982,1.1639399999999982,1.1641399999999982,1124
2026-08-14T05:00:00+00:00,1.1641399999999982,1.164399999999998,1.1640799999999982,1.1643599999999983,1127
2026-08-14T05:30:00+00:00,1.1643599999999983,1.1645499999999982,1.1642799999999982,1.1644499999999982,2255
2026-08-14T06:00:00+00:00,1.1644499999999982,1.1646799999999982,1.1641399999999982,1.1642399999999982,2603
2026-08-14T06:30:00+00:00,1.1642399999999982,1.1647099999999981,1.1642399999999982,1.1646999999999983,2127
2026-08-14T07:00:00+00:00,1.1646999999999983,1.1649999999999983,1.1645799999999982,1.1648599999999982,3010
2026-08-14T07:30:00+00:00,1.1648599999999982,1.1653999999999982,1.1647499999999982,1.1653399999999983,2980
2026-08-14T08:00:00+00:00,1.1653399999999983,1.1657999999999982,1.1652999999999982,1.1655499999999983,3063
2026-08-14T08:30:00+00:00,1.1655499999999983,1.1660299999999981,1.1653199999999981,1.1658299999999981,3203
2026-08-14T09:00:00+00:00,1.1658299999999981,1.1659499999999983,1.1656099999999983,1.1656499999999983,2444
2026-08-14T09:30:00+00:00,1.1656499999999983,1.1657699999999982,1.1653599999999982,1.1657299999999982,2524
2026-08-14T10:00:00+00:00,1.1657299999999982,1.1657999999999982,1.1654699999999982,1.1655899999999981,1621
2026-08-14T10:30:00+00:00,1.1655899999999981,1.1658699999999982,1.1655499999999983,1.1658199999999983,2101
2026-08-14T11:00:00+00:00,1.1658199999999983,1.1666599999999983,1.1658199999999983,1.1665299999999983,3430
2026-08-14T11:30:00+00:00,1.1665299999999983,1.1674499999999983,1.1664799999999982,1.1667999999999983,3862
2026-08-14T12:00:00+00:00,1.1667999999999983,1.1674299999999982,1.1665199999999982,1.1672899999999982,4979
2026-08-14T12:30:00+00:00,1.1672899999999982,1.1680999999999981,1.1666199999999982,1.1668599999999982,7127
2026-08-14T13:00:00+00:00,1.1668599999999982,1.1672099999999983,1.1664599999999983,1.1670299999999982,4786
2026-08-14T13:30:00+00:00,1.1670299999999982,1.1687399999999981,1.1669199999999982,1.1682699999999981,7900
2026-08-14T14:00:00+00:00,1.1682699999999981,1.1688099999999981,1.167959999999998,1.1685999999999983,6365
2026-08-14T14:30:00+00:00,1.1685999999999983,1.1686799999999982,1.1680599999999983,1.1683399999999982,5797
2026-08-14T15:00:00+00:00,1.1683399999999982,1.1687299999999983,1.167959999999998,1.1683599999999983,4755
2026-08-14T15:30:00+00:00,1.1683599999999983,1.1687799999999982,1.1682199999999983,1.1682799999999982,4227
2026-08-14T16:00:00+00:00,1.1682799999999982,1.1684599999999983,1.1678199999999983,1.1678299999999981,3322
2026-08-14T16:30:00+00:00,1.1678299999999981,1.1680999999999981,1.1672699999999983,1.1673699999999982,2204
2026-08-14T17:00:00+00:00,1.1673699999999982,1.1674099999999983,1.1666499999999982,1.1667699999999983,2935
2026-08-14T17:30:00+00:00,1.1667699999999983,1.1668799999999981,1.1665499999999982,1.1667399999999981,2024
2026-08-14T18:00:00+00:00,1.1667399999999981,1.1669299999999982,1.166569999999998,1.1668999999999983,2200
2026-08-14T18:30:00+00:00,1.1668999999999983,1.1669599999999982,1.1666999999999983,1.1668099999999981,1388
2026-08-14T19:00:00+00:00,1.1668099999999981,1.167179999999998,1.1667099999999981,1.1670699999999983,1487
2026-08-14T19:30:00+00:00,1.1670699999999983,1.1671699999999983,1.1667899999999982,1.1670999999999982,1902
2026-08-14T20:00:00+00:00,1.1670999999999982,1.1671999999999982,1.1669999999999983,1.1671699999999983,1007
2026-08-14T20:30:00+00:00,1.1671699999999983,1.1672899999999982,1.1669199999999982,1.1669699999999983,1181
2026-08-16T21:00:00+00:00,1.1669699999999983,1.167099999999998,1.1667899999999982,1.167069999999998,1165.541062209265
2026-08-16T21:30:00+00:00,1.167069999999998,1.167179999999998,1.166939999999998,1.1670499999999981,1297.58322687716
2026-08-16T22:00:00+00:00,1.1670499999999981,1.1677999999999982,1.1670499999999981,1.167739999999998,667
2026-08-16T22:30:00+00:00,1.167739999999998,1.168349999999998,1.1677299999999982,1.168289999999998,932
2026-08-16T23:00:00+00:00,1.168289999999998,1.1683399999999982,1.168229999999998,1.1682399999999982,503.26321667907666
2026-08-16T23:30:00+00:00,1.1682399999999982,1.168399999999998,1.168059999999998,1.168189999999998,671
2026-08-17T00:00:00+00:00,1.168189999999998,1.1688799999999981,1.168189999999998,1.1687899999999982,2587
2026-08-17T00:30:00+00:00,1.1687899999999982,1.1689099999999981,1.1686399999999981,1.168829999999998,2306
2026-08-17T01:00:00+00:00,1.168829999999998,1.169109999999998,1.1686399999999981,1.1690199999999982,2804
2026-08-17T01:30:00+00:00,1.1690199999999982,1.169179999999998,1.1686399999999981,1.1691599999999982,1881
2026-08-17T02:00:00+00:00,1.1691599999999982,1.1692499999999981,1.1689899999999982,1.169239999999998,1483
2026-08-17T02:30:00+00:00,1.169239999999998,1.1692599999999982,1.1687199999999982,1.1687899999999982,1734
2026-08-17T03:00:00+00:00,1.1687899999999982,1.1688799999999981,1.1686799999999982,1.168799999999998,1589
2026-08-17T03:30:00+00:00,1.168799999999998,1.169179999999998,1.168669999999998,1.169169999999998,1527
2026-08-17T04:00:00+00:00,1.169169999999998,1.169619999999998,1.1690799999999981,1.1694899999999981,1805
2026-08-17T04:30:00+00:00,1.1694899999999981,1.1695199999999981,1.1692599999999982,1.1692999999999982,1337
2026-08-17T05:00:00+00:00,1.1692999999999982,1.169549999999998,1.169099999999998,1.1695299999999982,2082
2026-08-17T05:30:00+00:00,1.1695299999999982,1.169749999999998,1.1693199999999981,1.169549999999998,2876
2026-08-17T06:00:00+00:00,1.169549999999998,1.1700399999999982,1.1691899999999982,1.1700299999999981,3206
2026-08-17T06:30:00+00:00,1.1700299999999981,1.170499999999998,1.169639999999998,1.170389999999998,3319
2026-08-17T07:00:00+00:00,1.170389999999998,1.1714599999999982,1.1701099999999982,1.171449999999998,4604
2026-08-17T07:30:00+00:00,1.171449999999998,1.1720099999999982,1.1713899999999982,1.171479999999998,5236
2026-08-17T08:00:00+00:00,1.171479999999998,1.172229999999998,1.171209999999998,1.172229999999998,3944
2026-08-17T08:30:00+00:00,1.172229999999998,1.172229999999998,1.170359999999998,1.170699999999998,5021
2026-08-17T09:00:00+00:00,1.170699999999998,1.1710599999999982,1.170529999999998,1.1709899999999982,4032
2026-08-17T09:30:00+00:00,1.1709899999999982,1.1710599999999982,1.170419999999998,1.170499999999998,2650
2026-08-17T10:00:00+00:00,1.170499999999998,1.1706199999999982,1.170079999999998,1.1705699999999981,3694
2026-08-17T10:30:00+00:00,1.1705699999999981,1.170659999999998,1.169779999999998,1.1698599999999981,3245
2026-08-17T11:00:00+00:00,1.1698599999999981,1.170359999999998,1.1695899999999981,1.1698399999999982,2423
2026-08-17T11:30:00+00:00,1.1698399999999982,1.1701099999999982,1.169609999999998,1.170049999999998,2603
2026-08-17T12:00:00+00:00,1.170049999999998,1.1704499999999982,1.1695199999999981,1.169879999999998,4624
2026-08-17T12:30:00+00:00,1.169879999999998,1.170599999999998,1.169719999999998,1.1705799999999982,4164
2026-08-17T13:00:00+00:00,1.1705799999999982,1.170799999999998,1.170289999999998,1.170399999999998,4308
2026-08-17T13:30:00+00:00,1.170399999999998,1.1707399999999981,1.1695899999999981,1.170289999999998,4915
2026-08-17T14:00:00+00:00,1.170289999999998,1.1707499999999982,1.169949999999998,1.1701399999999982,5271
2026-08-17T14:30:00+00:00,1.1701399999999982,1.1701999999999981,1.1694299999999982,1.1694999999999982,4658
2026-08-17T15:00:00+00:00,1.1694999999999982,1.1695199999999981,1.169009999999998,1.1692999999999982,4348
2026-08-17T15:30:00+00:00,1.1692999999999982,1.1698299999999981,1.1689899999999982,1.1698299999999981,3264
2026-08-17T16:00:00+00:00,1.1698299999999981,1.169879999999998,1.1693299999999982,1.1696899999999981,2222
2026-08-17T16:30:00+00:00,1.1696899999999981,1.1700099999999982,1.1696299999999982,1.169649999999998,1731
2026-08-17T17:00:00+00:00,1.169649999999998,1.1697999999999982,1.1690899999999982,1.169279999999998,2366
2026-08-17T17:30:00+00:00,1.169279999999998,1.1693499999999981,1.1684399999999981,1.168529999999998,2970
2026-08-17T18:00:00+00:00,1.168529999999998,1.168669999999998,1.1681399999999982,1.1682699999999981,2157
2026-08-17T18:30:00+00:00,1.1682699999999981,1.1682699999999981,1.167919999999998,1.1680699999999982,2923
2026-08-17T19:00:00+00:00,1.1680699999999982,1.1687499999999982,1.1680399999999982,1.1687199999999982,1926
2026-08-17T19:30:00+00:00,1.1687199999999982,1.168869999999998,1.1685399999999981,1.168699999999998,1623
2026-08-17T20:00:00+00:00,1.168699999999998,1.168799999999998,1.168569999999998,1.168589999999998,628
2026-08-17T20:30:00+00:00,1.168589999999998,1.168869999999998,1.1685499999999982,1.1686399999999981,1105
2026-08-17T21:00:00+00:00,1.1686399999999981,1.1687399999999981,1.1684799999999982,1.168629999999998,400.6788615056239
2026-08-17T21:30:00+00:00,1.168629999999998,1.1686799999999982,1.1685499999999982,1.168569999999998,323.4594685502859
2026-08-17T22:00:00+00:00,1.168569999999998,1.168859999999998,1.168569999999998,1.1688199999999982,548
2026-08-17T22:30:00+00:00,1.1688199999999982,1.1688199999999982,1.1686399999999981,1.1686799999999982,446
2026-08-17T23:00:00+00:00,1.1686799999999982,1.168939999999998,1.168629999999998,1.168939999999998,395.3251710478934
2026-08-17T23:30:00+00:00,1.168939999999998,1.169179999999998,1.1689099999999981,1.1690899999999982,591
2026-08-18T00:00:00+00:00,1.1690899999999982,1.1693199999999981,1.168769999999998,1.1687899999999982,2171
2026-08-18T00:30:00+00:00,1.1687899999999982,1.1690899999999982,1.168589999999998,1.169069999999998,2109
2026-08-18T01:00:00+00:00,1.169069999999998,1.1693999999999982,1.1687799999999982,1.168999999999998,2675
2026-08-18T01:30:00+00:00,1.168999999999998,1.169239999999998,1.168699999999998,1.1687899999999982,2003
2026-08-18T02:00:00+00:00,1.1687899999999982,1.1687899999999982,1.1684099999999982,1.1685399999999981,2521
2026-08-18T02:30:00+00:00,1.1685399999999981,1.168859999999998,1.1683399999999982,1.168839999999998,1514
2026-08-18T03:00:00+00:00,1.168839999999998,1.168839999999998,1.1682799999999982,1.168399999999998,1601
2026-08-18T03:30:00+00:00,1.168399999999998,1.168399999999998,1.1679699999999982,1.1681399999999982,1874
2026-08-18T04:00:00+00:00,1.1681399999999982,1.168229999999998,1.1677999999999982,1.168049999999998,1817
2026-08-18T04:30:00+00:00,1.168049999999998,1.168289999999998,1.167889999999998,1.167959999999998,1453
2026-08-18T05:00:00+00:00,1.167959999999998,1.1681099999999982,1.167749999999998,1.168079999999998,1978
2026-08-18T05:30:00+00:00,1.168079999999998,1.168249999999998,1.167849999999998,1.168119999999998,1882
2026-08-18T06:00:00+00:00,1.168119999999998,1.1682999999999981,1.1675199999999981,1.1680699999999982,3909
2026-08-18T06:30:00+00:00,1.1680699999999982,1.1680699999999982,1.1674899999999981,1.1680299999999981,3451
2026-08-18T07:00:00+00:00,1.1680299999999981,1.168429999999998,1.167779999999998,1.168289999999998,3949
2026-08-18T07:30:00+00:00,1.168289999999998,1.168569999999998,1.1681699999999982,1.1682099999999982,3010
2026-08-18T08:00:00+00:00,1.1682099999999982,1.1682399999999982,1.1677399999999982,1.1679699999999982,3477
2026-08-18T08:30:00+00:00,1.1679699999999982,1.1685799999999982,1.167959999999998,1.1684399999999981,2294
2026-08-18T09:00:00+00:00,1.1684399999999981,1.168589999999998,1.168089999999998,1.1685499999999982,2341
2026-08-18T09:30:00+00:00,1.1685499999999982,1.1688199999999982,1.168229999999998,1.1687399999999981,2805
2026-08-18T10:00:00+00:00,1.1687399999999981,1.1687399999999981,1.168219999999998,1.168489999999998,2532
2026-08-18T10:30:00+00:00,1.168489999999998,1.1685099999999982,1.1682799999999982,1.1684399999999981,2252
2026-08-18T11:00:00+00:00,1.1684399999999981,1.1684799999999982,1.168079999999998,1.168119999999998,2189
2026-08-18T11:30:00+00:00,1.168119999999998,1.1685099999999982,1.168079999999998,1.168489999999998,2052
2026-08-18T12:00:00+00:00,1.168489999999998,1.1687499999999982,1.168189999999998,1.168219999999998,3682
2026-08-18T12:30:00+00:00,1.168219999999998,1.1686199999999982,1.167989999999998,1.1682699999999981,3249
2026-08-18T13:00:00+00:00,1.1682699999999981,1.168769999999998,1.168219999999998,1.168329999999998,3708
2026-08-18T13:30:00+00:00,1.168329999999998,1.169309999999998,1.1678599999999981,1.1688799999999981,6793
2026-08-18T14:00:00+00:00,1.1688799999999981,1.169649999999998,1.168869999999998,1.1693299999999982,5863
2026-08-18T14:30:00+00:00,1.1693299999999982,1.169639999999998,1.1688799999999981,1.1689199999999982,6546
2026-08-18T15:00:00+00:00,1.1689199999999982,1.169439999999998,1.168489999999998,1.1686199999999982,6025
2026-08-18T15:30:00+00:00,1.1686199999999982,1.1689899999999982,1.168489999999998,1.1687399999999981,3124
2026-08-18T16:00:00+00:00,1.1687399999999981,1.1693899999999982,1.1686799999999982,1.168939999999998,2663
2026-08-18T16:30:00+00:00,1.168939999999998,1.169099999999998,1.1686799999999982,1.1687899999999982,2075
2026-08-18T17:00:00+00:00,1.1687899999999982,1.168859999999998,1.1683699999999981,1.1685199999999982,2510
2026-08-18T17:30:00+00:00,1.1685199999999982,1.1685499999999982,1.168249999999998,1.168489999999998,1797
2026-08-18T18:00:00+00:00,1.168489999999998,1.168699999999998,1.168289999999998,1.1685399999999981,1701
2026-08-18T18:30:00+00:00,1.1685399999999981,1.168569999999998,1.168229999999998,1.168389999999998,1190
2026-08-18T19:00:00+00:00,1.168389999999998,1.1686099999999982,1.168289999999998,1.1684799999999982,1790
2026-08-18T19:30:00+00:00,1.1684799999999982,1.168899999999998,1.168219999999998,1.1682999999999981,2464
2026-08-18T20:00:00+00:00,1.1682999999999981,1.1682999999999981,1.167989999999998,1.168149999999998,1114
2026-08-18T20:30:00+00:00,1.168149999999998,1.1684699999999981,1.168119999999998,1.1682799999999982,1487.4807854137448
2026-08-18T21:00:00+00:00,1.1682799999999982,1.1685899999999982,1.1680399999999982,1.1684599999999983,276.42167536690613
2026-08-18T21:30:00+00:00,1.1684599999999983,1.1684899999999985,1.1681199999999983,1.1682199999999983,1016
2026-08-18T22:00:00+00:00,1.1682199999999983,1.1684499999999984,1.1682199999999983,1.1682999999999983,597
2026-08-18T22:30:00+00:00,1.1682999999999983,1.1684599999999983,1.1682299999999983,1.1683899999999983,494
2026-08-18T23:00:00+00:00,1.1683899999999983,1.1686199999999984,1.1682399999999984,1.1682899999999983,682
2026-08-18T23:30:00+00:00,1.1682899999999983,1.1683999999999983,1.1681299999999983,1.1683899999999983,974
2026-08-19T00:00:00+00:00,1.1683899999999983,1.1689499999999984,1.1683099999999984,1.1687199999999984,3012
2026-08-19T00:30:00+00:00,1.1687199999999984,1.1687599999999985,1.1681199999999983,1.1682099999999984,3177
2026-08-19T01:00:00+00:00,1.1682099999999984,1.1682499999999985,1.1677999999999984,1.1681699999999984,3344
2026-08-19T01:30:00+00:00,1.1681699999999984,1.1685799999999984,1.1681699999999984,1.1684999999999983,2275
2026-08-19T02:00:00+00:00,1.1684999999999983,1.1693099999999983,1.1684499999999984,1.1690099999999983,3431
2026-08-19T02:30:00+00:00,1.1690099999999983,1.1695099999999983,1.1688299999999983,1.1690199999999984,2936
2026-08-19T03:00:00+00:00,1.1690199999999984,1.1692699999999985,1.1689599999999984,1.1691599999999984,1698
2026-08-19T03:30:00+00:00,1.1691599999999984,1.1692099999999983,1.1688899999999984,1.1689199999999984,1641
2026-08-19T04:00:00+00:00,1.1689199999999984,1.1691899999999984,1.1688399999999983,1.1691299999999984,1536
2026-08-19T04:30:00+00:00,1.1691299999999984,1.1694599999999984,1.1689899999999984,1.1693599999999984,2264
2026-08-19T05:00:00+00:00,1.1693599999999984,1.1695499999999983,1.1692499999999983,1.1694299999999984,2124
2026-08-19T05:30:00+00:00,1.1694299999999984,1.1697399999999984,1.1693399999999983,1.1696399999999985,2368
2026-08-19T06:00:00+00:00,1.1696399999999985,1.1706599999999983,1.1695599999999984,1.1705799999999984,3453
2026-08-19T06:30:00+00:00,1.1705799999999984,1.1706199999999984,1.1701999999999984,1.1702599999999983,3715
2026-08-19T07:00:00+00:00,1.1702599999999983,1.1704399999999984,1.1699499999999983,1.1702599999999983,3177
2026-08-19T07:30:00+00:00,1.1702599999999983,1.1705599999999983,1.1700999999999984,1.1704399999999984,2378
2026-08-19T08:00:00+00:00,1.1704399999999984,1.1713099999999983,1.1703399999999984,1.1706299999999983,4053
2026-08-19T08:30:00+00:00,1.1706299999999983,1.1711099999999983,1.1704599999999983,1.1705999999999983,3289
2026-08-19T09:00:00+00:00,1.1705999999999983,1.1712699999999983,1.1704399999999984,1.1711999999999985,2828
2026-08-19T09:30:00+00:00,1.1711999999999985,1.1716099999999983,1.1711499999999984,1.1714399999999983,2437
2026-08-19T10:00:00+00:00,1.1714399999999983,1.1719499999999983,1.1713199999999984,1.1718399999999984,2764
2026-08-19T10:30:00+00:00,1.1718399999999984,1.1719799999999985,1.1713499999999983,1.1714499999999983,2057
2026-08-19T11:00:00+00:00,1.1714499999999983,1.1716599999999984,1.1710799999999983,1.1712599999999984,2458
2026-08-19T11:30:00+00:00,1.1712599999999984,1.1714199999999984,1.1707299999999983,1.1710699999999983,3117
2026-08-19T12:00:00+00:00,1.1710699999999983,1.1718099999999985,1.1710399999999983,1.1714499999999983,3377
2026-08-19T12:30:00+00:00,1.1714499999999983,1.1751399999999983,1.1713799999999983,1.1743499999999985,15959
2026-08-19T13:00:00+00:00,1.1743499999999985,1.1760699999999984,1.1743499999999985,1.1760499999999983,11242
2026-08-19T13:30:00+00:00,1.1760499999999983,1.1767499999999984,1.1755999999999984,1.1764299999999983,13125
2026-08-19T14:00:00+00:00,1.1764299999999983,1.1779999999999984,1.1761699999999984,1.1779899999999983,11014
2026-08-19T14:30:00+00:00,1.1779899999999983,1.1785099999999984,1.1768699999999983,1.1771299999999985,11090
2026-08-19T15:00:00+00:00,1.1771299999999985,1.1773999999999984,1.1764699999999984,1.1768199999999984,8976
2026-08-19T15:30:00+00:00,1.1768199999999984,1.1775999999999984,1.1767399999999983,1.1771799999999983,5174
2026-08-19T16:00:00+00:00,1.1771799999999983,1.1779499999999983,1.1771699999999983,1.1775399999999985,4394
2026-08-19T16:30:00+00:00,1.1775399999999985,1.1779999999999984,1.1774999999999984,1.1776399999999985,3455
2026-08-19T17:00:00+00:00,1.1776399999999985,1.1780099999999984,1.1770299999999985,1.1771799999999983,5018
2026-08-19T17:30:00+00:00,1.1771799999999983,1.1772399999999983,1.1766299999999983,1.1766899999999985,3229
2026-08-19T18:00:00+00:00,1.1766899999999985,1.1779199999999983,1.1766399999999984,1.1768899999999984,6394
2026-08-19T18:30:00+00:00,1.1768899999999984,1.1782999999999983,1.1768799999999984,1.1781399999999984,4774
2026-08-19T19:00:00+00:00,1.1781399999999984,1.1786499999999984,1.1777799999999983,1.1785999999999983,3658
2026-08-19T19:30:00+00:00,1.1785999999999983,1.1787099999999984,1.1779799999999985,1.1785199999999985,4074
2026-08-19T20:00:00+00:00,1.1785199999999985,1.1786299999999983,1.1782899999999983,1.1783199999999983,1486
2026-08-19T20:30:00+00:00,1.1783199999999983,1.1786999999999983,1.1783099999999984,1.1784499999999984,1199
2026-08-19T21:00:00+00:00,1.1784499999999984,1.1784499999999984,1.1782299999999983,1.1782299999999983,211.18301121602408
2026-08-19T21:30:00+00:00,1.1782299999999983,1.1785899999999985,1.1782199999999983,1.1783499999999985,310
2026-08-19T22:00:00+00:00,1.1783499999999985,1.1788499999999984,1.1783499999999985,1.1785899999999985,872
2026-08-19T22:30:00+00:00,1.1785899999999985,1.1786199999999984,1.1782899999999983,1.1783099999999984,1149
2026-08-19T23:00:00+00:00,1.1783099999999984,1.1785399999999984,1.1781799999999985,1.1782499999999985,1375
2026-08-19T23:30:00+00:00,1.1782499999999985,1.1783199999999983,1.1780499999999983,1.1782199999999983,1069
2026-08-20T00:00:00+00:00,1.1782199999999983,1.1787699999999983,1.1781799999999985,1.1782899999999983,3744
2026-08-20T00:30:00+00:00,1.1782899999999983,1.1785399999999984,1.1780299999999984,1.1782099999999984,2830
2026-08-20T01:00:00+00:00,1.1782099999999984,1.1787899999999985,1.1777899999999983,1.1787199999999984,4532
2026-08-20T01:30:00+00:00,1.1787199999999984,1.1790599999999984,1.1781599999999983,1.1784399999999984,4891
2026-08-20T02:00:00+00:00,1.1784399999999984,1.1791499999999984,1.1780699999999984,1.1783299999999983,3871
2026-08-20T02:30:00+00:00,1.1783299999999983,1.1786099999999984,1.1781799999999985,1.1782799999999984,2055
2026-08-20T03:00:00+00:00,1.1782799999999984,1.1787899999999985,1.1782099999999984,1.1784899999999983,2360
2026-08-20T03:30:00+00:00,1.1784899999999983,1.1787599999999985,1.1783199999999983,1.1787299999999983,1817
2026-08-20T04:00:00+00:00,1.1787299999999983,1.1788299999999983,1.1784499999999984,1.1784999999999983,1900
2026-08-20T04:30:00+00:00,1.1784999999999983,1.1785699999999983,1.1779899999999983,1.1780899999999983,2018
2026-08-20T05:00:00+00:00,1.1780899999999983,1.1783399999999984,1.1779299999999984,1.1779399999999984,2474
2026-08-20T05:30:00+00:00,1.1779399999999984,1.1785299999999983,1.1778099999999985,1.1783899999999983,3099
2026-08-20T06:00:00+00:00,1.1783899999999983,1.1788199999999984,1.1781299999999983,1.1784999999999983,3886
2026-08-20T06:30:00+00:00,1.1784999999999983,1.1796199999999983,1.1784199999999985,1.1795899999999984,4240
2026-08-20T07:00:00+00:00,1.1795899999999984,1.1796099999999983,1.1786199999999984,1.1787699999999983,4923
2026-08-20T07:30:00+00:00,1.1787699999999983,1.1801399999999984,1.1787699999999983,1.1800599999999983,5188
2026-08-20T08:00:00+00:00,1.1800599999999983,1.1802999999999984,1.1797999999999984,1.1799199999999983,4435
2026-08-20T08:30:00+00:00,1.1799199999999983,1.1807699999999983,1.1796699999999984,1.1806499999999984,4648
2026-08-20T09:00:00+00:00,1.1806499999999984,1.1817599999999984,1.1803499999999985,1.1814199999999984,5074
2026-08-20T09:30:00+00:00,1.1814199999999984,1.1815799999999983,1.1808699999999983,1.1814899999999984,4506
2026-08-20T10:00:00+00:00,1.1814899999999984,1.1818399999999984,1.1811899999999984,1.1816799999999983,3883
2026-08-20T10:30:00+00:00,1.1816799999999983,1.1816799999999983,1.1802199999999983,1.1804999999999983,4104
2026-08-20T11:00:00+00:00,1.1804999999999983,1.1805999999999983,1.1796599999999984,1.1799199999999983,4258
2026-08-20T11:30:00+00:00,1.1799199999999983,1.1803699999999984,1.1790599999999984,1.1792499999999984,5636
2026-08-20T12:00:00+00:00,1.1792499999999984,1.1797999999999984,1.1785699999999983,1.1794099999999983,7685
2026-08-20T12:30:00+00:00,1.1794099999999983,1.1798199999999983,1.1786799999999984,1.1796499999999983,7377
2026-08-20T13:00:00+00:00,1.1796499999999983,1.1802499999999985,1.1792199999999984,1.1794899999999984,7241
2026-08-20T13:30:00+00:00,1.1794899999999984,1.1796499999999983,1.1782699999999984,1.1783299999999983,8600
2026-08-20T14:00:00+00:00,1.1783299999999983,1.1788699999999983,1.1778699999999984,1.1786799999999984,7213
2026-08-20T14:30:00+00:00,1.1786799999999984,1.1792999999999985,1.1786799999999984,1.1790699999999983,6104
2026-08-20T15:00:00+00:00,1.1790699999999983,1.1801599999999983,1.1784199999999985,1.1792799999999983,13660
2026-08-20T15:30:00+00:00,1.1792799999999983,1.1793299999999984,1.1780099999999984,1.1786799999999984,7142
2026-08-20T16:00:00+00:00,1.1786799999999984,1.1787899999999985,1.1780299999999984,1.1780499999999983,4576
2026-08-20T16:30:00+00:00,1.1780499999999983,1.1782299999999983,1.1777199999999983,1.1781099999999984,4123
2026-08-20T17:00:00+00:00,1.1781099999999984,1.1782999999999983,1.1778099999999985,1.1781499999999985,2745
2026-08-20T17:30:00+00:00,1.1781499999999985,1.1782499999999985,1.1778599999999984,1.1782499999999985,2442
2026-08-20T18:00:00+00:00,1.1782499999999985,1.1783899999999983,1.1778799999999983,1.1779999999999984,2849
2026-08-20T18:30:00+00:00,1.1779999999999984,1.1784399999999984,1.1779999999999984,1.1783999999999983,1971
2026-08-20T19:00:00+00:00,1.1783999999999983,1.1785399999999984,1.1781199999999983,1.1784099999999984,1975
2026-08-20T19:30:00+00:00,1.1784099999999984,1.1786399999999984,1.1782699999999984,1.1785799999999984,2030
2026-08-20T20:00:00+00:00,1.1785799999999984,1.1786999999999983,1.1783899999999983,1.1784899999999983,1016
2026-08-20T20:30:00+00:00,1.1784899999999983,1.1787699999999983,1.1784799999999984,1.1786099999999984,1550
2026-08-20T21:00:00+00:00,1.1786099999999984,1.1786099999999984,1.1784299999999983,1.1785299999999983,328.44084392120294
2026-08-20T21:30:00+00:00,1.1785299999999983,1.1786099999999984,1.1784299999999983,1.1784799999999984,525
2026-08-20T22:00:00+00:00,1.1784799999999984,1.1791999999999985,1.1784799999999984,1.1791399999999983,765
2026-08-20T22:30:00+00:00,1.1791399999999983,1.1791999999999985,1.1789599999999985,1.1791099999999983,590
2026-08-20T23:00:00+00:00,1.1791099999999983,1.1794999999999984,1.1790999999999983,1.1793699999999985,925
2026-08-20T23:30:00+00:00,1.1793699999999985,1.1795899999999984,1.1792299999999984,1.1795499999999983,1272
2026-08-21T00:00:00+00:00,1.1795499999999983,1.1797599999999984,1.1792299999999984,1.1795699999999985,3266
2026-08-21T00:30:00+00:00,1.1795699999999985,1.1796099999999983,1.1790899999999984,1.1791099999999983,2778
2026-08-21T01:00:00+00:00,1.1791099999999983,1.1798999999999984,1.1790899999999984,1.1798799999999983,3712
2026-08-21T01:30:00+00:00,1.1798799999999983,1.1800899999999983,1.1795799999999983,1.1798299999999984,2807
2026-08-21T02:00:00+00:00,1.1798299999999984,1.1804799999999984,1.1795999999999984,1.1802699999999984,2804
2026-08-21T02:30:00+00:00,1.1802699999999984,1.1808699999999983,1.1802099999999984,1.1803799999999984,2404
2026-08-21T03:00:00+00:00,1.1803799999999984,1.1806399999999984,1.1802599999999983,1.1802699999999984,1993
2026-08-21T03:30:00+00:00,1.1802699999999984,1.1803099999999984,1.1799499999999983,1.1802099999999984,1978
2026-08-21T04:00:00+00:00,1.1802099999999984,1.1803199999999983,1.1800199999999983,1.1800999999999984,1744
2026-08-21T04:30:00+00:00,1.1800999999999984,1.1801599999999983,1.1798899999999983,1.1800999999999984,1487
2026-08-21T05:00:00+00:00,1.1800999999999984,1.1801299999999983,1.1798799999999983,1.1799099999999985,1626
2026-08-21T05:30:00+00:00,1.1799099999999985,1.1807099999999984,1.1798099999999985,1.1805899999999985,2733
2026-08-21T06:00:00+00:00,1.1805899999999985,1.1806199999999984,1.1798199999999983,1.1799899999999983,3311
2026-08-21T06:30:00+00:00,1.1799899999999983,1.1805899999999985,1.1799699999999984,1.1805899999999985,3114
2026-08-21T07:00:00+00:00,1.1805899999999985,1.1808199999999984,1.1799899999999983,1.1801699999999984,4065
2026-08-21T07:30:00+00:00,1.1801699999999984,1.1804499999999984,1.1794699999999985,1.1798599999999984,4768
2026-08-21T08:00:00+00:00,1.1798599999999984,1.1804299999999983,1.1797199999999983,1.1803699999999984,3940
2026-08-21T08:30:00+00:00,1.1803699999999984,1.1814299999999984,1.1802899999999983,1.1813099999999983,5373
2026-08-21T09:00:00+00:00,1.1813099999999983,1.1819399999999984,1.1810499999999984,1.1812699999999983,5574
2026-08-21T09:30:00+00:00,1.1812699999999983,1.1815699999999985,1.1807899999999985,1.1807999999999983,3383
2026-08-21T10:00:00+00:00,1.1807999999999983,1.1816499999999983,1.1806999999999983,1.1816299999999984,3710
2026-08-21T10:30:00+00:00,1.1816299999999984,1.1818599999999984,1.1808299999999983,1.1809899999999984,3378
2026-08-21T11:00:00+00:00,1.1809899999999984,1.1817699999999984,1.1808099999999984,1.1816799999999983,5120
2026-08-21T11:30:00+00:00,1.1816799999999983,1.1817199999999983,1.1804099999999984,1.1808699999999983,5083
2026-08-21T12:00:00+00:00,1.1808699999999983,1.1810999999999983,1.1802499999999985,1.1802599999999983,4944
2026-08-21T12:30:00+00:00,1.1802599999999983,1.1802699999999984,1.1792999999999985,1.1798399999999984,5238
2026-08-21T13:00:00+00:00,1.1798399999999984,1.1799199999999983,1.1788799999999984,1.1791799999999983,5242
2026-08-21T13:30:00+00:00,1.1791799999999983,1.1793399999999983,1.1786699999999983,1.1791299999999985,5659
2026-08-21T14:00:00+00:00,1.1791299999999985,1.1791299999999985,1.1780699999999984,1.1780699999999984,5038
2026-08-21T14:30:00+00:00,1.1780699999999984,1.1785399999999984,1.1776799999999983,1.1780999999999984,7234
2026-08-21T15:00:00+00:00,1.1780999999999984,1.1785399999999984,1.1778699999999984,1.1784299999999983,5987
2026-08-21T15:30:00+00:00,1.1784299999999983,1.1791799999999983,1.1783199999999983,1.1791099999999983,3757
2026-08-21T16:00:00+00:00,1.1791099999999983,1.1795099999999983,1.1787599999999985,1.1791199999999984,4177
2026-08-21T16:30:00+00:00,1.1791199999999984,1.1792399999999983,1.1788899999999984,1.1789599999999985,2800
2026-08-21T17:00:00+00:00,1.1789599999999985,1.1789899999999984,1.1785099999999984,1.1789199999999984,2765
2026-08-21T17:30:00+00:00,1.1789199999999984,1.1790899999999984,1.1786799999999984,1.1788299999999983,1969
2026-08-21T18:00:00+00:00,1.1788299999999983,1.1791899999999984,1.1788299999999983,1.1790299999999985,1739
2026-08-21T18:30:00+00:00,1.1790299999999985,1.1791199999999984,1.1788099999999984,1.1790799999999984,1672
2026-08-21T19:00:00+00:00,1.1790799999999984,1.1791099999999983,1.1786199999999984,1.1786799999999984,2013
2026-08-21T19:30:00+00:00,1.1786799999999984,1.1789399999999983,1.1785699999999983,1.1786899999999985,1645
2026-08-21T20:00:00+00:00,1.1786899999999985,1.1787299999999983,1.1783899999999983,1.1783899999999983,943
2026-08-21T20:30:00+00:00,1.1783899999999983,1.1785699999999983,1.1781899999999983,1.1784099999999984,1778.9345088161208
2026-08-23T21:00:00+00:00,1.16721,1.16768,1.16721,1.16767,175
2026-08-23T21:30:00+00:00,1.16767,1.16773,1.16751,1.16756,227
2026-08-23T22:00:00+00:00,1.16756,1.16795,1.16724,1.16787,1063
2026-08-23T22:30:00+00:00,1.16787,1.1679599999999999,1.16751,1.16755,759
2026-08-23T23:00:00+00:00,1.16755,1.16766,1.16745,1.16757,592
2026-08-23T23:30:00+00:00,1.16757,1.16823,1.16749,1.16823,971
2026-08-24T00:00:00+00:00,1.16823,1.16871,1.1682,1.1684,3683
2026-08-24T00:30:00+00:00,1.1684,1.16856,1.16822,1.16851,3055
2026-08-24T01:00:00+00:00,1.16851,1.16863,1.16769,1.16772,3889
2026-08-24T01:30:00+00:00,1.16772,1.16822,1.16766,1.16817,2668
2026-08-24T02:00:00+00:00,1.16817,1.16847,1.16806,1.1682,2351
2026-08-24T02:30:00+00:00,1.1682,1.16829,1.16794,1.16819,2011
2026-08-24T03:00:00+00:00,1.16819,1.16821,1.16791,1.16809,2136
2026-08-24T03:30:00+00:00,1.16809,1.16816,1.1678,1.16798,1913
2026-08-24T04:00:00+00:00,1.16798,1.16815,1.16753,1.16807,2513
2026-08-24T04:30:00+00:00,1.16807,1.16827,1.16797,1.16826,2010
2026-08-24T05:00:00+00:00,1.16826,1.16829,1.16782,1.1679,2003
2026-08-24T05:30:00+00:00,1.1679,1.16811,1.1676,1.16804,2442
2026-08-24T06:00:00+00:00,1.16804,1.16806,1.1674,1.16748,4076
2026-08-24T06:30:00+00:00,1.16748,1.16801,1.16745,1.16775,4098
2026-08-24T07:00:00+00:00,1.16775,1.16804,1.16707,1.16756,4491
2026-08-24T07:30:00+00:00,1.16756,1.16766,1.16646,1.16672,5181
2026-08-24T08:00:00+00:00,1.16672,1.16684,1.16605,1.16608,5231
2026-08-24T08:30:00+00:00,1.16608,1.16675,1.16605,1.16631,3779
2026-08-24T09:00:00+00:00,1.16631,1.16669,1.16611,1.1663,3219
2026-08-24T09:30:00+00:00,1.1663,1.16656,1.16603,1.16642,2694
2026-08-24T10:00:00+00:00,1.16642,1.16668,1.16637,1.16656,2571
2026-08-24T10:30:00+00:00,1.16656,1.16669,1.16619,1.16641,3368
2026-08-24T11:00:00+00:00,1.16641,1.16679,1.16629,1.16671,3104
2026-08-24T11:30:00+00:00,1.16671,1.16735,1.16641,1.16668,6877
2026-08-24T12:00:00+00:00,1.16668,1.16735,1.16619,1.16732,5652
2026-08-24T12:30:00+00:00,1.16732,1.16737,1.16645,1.16693,5999
2026-08-24T13:00:00+00:00,1.16693,1.16747,1.16681,1.167,5164
2026-08-24T13:30:00+00:00,1.167,1.16724,1.16636,1.16651,6823
2026-08-24T14:00:00+00:00,1.16651,1.16716,1.1663,1.16711,5933
2026-08-24T14:30:00+00:00,1.16711,1.16718,1.16641,1.16655,5105
2026-08-24T15:00:00+00:00,1.16655,1.16723,1.16649,1.1671,5074
2026-08-24T15:30:00+00:00,1.1671,1.16715,1.16636,1.16644,4063
2026-08-24T16:00:00+00:00,1.16644,1.16695,1.16627,1.16661,4877
2026-08-24T16:30:00+00:00,1.16661,1.16682,1.16628,1.16647,2884
2026-08-24T17:00:00+00:00,1.16647,1.16665,1.16565,1.16585,5236
2026-08-24T17:30:00+00:00,1.16585,1.16603,1.16552,1.16593,2657
2026-08-24T18:00:00+00:00,1.16593,1.1665,1.16572,1.16648,2750
2026-08-24T18:30:00+00:00,1.16648,1.16653,1.16611,1.16639,2277
2026-08-24T19:00:00+00:00,1.16639,1.16639,1.16594,1.16596,1426
2026-08-24T19:30:00+00:00,1.16596,1.16633,1.16592,1.16613,1835
2026-08-24T20:00:00+00:00,1.16613,1.16638,1.16604,1.16634,1206
2026-08-24T20:30:00+00:00,1.16634,1.16643,1.16623,1.16637,983
2026-08-24T21:00:00+00:00,1.16637,1.16638,1.16586,1.16638,576
2026-08-24T21:30:00+00:00,1.16638,1.1665,1.16627,1.16635,235
2026-08-24T22:00:00+00:00,1.16635,1.16652,1.16635,1.16643,646
2026-08-24T22:30:00+00:00,1.16643,1.16649,1.16637,1.16644,340
2026-08-24T23:00:00+00:00,1.16644,1.16656,1.16644,1.16644,430
2026-08-24T23:30:00+00:00,1.16644,1.16684,1.1664,1.16678,502
2026-08-25T00:00:00+00:00,1.16678,1.16707,1.16675,1.16691,2334
2026-08-25T00:30:00+00:00,1.16691,1.167,1.16671,1.16686,3415
2026-08-25T01:00:00+00:00,1.16686,1.16687,1.16636,1.16665,2386
2026-08-25T01:30:00+00:00,1.16665,1.16668,1.16618,1.16629,2178
2026-08-25T02:00:00+00:00,1.16629,1.16647,1.16614,1.16646,2242
2026-08-25T02:30:00+00:00,1.16646,1.16646,1.16587,1.16604,2280
2026-08-25T03:00:00+00:00,1.16604,1.16622,1.16587,1.16591,1924
2026-08-25T03:30:00+00:00,1.16591,1.16608,1.16586,1.16602,1004
2026-08-25T04:00:00+00:00,1.16602,1.16604,1.16556,1.16558,1479
2026-08-25T04:30:00+00:00,1.16558,1.16567,1.16547,1.16556,1715
2026-08-25T05:00:00+00:00,1.16556,1.16566,1.16545,1.16564,1919
2026-08-25T05:30:00+00:00,1.16564,1.16567,1.1653,1.16536,2286
2026-08-25T06:00:00+00:00,1.16536,1.16578,1.1653,1.16577,2712
2026-08-25T06:30:00+00:00,1.16577,1.1659,1.1651,1.16527,2767
2026-08-25T07:00:00+00:00,1.16527,1.16629,1.16526,1.16586,3526
2026-08-25T07:30:00+00:00,1.16586,1.16603,1.1656,1.16585,3214
2026-08-25T08:00:00+00:00,1.16585,1.16648,1.16575,1.16623,5622
2026-08-25T08:30:00+00:00,1.16623,1.16677,1.16612,1.16673,4131
2026-08-25T09:00:00+00:00,1.16673,1.16737,1.16658,1.16668,4092
2026-08-25T09:30:00+00:00,1.16668,1.16728,1.16664,1.1668,4250
2026-08-25T10:00:00+00:00,1.1668,1.16683,1.166,1.16603,3578
2026-08-25T10:30:00+00:00,1.16603,1.16646,1.16592,1.16622,2900
2026-08-25T11:00:00+00:00,1.16622,1.16633,1.16583,1.16619,3200
2026-08-25T11:30:00+00:00,1.16619,1.16645,1.16589,1.1659400000000002,3415
2026-08-25T12:00:00+00:00,1.1659400000000002,1.16643,1.1659400000000002,1.16642,3851
2026-08-25T12:30:00+00:00,1.16642,1.16665,1.16613,1.1666400000000001,3493
2026-08-25T13:00:00+00:00,1.1666400000000001,1.16754,1.16643,1.1671900000000002,5283
2026-08-25T13:30:00+00:00,1.1671900000000002,1.1674900000000001,1.1668100000000001,1.1674,5327
2026-08-25T14:00:00+00:00,1.1674,1.16747,1.16683,1.1670800000000001,4848
2026-08-25T14:30:00+00:00,1.1670800000000001,1.16745,1.16657,1.16696,6162
2026-08-25T15:00:00+00:00,1.16696,1.16726,1.16672,1.16693,4174
2026-08-25T15:30:00+00:00,1.16693,1.16758,1.16692,1.16731,5054
2026-08-25T16:00:00+00:00,1.16731,1.16738,1.1668,1.16694,2775
2026-08-25T16:30:00+00:00,1.16694,1.1672,1.16693,1.16714,2285
2026-08-25T17:00:00+00:00,1.16714,1.16727,1.16692,1.16707,2666
2026-08-25T17:30:00+00:00,1.16707,1.16747,1.16697,1.1674200000000001,2050
2026-08-25T18:00:00+00:00,1.1674200000000001,1.1675200000000001,1.16717,1.1674,1955
2026-08-25T18:30:00+00:00,1.1674,1.16748,1.16728,1.1674200000000001,1451
2026-08-25T19:00:00+00:00,1.1674200000000001,1.16789,1.16735,1.16737,2573
2026-08-25T19:30:00+00:00,1.16737,1.16775,1.16686,1.16764,3197
2026-08-25T20:00:00+00:00,1.16764,1.16798,1.16753,1.16767,1496
2026-08-25T20:30:00+00:00,1.16767,1.16774,1.16735,1.1674200000000001,1148
2026-08-25T21:00:00+00:00,1.1674200000000001,1.1674200000000001,1.16683,1.16703,373
2026-08-25T21:30:00+00:00,1.16703,1.1675499999999999,1.16696,1.167,494
2026-08-25T22:00:00+00:00,1.167,1.16758,1.167,1.16749,710
2026-08-25T22:30:00+00:00,1.16749,1.16766,1.16742,1.1676199999999999,400
2026-08-25T23:00:00+00:00,1.16766,1.16768,1.16738,1.16741,559
2026-08-25T23:30:00+00:00,1.16741,1.16745,1.16724,1.16743,773
2026-08-26T00:00:00+00:00,1.16743,1.16757,1.16727,1.16735,2314
2026-08-26T00:30:00+00:00,1.16735,1.16751,1.16711,1.16724,2122
2026-08-26T01:00:00+00:00,1.16724,1.1674,1.16699,1.16701,2307
2026-08-26T01:30:00+00:00,1.16701,1.1672,1.16688,1.16701,3205
2026-08-26T02:00:00+00:00,1.16701,1.16727,1.16682,1.1669,2708
2026-08-26T02:30:00+00:00,1.1669,1.16705,1.16667,1.16676,1680
2026-08-26T03:00:00+00:00,1.16676,1.16685,1.16654,1.16663,1639
2026-08-26T03:30:00+00:00,1.16663,1.16663,1.16638,1.16645,1380
2026-08-26T04:00:00+00:00,1.16645,1.16649,1.16624,1.1664,1148
2026-08-26T04:30:00+00:00,1.1664,1.16648,1.16604,1.16619,1421
2026-08-26T05:00:00+00:00,1.16619,1.16648,1.16605,1.16642,1505
2026-08-26T05:30:00+00:00,1.16642,1.16668,1.16638,1.16642,1634
2026-08-26T06:00:00+00:00,1.16642,1.16649,1.16616,1.16617,2707
2026-08-26T06:30:00+00:00,1.16617,1.16675,1.16598,1.16668,2885
2026-08-26T07:00:00+00:00,1.16668,1.16713,1.16668,1.16695,2892
2026-08-26T07:30:00+00:00,1.16695,1.1673,1.16677,1.1671,2849
2026-08-26T08:00:00+00:00,1.1671,1.16768,1.16701,1.16767,3159
2026-08-26T08:30:00+00:00,1.16767,1.16767,1.16695,1.16711,2968
2026-08-26T09:00:00+00:00,1.16711,1.16712,1.16635,1.16641,2737
2026-08-26T09:30:00+00:00,1.16641,1.16693,1.1664,1.16661,2435
2026-08-26T10:00:00+00:00,1.16661,1.16663,1.16622,1.16634,2306
2026-08-26T10:30:00+00:00,1.16634,1.16656,1.16609,1.16618,2117
2026-08-26T11:00:00+00:00,1.16618,1.16658,1.16603,1.16622,2764
2026-08-26T11:30:00+00:00,1.16622,1.16692,1.16619,1.1669,2680
2026-08-26T12:00:00+00:00,1.1669,1.16746,1.16681,1.16717,3369
2026-08-26T12:30:00+00:00,1.16717,1.16748,1.16555,1.16558,7244
2026-08-26T13:00:00+00:00,1.16558,1.16578,1.16514,1.16573,6097
2026-08-26T13:30:00+00:00,1.16573,1.16588,1.16524,1.16526,5780
2026-08-26T14:00:00+00:00,1.16526,1.16532,1.16425,1.16427,6019
2026-08-26T14:30:00+00:00,1.16427,1.16502,1.1642,1.16451,5021
2026-08-26T15:00:00+00:00,1.16451,1.16524,1.16448,1.16519,4243
2026-08-26T15:30:00+00:00,1.16519,1.16543,1.16476,1.16503,4535
2026-08-26T16:00:00+00:00,1.16503,1.16538,1.16489,1.1651900000000002,2874
2026-08-26T16:30:00+00:00,1.1651900000000002,1.1652900000000002,1.1648500000000002,1.1649,2819
2026-08-26T17:00:00+00:00,1.1649,1.1652600000000002,1.1648,1.1652500000000001,2273
2026-08-26T17:30:00+00:00,1.1652500000000001,1.16538,1.1649900000000002,1.1652200000000001,1632
2026-08-26T18:00:00+00:00,1.1652200000000001,1.1653900000000001,1.16503,1.1651500000000001,1692
2026-08-26T18:30:00+00:00,1.1651500000000001,1.1652200000000001,1.1649800000000001,1.1651,1253
2026-08-26T19:00:00+00:00,1.1651,1.16528,1.1649900000000002,1.16523,1568
2026-08-26T19:30:00+00:00,1.16523,1.16535,1.1650500000000001,1.16531,2166
2026-08-26T20:00:00+00:00,1.16531,1.16534,1.16513,1.16523,1041
2026-08-26T20:30:00+00:00,1.16523,1.16547,1.16514,1.16514,1139
2026-08-26T21:00:00+00:00,1.16514,1.16529,1.16459,1.16519,484
2026-08-26T21:30:00+00:00,1.16519,1.16529,1.16507,1.16523,281
2026-08-26T22:00:00+00:00,1.16523,1.16556,1.16523,1.16552,1192
2026-08-26T22:30:00+00:00,1.16552,1.16552,1.16534,1.16539,527
2026-08-26T23:00:00+00:00,1.16539,1.1656,1.16535,1.16545,905
2026-08-26T23:30:00+00:00,1.16545,1.16561,1.16544,1.16553,582
2026-08-27T00:00:00+00:00,1.16553,1.16578,1.16545,1.16578,2290
2026-08-27T00:30:00+00:00,1.16578,1.16582,1.16539,1.16564,2073
2026-08-27T01:00:00+00:00,1.16564,1.1659099999999998,1.16553,1.16573,2605
2026-08-27T01:30:00+00:00,1.16573,1.1659099999999998,1.1655999999999997,1.1657899999999999,2678
2026-08-27T02:00:00+00:00,1.1657899999999999,1.1659499999999998,1.1654999999999998,1.1654999999999998,1482
2026-08-27T02:30:00+00:00,1.1654999999999998,1.16569,1.16546,1.1655699999999998,1420
2026-08-27T03:00:00+00:00,1.1655699999999998,1.16563,1.1653999999999998,1.16542,1425
2026-08-27T03:30:00+00:00,1.16542,1.16556,1.1653499999999999,1.1654299999999997,1294
2026-08-27T04:00:00+00:00,1.1654299999999997,1.16559,1.1654099999999998,1.16552,1333
2026-08-27T04:30:00+00:00,1.16552,1.16556,1.1654099999999998,1.16556,1041
2026-08-27T05:00:00+00:00,1.16556,1.16573,1.1653999999999998,1.1657199999999999,1341
2026-08-27T05:30:00+00:00,1.1657199999999999,1.1657699999999998,1.1651699999999998,1.1654399999999998,2107
2026-08-27T06:00:00+00:00,1.1654399999999998,1.1655799999999998,1.1652099999999999,1.1654999999999998,2339
2026-08-27T06:30:00+00:00,1.1654999999999998,1.1655299999999997,1.16519,1.1653399999999998,2588
2026-08-27T07:00:00+00:00,1.1653399999999998,1.16563,1.16519,1.1652099999999999,3533
2026-08-27T07:30:00+00:00,1.1652099999999999,1.16556,1.1651699999999998,1.16549,3231
2026-08-27T08:00:00+00:00,1.16549,1.1658,1.1649999999999998,1.1650599999999998,3524
2026-08-27T08:30:00+00:00,1.1650599999999998,1.16522,1.1647699999999999,1.1648299999999998,3384
2026-08-27T09:00:00+00:00,1.1648299999999998,1.16485,1.16434,1.1646599999999998,3291
2026-08-27T09:30:00+00:00,1.1646599999999998,1.1646699999999999,1.1640499999999998,1.1640799999999998,3344
2026-08-27T10:00:00+00:00,1.1640799999999998,1.1648199999999997,1.1639099999999998,1.1645699999999999,3445
2026-08-27T10:30:00+00:00,1.1645699999999999,1.1645999999999999,1.1638499999999998,1.16397,3236
2026-08-27T11:00:00+00:00,1.16397,1.1641599999999999,1.1638,1.16407,2369
2026-08-27T11:30:00+00:00,1.16407,1.1644299999999999,1.16366,1.1641099999999998,4097
2026-08-27T12:00:00+00:00,1.1641099999999998,1.16458,1.1641,1.1643299999999999,4247
2026-08-27T12:30:00+00:00,1.1643299999999999,1.1644199999999998,1.16397,1.1641099999999998,4040
2026-08-27T13:00:00+00:00,1.1641099999999998,1.166,1.164,1.1658499999999998,5402
2026-08-27T13:30:00+00:00,1.1658499999999998,1.1659499999999998,1.16505,1.1653999999999998,6228
2026-08-27T14:00:00+00:00,1.1653999999999998,1.1657899999999999,1.1648199999999997,1.1648999999999998,5728
2026-08-27T14:30:00+00:00,1.1648999999999998,1.16552,1.1644599999999998,1.1644799999999997,6096
2026-08-27T15:00:00+00:00,1.1644799999999997,1.1652699999999998,1.1644499999999998,1.1650699999999998,4395
2026-08-27T15:30:00+00:00,1.1650699999999998,1.1654399999999998,1.1648299999999998,1.1653399999999998,3060
2026-08-27T16:00:00+00:00,1.1653399999999998,1.16537,1.1649399999999999,1.1653099999999998,2398
2026-08-27T16:30:00+00:00,1.1653099999999998,1.1654499999999999,1.16508,1.16522,2279
2026-08-27T17:00:00+00:00,1.16522,1.1653999999999998,1.1649999999999998,1.16508,2088
2026-08-27T17:30:00+00:00,1.16508,1.16512,1.1646899999999998,1.1648999999999998,2578
2026-08-27T18:00:00+00:00,1.1648999999999998,1.1649399999999999,1.1645999999999999,1.1646899999999998,2303
2026-08-27T18:30:00+00:00,1.1646899999999998,1.1650099999999999,1.1646599999999998,1.1648999999999998,1424
2026-08-27T19:00:00+00:00,1.1648999999999998,1.16505,1.16485,1.16488,1767
2026-08-27T19:30:00+00:00,1.16488,1.1650399999999999,1.1647399999999999,1.1649399999999999,1420
2026-08-27T20:00:00+00:00,1.1649399999999999,1.16525,1.1649199999999997,1.16502,685
2026-08-27T20:30:00+00:00,1.16502,1.1652,1.1650099999999999,1.16516,657
2026-08-27T21:00:00+00:00,1.16516,1.16541,1.16468,1.16536,297
2026-08-27T21:30:00+00:00,1.16536,1.16543,1.16488,1.16488,519
2026-08-27T22:00:00+00:00,1.16488,1.16542,1.16488,1.1652,786
2026-08-27T22:30:00+00:00,1.1652,1.16535,1.16519,1.16531,489
2026-08-27T23:00:00+00:00,1.16531,1.16543,1.16525,1.16526,472
2026-08-27T23:30:00+00:00,1.16526,1.16547,1.16521,1.16534,700
2026-08-28T00:00:00+00:00,1.16534,1.16542,1.16505,1.16522,2005
2026-08-28T00:30:00+00:00,1.16522,1.16538,1.16514,1.16531,1696
2026-08-28T01:00:00+00:00,1.16531,1.16544,1.16519,1.16528,1791
2026-08-28T01:30:00+00:00,1.16528,1.16553,1.16494,1.16496,2195
2026-08-28T02:00:00+00:00,1.16496,1.16504,1.16462,1.16476,2045
2026-08-28T02:30:00+00:00,1.16476,1.16506,1.16471,1.16506,1259
2026-08-28T03:00:00+00:00,1.16506,1.16513,1.16492,1.16507,1248
2026-08-28T03:30:00+00:00,1.16507,1.16508,1.16456,1.16464,1012
2026-08-28T04:00:00+00:00,1.16464,1.16466,1.16451,1.16454,1203
2026-08-28T04:30:00+00:00,1.16454,1.16462,1.16448,1.16455,918
2026-08-28T05:00:00+00:00,1.16455,1.16456,1.16433,1.16439,1362
2026-08-28T05:30:00+00:00,1.16439,1.16457,1.16426,1.16443,1520
2026-08-28T06:00:00+00:00,1.16443,1.16478,1.1643,1.16473,2697
2026-08-28T06:30:00+00:00,1.16473,1.16492,1.16443,1.16482,3451
2026-08-28T07:00:00+00:00,1.16482,1.16487,1.16416,1.16421,3316
2026-08-28T07:30:00+00:00,1.16421,1.16481,1.1642,1.16463,2872
2026-08-28T08:00:00+00:00,1.16463,1.16488,1.16441,1.16441,2644
2026-08-28T08:30:00+00:00,1.16441,1.1647,1.16417,1.16443,2547
2026-08-28T09:00:00+00:00,1.16443,1.1645,1.16417,1.16424,2652
2026-08-28T09:30:00+00:00,1.16424,1.16439,1.16395,1.16397,2444
2026-08-28T10:00:00+00:00,1.16397,1.16439,1.16392,1.16439,2828
2026-08-28T10:30:00+00:00,1.16439,1.16492,1.16436,1.1649,2266
2026-08-28T11:00:00+00:00,1.1649,1.16494,1.16453,1.16462,2647
2026-08-28T11:30:00+00:00,1.16462,1.16481,1.16446,1.16451,3006
2026-08-28T12:00:00+00:00,1.16451,1.1646,1.16417,1.16422,2867
2026-08-28T12:30:00+00:00,1.16422,1.16502,1.16393,1.16489,4196
2026-08-28T13:00:00+00:00,1.16489,1.16498,1.16417,1.16431,3782
2026-08-28T13:30:00+00:00,1.16431,1.16471,1.1637,1.16381,4616
2026-08-28T14:00:00+00:00,1.16381,1.16581,1.15945,1.16016,24323
2026-08-28T14:30:00+00:00,1.16016,1.16225,1.16011,1.16174,13534
2026-08-28T15:00:00+00:00,1.16174,1.16205,1.16032,1.16041,8856
2026-08-28T15:30:00+00:00,1.16041,1.16054,1.15962,1.15976,7295
2026-08-28T16:00:00+00:00,1.15976,1.15981,1.15848,1.15857,6505
2026-08-28T16:30:00+00:00,1.15857,1.15898,1.15847,1.15869,5458
2026-08-28T17:00:00+00:00,1.15869,1.1589,1.15828,1.15854,4047
2026-08-28T17:30:00+00:00,1.15854,1.15855,1.15777,1.15807,3112
2026-08-28T18:00:00+00:00,1.15807,1.15846,1.15784,1.15825,3549
2026-08-28T18:30:00+00:00,1.15825,1.1583,1.15777,1.15803,2573
2026-08-28T19:00:00+00:00,1.15803,1.15864,1.15796,1.15859,2499
2026-08-28T19:30:00+00:00,1.15859,1.15876,1.15849,1.15857,2585
2026-08-28T20:00:00+00:00,1.15857,1.15865,1.15833,1.15846,1144
2026-08-28T20:30:00+00:00,1.15846,1.1585,1.15779,1.15781,1426
2026-08-30T21:00:00+00:00,1.15778,1.15778,1.15744,1.1576899999999999,249
2026-08-30T21:30:00+00:00,1.1576899999999999,1.15801,1.15745,1.15762,263
2026-08-30T22:00:00+00:00,1.15762,1.15824,1.15762,1.15818,987
2026-08-30T22:30:00+00:00,1.15818,1.1585,1.15815,1.15841,689
2026-08-30T23:00:00+00:00,1.15841,1.15866,1.15834,1.15854,1020
2026-08-30T23:30:00+00:00,1.15854,1.15893,1.15853,1.15886,1278
2026-08-31T00:00:00+00:00,1.15886,1.15934,1.15855,1.15867,3574
2026-08-31T00:30:00+00:00,1.15867,1.15937,1.15865,1.15923,2951
2026-08-31T01:00:00+00:00,1.15923,1.15927,1.15871,1.15901,4375
2026-08-31T01:30:00+00:00,1.15901,1.15944,1.15901,1.15905,3082
2026-08-31T02:00:00+00:00,1.15905,1.15927,1.1589,1.15924,2841
2026-08-31T02:30:00+00:00,1.15924,1.15926,1.15881,1.15924,2413
2026-08-31T03:00:00+00:00,1.15924,1.15936,1.15915,1.15918,1625
2026-08-31T03:30:00+00:00,1.15918,1.1592,1.15893,1.15913,1381
2026-08-31T04:00:00+00:00,1.15913,1.15927,1.15885,1.15888,1805
2026-08-31T04:30:00+00:00,1.15888,1.15912,1.15885,1.15909,1684
2026-08-31T05:00:00+00:00,1.15909,1.15913,1.15885,1.15912,1833
2026-08-31T05:30:00+00:00,1.15912,1.15912,1.15872,1.15903,2268
2026-08-31T06:00:00+00:00,1.15903,1.15911,1.15865,1.1587399999999999,2687
2026-08-31T06:30:00+00:00,1.1587399999999999,1.15913,1.15846,1.15887,2837
2026-08-31T07:00:00+00:00,1.15887,1.15963,1.15846,1.1594,4509
2026-08-31T07:30:00+00:00,1.1594,1.16032,1.15937,1.16025,4221
2026-08-31T08:00:00+00:00,1.16025,1.16059,1.15963,1.1598,4424
2026-08-31T08:30:00+00:00,1.1598,1.15993,1.15931,1.15941,4083
2026-08-31T09:00:00+00:00,1.15941,1.16009,1.15941,1.15981,2982
2026-08-31T09:30:00+00:00,1.15981,1.15998,1.1595,1.15991,2582
2026-08-31T10:00:00+00:00,1.15991,1.16021,1.15985,1.16016,2694
2026-08-31T10:30:00+00:00,1.16016,1.16019,1.15966,1.15972,2539
2026-08-31T11:00:00+00:00,1.15972,1.16029,1.15957,1.16021,3066
2026-08-31T11:30:00+00:00,1.16021,1.16028,1.15955,1.15963,3324
2026-08-31T12:00:00+00:00,1.15963,1.16,1.1593,1.15966,5015
2026-08-31T12:30:00+00:00,1.15966,1.15967,1.15915,1.15951,5072
2026-08-31T13:00:00+00:00,1.15951,1.16009,1.15936,1.15999,3953
2026-08-31T13:30:00+00:00,1.15999,1.1601,1.15946,1.1599599999999999,5534
2026-08-31T14:00:00+00:00,1.1599599999999999,1.16055,1.15951,1.16025,4714
2026-08-31T14:30:00+00:00,1.16025,1.16181,1.16016,1.1614,8964
2026-08-31T15:00:00+00:00,1.1614,1.16171,1.16122,1.16165,5487
2026-08-31T15:30:00+00:00,1.16165,1.16207,1.16155,1.16164,3845
2026-08-31T16:00:00+00:00,1.16164,1.16177,1.16151,1.16165,2492
2026-08-31T16:30:00+00:00,1.16165,1.16169,1.16137,1.16165,2481
2026-08-31T17:00:00+00:00,1.16165,1.16178,1.16147,1.16155,1842
2026-08-31T17:30:00+00:00,1.16155,1.16174,1.16145,1.16153,1710
2026-08-31T18:00:00+00:00,1.16153,1.16174,1.16145,1.16157,1648
2026-08-31T18:30:00+00:00,1.16157,1.16175,1.16146,1.16155,2093
2026-08-31T19:00:00+00:00,1.16155,1.16178,1.16148,1.16168,1787
2026-08-31T19:30:00+00:00,1.16168,1.16183,1.16145,1.16163,2351
2026-08-31T20:00:00+00:00,1.16163,1.16178,1.16142,1.16147,1551
2026-08-31T20:30:00+00:00,1.16147,1.16174,1.16143,1.1617,947
2026-08-31T21:00:00+00:00,1.1617,1.1617,1.1614,1.16162,145
2026-08-31T21:30:00+00:00,1.16162,1.16182,1.1616,1.16174,303
2026-08-31T22:00:00+00:00,1.16174,1.16193,1.16162,1.16165,502
2026-08-31T22:30:00+00:00,1.16165,1.16168,1.16141,1.16147,502
2026-08-31T23:00:00+00:00,1.16147,1.16153,1.16124,1.16151,823
2026-08-31T23:30:00+00:00,1.16151,1.16182,1.16149,1.16182,994
2026-09-01T00:00:00+00:00,1.16182,1.16242,1.16156,1.16235,3538
2026-09-01T00:30:00+00:00,1.16235,1.16244,1.16175,1.1618,2505
2026-09-01T01:00:00+00:00,1.1618,1.16188,1.16106,1.16111,3326
2026-09-01T01:30:00+00:00,1.16111,1.16131,1.16073,1.161,2276
2026-09-01T02:00:00+00:00,1.161,1.16105,1.1606,1.16101,2164
2026-09-01T02:30:00+00:00,1.16101,1.16101,1.16068,1.161,1707
2026-09-01T03:00:00+00:00,1.161,1.161,1.1605699999999999,1.1607,1822
2026-09-01T03:30:00+00:00,1.1607,1.16079,1.16055,1.16055,1576
2026-09-01T04:00:00+00:00,1.16055,1.16068,1.16033,1.16033,1287
2026-09-01T04:30:00+00:00,1.16033,1.16058,1.16027,1.16058,1282
2026-09-01T05:00:00+00:00,1.16058,1.16093,1.16055,1.16078,1619
2026-09-01T05:30:00+00:00,1.16078,1.16099,1.16071,1.16083,2471
2026-09-01T06:00:00+00:00,1.16083,1.16087,1.16015,1.16019,3034
2026-09-01T06:30:00+00:00,1.16019,1.1605,1.16003,1.1605,3174
2026-09-01T07:00:00+00:00,1.1605,1.16069,1.15976,1.15978,3635
2026-09-01T07:30:00+00:00,1.15978,1.15981,1.15918,1.1595199999999999,3753
2026-09-01T08:00:00+00:00,1.1595199999999999,1.15975,1.15878,1.15918,5099
2026-09-01T08:30:00+00:00,1.15918,1.15945,1.15887,1.1594,4464
2026-09-01T09:00:00+00:00,1.1594,1.1598,1.15925,1.15961,4098
2026-09-01T09:30:00+00:00,1.15961,1.16012,1.1593,1.15931,3433
2026-09-01T10:00:00+00:00,1.15931,1.15957,1.15919,1.15934,3105
2026-09-01T10:30:00+00:00,1.15934,1.15937,1.15899,1.15921,2851
2026-09-01T11:00:00+00:00,1.15921,1.1596,1.15897,1.1595,3518
2026-09-01T11:30:00+00:00,1.1595,1.15958,1.15915,1.15926,3027
2026-09-01T12:00:00+00:00,1.15926,1.15945,1.15881,1.15922,3666
2026-09-01T12:30:00+00:00,1.15922,1.15943,1.15902,1.1593,3539
2026-09-01T13:00:00+00:00,1.1593,1.15933,1.1589099999999999,1.15923,3285
2026-09-01T13:30:00+00:00,1.15923,1.16019,1.15923,1.16008,4980
2026-09-01T14:00:00+00:00,1.16008,1.16081,1.1599,1.16011,6278
2026-09-01T14:30:00+00:00,1.16011,1.16031,1.15945,1.15963,4880
2026-09-01T15:00:00+00:00,1.15963,1.15987,1.15905,1.15938,4674
2026-09-01T15:30:00+00:00,1.15938,1.15939,1.1589,1.15921,3391
2026-09-01T16:00:00+00:00,1.15921,1.15932,1.1584699999999999,1.15872,4440
2026-09-01T16:30:00+00:00,1.15872,1.1590799999999999,1.15852,1.15856,3354
2026-09-01T17:00:00+00:00,1.15856,1.15933,1.15849,1.15933,3013
2026-09-01T17:30:00+00:00,1.15933,1.15955,1.1586,1.1587399999999999,2565
2026-09-01T18:00:00+00:00,1.1587399999999999,1.1590799999999999,1.15871,1.15877,1924
2026-09-01T18:30:00+00:00,1.15877,1.15904,1.15853,1.15902,2554
2026-09-01T19:00:00+00:00,1.15902,1.15929,1.1589,1.15907,2007
2026-09-01T19:30:00+00:00,1.15907,1.15921,1.15881,1.15898,2021
2026-09-01T20:00:00+00:00,1.15898,1.15903,1.15873,1.15897,1052
2026-09-01T20:30:00+00:00,1.15897,1.1593,1.15896,1.15925,1101
2026-09-01T21:00:00+00:00,1.15925,1.15925,1.15868,1.15879,232
2026-09-01T21:30:00+00:00,1.15879,1.15915,1.15879,1.15911,727
2026-09-01T22:00:00+00:00,1.15911,1.1596,1.15911,1.15939,633
2026-09-01T22:30:00+00:00,1.15939,1.15943,1.1592,1.15925,714
2026-09-01T23:00:00+00:00,1.15925,1.1593,1.15919,1.15921,404
2026-09-01T23:30:00+00:00,1.15921,1.15931,1.15903,1.15903,755
2026-09-02T00:00:00+00:00,1.15903,1.15917,1.1586,1.15867,3748
2026-09-02T00:30:00+00:00,1.15867,1.15887,1.15832,1.15832,2658
2026-09-02T01:00:00+00:00,1.15832,1.15843,1.15811,1.15827,2891
2026-09-02T01:30:00+00:00,1.15827,1.15831,1.15768,1.15789,2643
2026-09-02T02:00:00+00:00,1.15789,1.15815,1.1576,1.15802,3390
2026-09-02T02:30:00+00:00,1.15802,1.1582999999999999,1.15791,1.15816,1767
2026-09-02T03:00:00+00:00,1.15816,1.15825,1.15786,1.15787,1679
2026-09-02T03:30:00+00:00,1.15787,1.15799,1.15779,1.15798,1465
2026-09-02T04:00:00+00:00,1.15798,1.15798,1.1574,1.15762,2055
2026-09-02T04:30:00+00:00,1.15762,1.15782,1.15751,1.15757,1809
2026-09-02T05:00:00+00:00,1.15757,1.1579599999999999,1.15736,1.1579599999999999,2644
2026-09-02T05:30:00+00:00,1.1579599999999999,1.15818,1.15783,1.158,2752
2026-09-02T06:00:00+00:00,1.158,1.15849,1.1577,1.15775,4477
2026-09-02T06:30:00+00:00,1.15775,1.15784,1.15673,1.15676,4849
2026-09-02T07:00:00+00:00,1.15676,1.15743,1.15662,1.15734,4566
2026-09-02T07:30:00+00:00,1.15734,1.15789,1.1573,1.15777,3091
2026-09-02T08:00:00+00:00,1.15777,1.15809,1.15774,1.15793,3552
2026-09-02T08:30:00+00:00,1.15793,1.15821,1.15726,1.15733,3682
2026-09-02T09:00:00+00:00,1.15733,1.15778,1.15721,1.15757,3526
2026-09-02T09:30:00+00:00,1.15757,1.15764,1.15706,1.15713,3086
2026-09-02T10:00:00+00:00,1.15713,1.15727,1.15686,1.15694,3164
2026-09-02T10:30:00+00:00,1.15694,1.15727,1.15668,1.15725,2843
2026-09-02T11:00:00+00:00,1.15725,1.15783,1.15709,1.1574,4703
2026-09-02T11:30:00+00:00,1.1574,1.15792,1.15728,1.15772,3928
2026-09-02T12:00:00+00:00,1.15772,1.15853,1.15764,1.15823,7811
2026-09-02T12:30:00+00:00,1.15823,1.15828,1.15756,1.15782,4576
2026-09-02T13:00:00+00:00,1.15782,1.1609099999999999,1.15779,1.15953,9698
2026-09-02T13:30:00+00:00,1.15953,1.16049,1.15883,1.16043,9467
2026-09-02T14:00:00+00:00,1.16043,1.16043,1.15885,1.15914,8870
2026-09-02T14:30:00+00:00,1.15914,1.15951,1.15886,1.15933,7758
2026-09-02T15:00:00+00:00,1.15933,1.1597,1.1589,1.15946,5837
2026-09-02T15:30:00+00:00,1.15946,1.15963,1.15894,1.15919,4057
2026-09-02T16:00:00+00:00,1.15919,1.1594,1.15889,1.1589099999999999,3626
2026-09-02T16:30:00+00:00,1.1589099999999999,1.15917,1.15871,1.15871,2361
2026-09-02T17:00:00+00:00,1.15871,1.1589,1.15834,1.15866,2467
2026-09-02T17:30:00+00:00,1.15866,1.15898,1.15844,1.15866,3259
2026-09-02T18:00:00+00:00,1.15866,1.15896,1.15843,1.15861,3061
2026-09-02T18:30:00+00:00,1.15861,1.15878,1.15846,1.15857,1270
2026-09-02T19:00:00+00:00,1.15857,1.15863,1.15826,1.15845,1675
2026-09-02T19:30:00+00:00,1.15845,1.15876,1.15834,1.15872,1949
2026-09-02T20:00:00+00:00,1.15872,1.159,1.15872,1.15877,1416
2026-09-02T20:30:00+00:00,1.15877,1.15893,1.15871,1.15881,1096
2026-09-02T21:00:00+00:00,1.15881,1.15881,1.15852,1.15867,192
2026-09-02T21:30:00+00:00,1.15867,1.1587,1.15852,1.15859,611
2026-09-02T22:00:00+00:00,1.15859,1.15897,1.15856,1.15865,637
2026-09-02T22:30:00+00:00,1.15865,1.1588,1.15861,1.15868,686
2026-09-02T23:00:00+00:00,1.15868,1.1587399999999999,1.1585,1.15855,659
2026-09-02T23:30:00+00:00,1.15855,1.15855,1.15843,1.1585,931
2026-09-03T00:00:00+00:00,1.1585,1.15899,1.15834,1.15894,2785
2026-09-03T00:30:00+00:00,1.15894,1.1590799999999999,1.15868,1.15894,2671
2026-09-03T01:00:00+00:00,1.15894,1.15915,1.15875,1.15914,2823
2026-09-03T01:30:00+00:00,1.15914,1.15934,1.15849,1.15861,3427
2026-09-03T02:00:00+00:00,1.15861,1.15915,1.15852,1.15896,4110
2026-09-03T02:30:00+00:00,1.15896,1.15948,1.15892,1.1591,3634
2026-09-03T03:00:00+00:00,1.1591,1.15973,1.1591,1.15954,2998
2026-09-03T03:30:00+00:00,1.15954,1.15978,1.15944,1.15966,2107
2026-09-03T04:00:00+00:00,1.15966,1.15975,1.1595,1.15975,1607
2026-09-03T04:30:00+00:00,1.15975,1.16002,1.15945,1.15955,2315
2026-09-03T05:00:00+00:00,1.15955,1.1599,1.15935,1.15975,2419
2026-09-03T05:30:00+00:00,1.15975,1.16004,1.1597,1.16,3365
2026-09-03T06:00:00+00:00,1.16,1.16004,1.15961,1.16003,5576
2026-09-03T06:30:00+00:00,1.16003,1.16082,1.16003,1.16044,6337
2026-09-03T07:00:00+00:00,1.16044,1.16146,1.16035,1.16049,7514
2026-09-03T07:30:00+00:00,1.16049,1.16081,1.16018,1.16039,6729
2026-09-03T08:00:00+00:00,1.16039,1.16085,1.15996,1.16044,6641
2026-09-03T08:30:00+00:00,1.16044,1.16115,1.1602,1.16089,4070
2026-09-03T09:00:00+00:00,1.16089,1.16123,1.1602,1.16034,5425
2026-09-03T09:30:00+00:00,1.16034,1.16064,1.16012,1.16057,4163
2026-09-03T10:00:00+00:00,1.16057,1.1607,1.15999,1.16009,4172
2026-09-03T10:30:00+00:00,1.16009,1.16052,1.15978,1.16039,3646
2026-09-03T11:00:00+00:00,1.16039,1.16142,1.16018,1.161,5630
2026-09-03T11:30:00+00:00,1.161,1.16145,1.16054,1.16125,4216
2026-09-03T12:00:00+00:00,1.16125,1.16169,1.16083,1.16094,5789
2026-09-03T12:30:00+00:00,1.16094,1.16301,1.16094,1.16256,12676
2026-09-03T13:00:00+00:00,1.16256,1.16286,1.162,1.16232,9775
2026-09-03T13:30:00+00:00,1.16232,1.16276,1.16172,1.16268,7791
2026-09-03T14:00:00+00:00,1.16268,1.16275,1.16196,1.1623,7800
2026-09-03T14:30:00+00:00,1.1623,1.1624,1.16133,1.16183,8403
2026-09-03T15:00:00+00:00,1.16183,1.16246,1.16175,1.1624,7547
2026-09-03T15:30:00+00:00,1.1624,1.16275,1.16173,1.16228,4943
2026-09-03T16:00:00+00:00,1.16228,1.16353,1.16212,1.16352,4292
2026-09-03T16:30:00+00:00,1.16352,1.16412,1.16339,1.16367,3552
2026-09-03T17:00:00+00:00,1.16367,1.16385,1.16353,1.1637,2976
2026-09-03T17:30:00+00:00,1.1637,1.1638,1.16326,1.16326,2053
2026-09-03T18:00:00+00:00,1.16326,1.16365,1.16316,1.16351,2418
2026-09-03T18:30:00+00:00,1.16351,1.16353,1.16322,1.16346,2076
2026-09-03T19:00:00+00:00,1.16346,1.16348,1.16255,1.16268,2437
2026-09-03T19:30:00+00:00,1.16268,1.16306,1.16252,1.16286,3030
2026-09-03T20:00:00+00:00,1.16286,1.163,1.16258,1.16268,1138
2026-09-03T20:30:00+00:00,1.16268,1.16276,1.16248,1.16257,1044
2026-09-03T21:00:00+00:00,1.16257,1.16257,1.16217,1.16221,64
2026-09-03T21:30:00+00:00,1.16221,1.1625,1.16221,1.16228,417
2026-09-03T22:00:00+00:00,1.16228,1.16272,1.16228,1.16261,629
2026-09-03T22:30:00+00:00,1.16261,1.16267,1.16226,1.16229,856
2026-09-03T23:00:00+00:00,1.16229,1.16253,1.16227,1.16248,912
2026-09-03T23:30:00+00:00,1.16248,1.16283,1.16247,1.16278,1564
2026-09-04T00:00:00+00:00,1.16278,1.16312,1.1626,1.1626,3957
2026-09-04T00:30:00+00:00,1.1626,1.16312,1.1625,1.16277,3213
2026-09-04T01:00:00+00:00,1.16277,1.16315,1.1627,1.16291,3595
2026-09-04T01:30:00+00:00,1.16291,1.16299,1.16276,1.16299,2894
2026-09-04T02:00:00+00:00,1.16299,1.16331,1.1626,1.16272,2313
2026-09-04T02:30:00+00:00,1.16272,1.16296,1.16267,1.16274,2185
2026-09-04T03:00:00+00:00,1.16274,1.16285,1.16268,1.16271,2136
2026-09-04T03:30:00+00:00,1.16271,1.16271,1.16222,1.16227,2378
2026-09-04T04:00:00+00:00,1.16227,1.16276,1.16226,1.16251,2746
2026-09-04T04:30:00+00:00,1.16251,1.16275,1.16245,1.16265,1493
2026-09-04T05:00:00+00:00,1.16265,1.16276,1.16246,1.16272,1635
2026-09-04T05:30:00+00:00,1.16272,1.16287,1.1625,1.16279,1907
2026-09-04T06:00:00+00:00,1.16279,1.16302,1.16274,1.1629,3282
2026-09-04T06:30:00+00:00,1.1629,1.16299,1.16269,1.16271,3033
2026-09-04T07:00:00+00:00,1.16271,1.16298,1.16256,1.16283,3574
2026-09-04T07:30:00+00:00,1.16283,1.16288,1.1621,1.16225,3420
2026-09-04T08:00:00+00:00,1.16225,1.16233,1.16187,1.1623,2926
2026-09-04T08:30:00+00:00,1.1623,1.16254,1.16211,1.16251,2643
2026-09-04T09:00:00+00:00,1.16251,1.16251,1.16208,1.16217,3062
2026-09-04T09:30:00+00:00,1.16217,1.16224,1.16161,1.16171,3416
2026-09-04T10:00:00+00:00,1.16171,1.16207,1.16167,1.1618,3053
2026-09-04T10:30:00+00:00,1.1618,1.16232,1.1617,1.16207,2796
2026-09-04T11:00:00+00:00,1.16207,1.16236,1.16202,1.16217,2336
2026-09-04T11:30:00+00:00,1.16217,1.16237,1.16194,1.16205,2695
2026-09-04T12:00:00+00:00,1.16205,1.16266,1.16203,1.1626,4489
2026-09-04T12:30:00+00:00,1.1626,1.16262,1.15845,1.16016,22568
2026-09-04T13:00:00+00:00,1.16016,1.16156,1.15963,1.16149,10152
2026-09-04T13:30:00+00:00,1.16149,1.1623,1.16087,1.16102,10086
2026-09-04T14:00:00+00:00,1.16102,1.16175,1.16086,1.16156,8012
2026-09-04T14:30:00+00:00,1.16156,1.16216,1.16134,1.16154,8070
2026-09-04T15:00:00+00:00,1.16154,1.16226,1.16124,1.16195,6218
2026-09-04T15:30:00+00:00,1.16195,1.16231,1.16176,1.16176,4148
2026-09-04T16:00:00+00:00,1.16176,1.16246,1.16175,1.16211,3580
2026-09-04T16:30:00+00:00,1.16211,1.16235,1.16189,1.16206,2310
2026-09-04T17:00:00+00:00,1.16206,1.16206,1.16133,1.16134,3283
2026-09-04T17:30:00+00:00,1.16134,1.1615,1.1612,1.16125,2276
2026-09-04T18:00:00+00:00,1.16125,1.16134,1.16102,1.16114,2151
2026-09-04T18:30:00+00:00,1.16114,1.16124,1.16085,1.16106,2130
2026-09-04T19:00:00+00:00,1.16106,1.16147,1.16101,1.16147,1486
2026-09-04T19:30:00+00:00,1.16147,1.16157,1.16132,1.16146,1473
2026-09-04T20:00:00+00:00,1.16146,1.16153,1.16119,1.16132,806
2026-09-04T20:30:00+00:00,1.16132,1.16142,1.16116,1.1613,795
2026-09-06T21:00:00+00:00,1.16125,1.16125,1.16094,1.16097,45
2026-09-06T21:30:00+00:00,1.16097,1.16099,1.16044,1.16063,426
2026-09-06T22:00:00+00:00,1.16063,1.16134,1.16063,1.16127,629
2026-09-06T22:30:00+00:00,1.16127,1.16135,1.16121,1.16127,296
2026-09-06T23:00:00+00:00,1.16127,1.16154,1.16127,1.16146,544
2026-09-06T23:30:00+00:00,1.16146,1.16159,1.16129,1.1613,1114
2026-09-07T00:00:00+00:00,1.1613,1.16188,1.16125,1.1618,3070
2026-09-07T00:30:00+00:00,1.1618,1.16201,1.16171,1.16184,2462
2026-09-07T01:00:00+00:00,1.16184,1.16186,1.16131,1.16163,3455
2026-09-07T01:30:00+00:00,1.16163,1.16166,1.16131,1.16135,2126
2026-09-07T02:00:00+00:00,1.16135,1.16138,1.16088,1.16109,1831
2026-09-07T02:30:00+00:00,1.16109,1.16118,1.16073,1.16091,1716
2026-09-07T03:00:00+00:00,1.16091,1.1612,1.16083,1.16118,1672
2026-09-07T03:30:00+00:00,1.16118,1.16119,1.16087,1.16115,1571
2026-09-07T04:00:00+00:00,1.16115,1.16118,1.16098,1.161,1566
2026-09-07T04:30:00+00:00,1.161,1.16119,1.16083,1.16113,1766
2026-09-07T05:00:00+00:00,1.16113,1.16118,1.1609,1.16104,1378
2026-09-07T05:30:00+00:00,1.16104,1.16143,1.16093,1.16142,2206
2026-09-07T06:00:00+00:00,1.16142,1.16166,1.16103,1.1616,3468
2026-09-07T06:30:00+00:00,1.1616,1.16193,1.16138,1.16146,2996
2026-09-07T07:00:00+00:00,1.16146,1.16176,1.16113,1.16171,3444
2026-09-07T07:30:00+00:00,1.16171,1.16238,1.16141,1.16235,4277
2026-09-07T08:00:00+00:00,1.16235,1.16358,1.16216,1.16322,8099
2026-09-07T08:30:00+00:00,1.16322,1.16342,1.16209,1.1621,4978
2026-09-07T09:00:00+00:00,1.1621,1.16249,1.16202,1.1624,3490
2026-09-07T09:30:00+00:00,1.1624,1.16259,1.16195,1.16203,2469
2026-09-07T10:00:00+00:00,1.16203,1.16251,1.16197,1.16236,2511
2026-09-07T10:30:00+00:00,1.16236,1.16267,1.16228,1.16244,2466
2026-09-07T11:00:00+00:00,1.16244,1.16256,1.16218,1.16237,2971
2026-09-07T11:30:00+00:00,1.16237,1.16252,1.16219,1.1623,2403
2026-09-07T12:00:00+00:00,1.1623,1.1627,1.16208,1.16269,3155
2026-09-07T12:30:00+00:00,1.16269,1.16283,1.16246,1.16249,3184
2026-09-07T13:00:00+00:00,1.16249,1.16266,1.16239,1.16249,2656
2026-09-07T13:30:00+00:00,1.16249,1.16295,1.1624,1.1629,3008
2026-09-07T14:00:00+00:00,1.1629,1.16329,1.1628,1.16302,3479
2026-09-07T14:30:00+00:00,1.16302,1.16326,1.1627,1.16311,2994
2026-09-07T15:00:00+00:00,1.16311,1.16319,1.16267,1.16303,2445
2026-09-07T15:30:00+00:00,1.16303,1.16311,1.16263,1.16277,1344
2026-09-07T16:00:00+00:00,1.16277,1.16279,1.16258,1.16278,976
2026-09-07T16:30:00+00:00,1.16278,1.16298,1.16274,1.16286,726
2026-09-07T17:00:00+00:00,1.16286,1.16286,1.16251,1.16252,789
2026-09-07T17:30:00+00:00,1.16252,1.16256,1.16244,1.16255,710
2026-09-07T18:00:00+00:00,1.16255,1.16257,1.16235,1.16235,600
2026-09-07T18:30:00+00:00,1.16235,1.16241,1.16227,1.16235,370
2026-09-07T19:00:00+00:00,1.16235,1.16235,1.16223,1.16226,205
2026-09-07T19:30:00+00:00,1.16226,1.16226,1.1621,1.16222,627
2026-09-07T20:00:00+00:00,1.16222,1.16226,1.16214,1.16221,456
2026-09-07T20:30:00+00:00,1.16221,1.1623,1.16219,1.16224,479
2026-09-07T21:00:00+00:00,1.16224,1.16226,1.16199,1.16226,239
2026-09-07T21:30:00+00:00,1.16226,1.1623,1.16221,1.16224,175
2026-09-07T22:00:00+00:00,1.16224,1.16262,1.16224,1.16261,664
2026-09-07T22:30:00+00:00,1.16261,1.16262,1.16241,1.16253,610
2026-09-07T23:00:00+00:00,1.16253,1.163,1.16251,1.16282,1895
2026-09-07T23:30:00+00:00,1.16282,1.16294,1.16263,1.16278,1661
2026-09-08T00:00:00+00:00,1.16278,1.16312,1.1624,1.16273,4894
2026-09-08T00:30:00+00:00,1.16273,1.16291,1.16256,1.16264,2629
2026-09-08T01:00:00+00:00,1.16264,1.16329,1.16257,1.16318,2771
2026-09-08T01:30:00+00:00,1.16318,1.16333,1.16295,1.16333,2596
2026-09-08T02:00:00+00:00,1.16333,1.16347,1.16275,1.16286,3807
2026-09-08T02:30:00+00:00,1.16286,1.16289,1.16235,1.16238,2667
2026-09-08T03:00:00+00:00,1.16238,1.16262,1.16228,1.16253,1454
2026-09-08T03:30:00+00:00,1.16253,1.16273,1.16239,1.16243,1662
2026-09-08T04:00:00+00:00,1.16243,1.16256,1.16223,1.16231,1830
2026-09-08T04:30:00+00:00,1.16231,1.16251,1.1623,1.16248,1499
2026-09-08T05:00:00+00:00,1.16248,1.16264,1.16235,1.16237,1726
2026-09-08T05:30:00+00:00,1.16237,1.16309,1.16233,1.16306,2467
2026-09-08T06:00:00+00:00,1.16306,1.16358,1.16231,1.16245,4647
2026-09-08T06:30:00+00:00,1.16245,1.16257,1.16207,1.16207,3077
2026-09-08T07:00:00+00:00,1.16207,1.16232,1.16132,1.16147,4119
2026-09-08T07:30:00+00:00,1.16147,1.16164,1.16097,1.16127,3732
2026-09-08T08:00:00+00:00,1.16127,1.16163,1.16084,1.16135,5126
2026-09-08T08:30:00+00:00,1.16135,1.16157,1.16096,1.16104,4126
2026-09-08T09:00:00+00:00,1.16104,1.16147,1.1609,1.16115,3628
2026-09-08T09:30:00+00:00,1.16115,1.16163,1.16107,1.1614,4259
2026-09-08T10:00:00+00:00,1.1614,1.16163,1.16105,1.16116,3513
2026-09-08T10:30:00+00:00,1.16116,1.16146,1.16088,1.16124,2274
2026-09-08T11:00:00+00:00,1.16124,1.16159,1.16091,1.16154,3977
2026-09-08T11:30:00+00:00,1.16154,1.16189,1.16078,1.16134,3504
2026-09-08T12:00:00+00:00,1.16134,1.1617,1.16107,1.16164,4176
2026-09-08T12:30:00+00:00,1.16164,1.16202,1.16147,1.16202,5277
2026-09-08T13:00:00+00:00,1.16202,1.16275,1.16198,1.16224,5209
2026-09-08T13:30:00+00:00,1.16224,1.16243,1.16188,1.1622,5111
2026-09-08T14:00:00+00:00,1.1622,1.16274,1.16189,1.16259,5237
2026-09-08T14:30:00+00:00,1.16259,1.16312,1.16258,1.1631,4687
2026-09-08T15:00:00+00:00,1.1631,1.16338,1.16288,1.16294,4286
2026-09-08T15:30:00+00:00,1.16294,1.16309,1.16263,1.16263,3020
2026-09-08T16:00:00+00:00,1.16263,1.16266,1.16208,1.16235,2655
2026-09-08T16:30:00+00:00,1.16235,1.16241,1.16206,1.16235,2697
2026-09-08T17:00:00+00:00,1.16235,1.16273,1.16234,1.16262,1948
2026-09-08T17:30:00+00:00,1.16262,1.16264,1.16238,1.16262,1595
2026-09-08T18:00:00+00:00,1.16262,1.16276,1.16244,1.16276,2126
2026-09-08T18:30:00+00:00,1.16276,1.16305,1.1622,1.16287,4924
2026-09-08T19:00:00+00:00,1.16287,1.16304,1.16247,1.16256,2412
2026-09-08T19:30:00+00:00,1.16256,1.16271,1.16224,1.16231,2288
2026-09-08T20:00:00+00:00,1.16231,1.16253,1.16219,1.16226,933
2026-09-08T20:30:00+00:00,1.16226,1.1624,1.16217,1.1624,801
2026-09-08T21:00:00+00:00,1.1624,1.16242,1.16208,1.16238,120
2026-09-08T21:30:00+00:00,1.16238,1.16263,1.16212,1.16247,888
2026-09-08T22:00:00+00:00,1.16247,1.16274,1.16245,1.16274,621
2026-09-08T22:30:00+00:00,1.16274,1.16276,1.16251,1.16254,463
2026-09-08T23:00:00+00:00,1.16254,1.16269,1.1625,1.16269,642
2026-09-08T23:30:00+00:00,1.16269,1.16289,1.16257,1.16277,965
2026-09-09T00:00:00+00:00,1.16277,1.16317,1.16277,1.16314,2787
2026-09-09T00:30:00+00:00,1.16314,1.16324,1.16295,1.16324,2169
2026-09-09T01:00:00+00:00,1.16324,1.16324,1.16278,1.16287,2462
2026-09-09T01:30:00+00:00,1.16287,1.16314,1.16275,1.16312,1909
2026-09-09T02:00:00+00:00,1.16312,1.16312,1.1631,1.16311,23
